name,force,level,mechanic,equipment,primaryMuscles__-,secondaryMuscles__001,secondaryMuscles__002,secondaryMuscles__003,secondaryMuscles__004,secondaryMuscles__005,secondaryMuscles__006,secondaryMuscles__007,secondaryMuscles__008,secondaryMuscles__009,secondaryMuscles__010,instructions,category
3/4 Sit-Up,pull,beginner,compound,body only,abdominals,None,None,None,None,None,None,None,None,None,None,Lie down on the floor and secure your feet. Your legs should be bent at the knees.,strength
90/90 Hamstring,push,beginner,None,body only,hamstrings,calves,None,None,None,None,None,None,None,None,None,"Lie on your back, with one leg extended straight out.",stretching
Ab Crunch Machine,pull,intermediate,isolation,machine,abdominals,None,None,None,None,None,None,None,None,None,None,Select a light resistance and sit down on the ab machine placing your feet under the pads provided and grabbing the top handles. Your arms should be bent at a 90 degree angle as you rest the triceps on the pads provided. This will be your starting position.,strength
Ab Roller,pull,intermediate,compound,other,abdominals,shoulders,None,None,None,None,None,None,None,None,None,Hold the Ab Roller with both hands and kneel on the floor.,strength
Adductor,static,intermediate,isolation,foam roll,adductors,None,None,None,None,None,None,None,None,None,None,Lie face down with one leg on a foam roll.,stretching
Adductor/Groin,static,intermediate,None,None,adductors,None,None,None,None,None,None,None,None,None,None,Lie on your back with your feet raised towards the ceiling.,stretching
Advanced Kettlebell Windmill,push,intermediate,isolation,kettlebells,abdominals,glutes,hamstrings,shoulders,None,None,None,None,None,None,None,Clean and press a kettlebell overhead with one arm.,strength
Air Bike,pull,beginner,compound,body only,abdominals,None,None,None,None,None,None,None,None,None,None,"Lie flat on the floor with your lower back pressed to the ground. For this exercise, you will need to put your hands beside your head. Be careful however to not strain with the neck as you perform it. Now lift your shoulders into the crunch position.",strength
All Fours Quad Stretch,static,intermediate,None,body only,quadriceps,quadriceps,None,None,None,None,None,None,None,None,None,"Start off on your hands and knees, then lift your leg off the floor and hold the foot with your hand.",stretching
Alternate Hammer Curl,pull,beginner,isolation,dumbbell,biceps,forearms,None,None,None,None,None,None,None,None,None,Stand up with your torso upright and a dumbbell in each hand being held at arms length. The elbows should be close to the torso.,strength
Alternate Heel Touchers,pull,beginner,isolation,body only,abdominals,None,None,None,None,None,None,None,None,None,None,Lie on the floor with the knees bent and the feet on the floor around 18-24 inches apart. Your arms should be extended by your side. This will be your starting position.,strength
Alternate Incline Dumbbell Curl,pull,beginner,isolation,dumbbell,biceps,forearms,None,None,None,None,None,None,None,None,None,Sit down on an incline bench with a dumbbell in each hand being held at arms length. Tip: Keep the elbows close to the torso.This will be your starting position.,strength
Alternate Leg Diagonal Bound,push,beginner,compound,None,quadriceps,abductors,adductors,calves,glutes,hamstrings,None,None,None,None,None,Assume a comfortable stance with one foot slightly in front of the other.,plyometrics
Alternating Cable Shoulder Press,push,beginner,compound,cable,shoulders,triceps,None,None,None,None,None,None,None,None,None,Move the cables to the bottom of the tower and select an appropriate weight.,strength
Alternating Deltoid Raise,push,beginner,isolation,dumbbell,shoulders,None,None,None,None,None,None,None,None,None,None,"In a standing position, hold a pair of dumbbells at your side.",strength
Alternating Floor Press,push,beginner,compound,kettlebells,chest,abdominals,shoulders,triceps,None,None,None,None,None,None,None,Lie on the floor with two kettlebells next to your shoulders.,strength
Alternating Hang Clean,pull,intermediate,compound,kettlebells,hamstrings,biceps,calves,forearms,glutes,lower back,traps,None,None,None,None,"Place two kettlebells between your feet. To get in the starting position, push your butt back and look straight ahead.",strength
Alternating Kettlebell Press,push,intermediate,compound,kettlebells,shoulders,triceps,None,None,None,None,None,None,None,None,None,Clean two kettlebells to your shoulders. Clean the kettlebells to your shoulders by extending through the legs and hips as you pull the kettlebells towards your shoulders. Rotate your wrists as you do so.,strength
Alternating Kettlebell Row,pull,intermediate,isolation,kettlebells,middle back,biceps,lats,None,None,None,None,None,None,None,None,Place two kettlebells in front of your feet. Bend your knees slightly and push your butt out as much as possible. As you bend over to get into the starting position grab both kettlebells by the handles.,strength
Alternating Renegade Row,pull,expert,compound,kettlebells,middle back,abdominals,biceps,chest,lats,triceps,None,None,None,None,None,"Place two kettlebells on the floor about shoulder width apart. Position yourself on your toes and your hands as though you were doing a pushup, with the body straight and extended. Use the handles of the kettlebells to support your upper body. You may need to position your feet wide for support.",strength
Ankle Circles,pull,beginner,isolation,None,calves,None,None,None,None,None,None,None,None,None,None,Use a sturdy object like a squat rack to hold yourself.,stretching
Ankle On The Knee,static,beginner,None,None,glutes,None,None,None,None,None,None,None,None,None,None,"From a lying position, bend your knees and keep your feet on the floor.",stretching
Anterior Tibialis-SMR,static,intermediate,None,other,calves,None,None,None,None,None,None,None,None,None,None,Begin seated on the ground with your legs bent and your feet on the floor.,stretching
Anti-Gravity Press,push,beginner,compound,barbell,shoulders,middle back,traps,triceps,None,None,None,None,None,None,None,Place a bar on the ground behind the head of an incline bench.,strength
Arm Circles,push,beginner,isolation,None,shoulders,traps,None,None,None,None,None,None,None,None,None,Stand up and extend your arms straight out by the sides. The arms should be parallel to the floor and perpendicular (90-degree angle) to your torso. This will be your starting position.,stretching
Arnold Dumbbell Press,push,intermediate,compound,dumbbell,shoulders,triceps,None,None,None,None,None,None,None,None,None,Sit on an exercise bench with back support and hold two dumbbells in front of you at about upper chest level with your palms facing your body and your elbows bent. Tip: Your arms should be next to your torso. The starting position should look like the contracted portion of a dumbbell curl.,strength
Around The Worlds,push,intermediate,compound,dumbbell,chest,shoulders,None,None,None,None,None,None,None,None,None,"Lay down on a flat bench holding a dumbbell in each hand with the palms of the hands facing towards the ceiling. Tip: Your arms should be parallel to the floor and next to your thighs. To avoid injury, make sure that you keep your elbows slightly bent. This will be your starting position.",strength
Atlas Stone Trainer,pull,intermediate,compound,other,lower back,biceps,forearms,glutes,hamstrings,quadriceps,None,None,None,None,None,"This trainer is effective for developing Atlas Stone strength for those who don't have access to stones, and are typically made from bar ends or heavy pipe.",strongman
Atlas Stones,pull,expert,compound,other,lower back,abdominals,adductors,biceps,calves,forearms,glutes,hamstrings,middle back,quadriceps,traps,"Begin with the atlas stone between your feet. Bend at the hips to wrap your arms vertically around the Atlas Stone, attempting to get your fingers underneath the stone. Many stones will have a small flat portion on the bottom, which will make the stone easier to hold.",strongman
Axle Deadlift,pull,intermediate,compound,other,lower back,forearms,glutes,hamstrings,middle back,quadriceps,traps,None,None,None,None,"Approach the bar so that it is centered over your feet. You feet should be about hip width apart. Bend at the hip to grip the bar at shoulder width, allowing your shoulder blades to protract. Typically, you would use an over/under grip.",strongman
Back Flyes - With Bands,pull,beginner,compound,bands,shoulders,middle back,triceps,None,None,None,None,None,None,None,None,Run a band around a stationary post like that of a squat rack.,strength
Backward Drag,pull,beginner,compound,other,quadriceps,calves,forearms,glutes,hamstrings,lower back,None,None,None,None,None,"Load a sled with the desired weight, attaching a rope or straps to the sled that you can hold onto.",strongman
Backward Medicine Ball Throw,push,beginner,compound,medicine ball,shoulders,None,None,None,None,None,None,None,None,None,None,"This exercise is best done with a partner. If you lack a partner, the ball can be thrown and retrieved or thrown against a wall.",plyometrics
Balance Board,None,beginner,compound,other,calves,hamstrings,quadriceps,None,None,None,None,None,None,None,None,Place a balance board in front of you.,strength
Ball Leg Curl,pull,beginner,isolation,exercise ball,hamstrings,calves,glutes,None,None,None,None,None,None,None,None,Begin on the floor laying on your back with your feet on top of the ball.,strength
Band Assisted Pull-Up,None,beginner,compound,other,lats,abdominals,forearms,middle back,None,None,None,None,None,None,None,Choke the band around the center of the pullup bar. You can use different bands to provide varying levels of assistance.,strength
Band Good Morning,pull,beginner,compound,bands,hamstrings,glutes,lower back,None,None,None,None,None,None,None,None,"Using a 41 inch band, stand on one end, spreading your feet a small amount. Bend at the hips to loop the end of the band behind your neck. This will be your starting position.",powerlifting
Band Good Morning (Pull Through),pull,beginner,compound,bands,hamstrings,glutes,lower back,None,None,None,None,None,None,None,None,"Loop the band around a post. Standing a little ways away, loop the opposite end around the neck. Your hands can help hold the band in position.",powerlifting
Band Hip Adductions,pull,beginner,isolation,bands,adductors,None,None,None,None,None,None,None,None,None,None,Anchor a band around a solid post or other object.,strength
Band Pull Apart,pull,beginner,isolation,bands,shoulders,middle back,traps,None,None,None,None,None,None,None,None,"Begin with your arms extended straight out in front of you, holding the band with both hands.",strength
Band Skull Crusher,push,beginner,isolation,bands,triceps,None,None,None,None,None,None,None,None,None,None,Secure a band to the base of a rack or the bench. Lay on the bench so that the band is lined up with your head.,strength
Barbell Ab Rollout,pull,intermediate,compound,barbell,abdominals,lower back,shoulders,None,None,None,None,None,None,None,None,"For this exercise you will need to get into a pushup position, but instead of having your hands of the floor, you will be grabbing on to an Olympic barbell (loaded with 5-10 lbs on each side) instead. This will be your starting position.",strength
Barbell Ab Rollout - On Knees,pull,expert,compound,barbell,abdominals,lower back,shoulders,None,None,None,None,None,None,None,None,Hold an Olympic barbell loaded with 5-10lbs on each side and kneel on the floor.,strength
Barbell Bench Press - Medium Grip,push,beginner,compound,barbell,chest,shoulders,triceps,None,None,None,None,None,None,None,None,"Lie back on a flat bench. Using a medium width grip (a grip that creates a 90-degree angle in the middle of the movement between the forearms and the upper arms), lift the bar from the rack and hold it straight over you with your arms locked. This will be your starting position.",strength
Barbell Curl,pull,beginner,isolation,barbell,biceps,forearms,None,None,None,None,None,None,None,None,None,Stand up with your torso upright while holding a barbell at a shoulder-width grip. The palm of your hands should be facing forward and the elbows should be close to the torso. This will be your starting position.,strength
Barbell Curls Lying Against An Incline,pull,beginner,isolation,barbell,biceps,None,None,None,None,None,None,None,None,None,None,"Lie against an incline bench, with your arms holding a barbell and hanging down in a horizontal line. This will be your starting position.",strength
Barbell Deadlift,pull,intermediate,compound,barbell,lower back,calves,forearms,glutes,hamstrings,lats,middle back,quadriceps,traps,None,None,Stand in front of a loaded barbell.,strength
Barbell Full Squat,push,intermediate,compound,barbell,quadriceps,calves,glutes,hamstrings,lower back,None,None,None,None,None,None,"This exercise is best performed inside a squat rack for safety purposes. To begin, first set the bar on a rack just above shoulder level. Once the correct height is chosen and the bar is loaded, step under the bar and place the back of your shoulders (slightly below the neck) across it.",strength
Barbell Glute Bridge,push,intermediate,compound,barbell,glutes,calves,hamstrings,None,None,None,None,None,None,None,None,"Begin seated on the ground with a loaded barbell over your legs. Using a fat bar or having a pad on the bar can greatly reduce the discomfort caused by this exercise. Roll the bar so that it is directly above your hips, and lay down flat on the floor.",powerlifting
Barbell Guillotine Bench Press,push,intermediate,compound,barbell,chest,shoulders,triceps,None,None,None,None,None,None,None,None,"Using a medium width grip (a grip that creates a 90-degree angle in the middle of the movement between the forearms and the upper arms), lift the bar from the rack and hold it straight over your neck with your arms locked. This will be your starting position.",strength
Barbell Hack Squat,push,intermediate,compound,barbell,quadriceps,calves,forearms,hamstrings,None,None,None,None,None,None,None,Stand up straight while holding a barbell behind you at arms length and your feet at shoulder width. Tip: A shoulder width grip is best with the palms of your hands facing back. You can use wrist wraps for this exercise for a better grip. This will be your starting position.,strength
Barbell Hip Thrust,push,intermediate,compound,barbell,glutes,calves,hamstrings,None,None,None,None,None,None,None,None,Begin seated on the ground with a bench directly behind you. Have a loaded barbell over your legs. Using a fat bar or having a pad on the bar can greatly reduce the discomfort caused by this exercise.,powerlifting
Barbell Incline Bench Press - Medium Grip,push,beginner,compound,barbell,chest,shoulders,triceps,None,None,None,None,None,None,None,None,"Lie back on an incline bench. Using a medium-width grip (a grip that creates a 90-degree angle in the middle of the movement between the forearms and the upper arms), lift the bar from the rack and hold it straight over you with your arms locked. This will be your starting position.",strength
Barbell Incline Shoulder Raise,push,beginner,compound,barbell,shoulders,chest,None,None,None,None,None,None,None,None,None,"Lie back on an Incline Bench. Using a medium width grip (a grip that is slightly wider than shoulder width), lift the bar from the rack and hold it straight over you with your arms straight. This will be your starting position.",strength
Barbell Lunge,push,intermediate,compound,barbell,quadriceps,calves,glutes,hamstrings,None,None,None,None,None,None,None,"This exercise is best performed inside a squat rack for safety purposes. To begin, first set the bar on a rack just below shoulder level. Once the correct height is chosen and the bar is loaded, step under the bar and place the back of your shoulders (slightly below the neck) across it.",strength
Barbell Rear Delt Row,pull,beginner,compound,barbell,shoulders,biceps,lats,middle back,None,None,None,None,None,None,None,Stand up straight while holding a barbell using a wide (higher than shoulder width) and overhand (palms facing your body) grip.,strength
Barbell Rollout from Bench,pull,intermediate,compound,barbell,abdominals,glutes,hamstrings,lats,shoulders,None,None,None,None,None,None,"Place a loaded barbell on the ground, near the end of a bench. Kneel with both legs on the bench, and take a medium to narrow grip on the barbell. This will be your starting position.",strength
Barbell Seated Calf Raise,push,beginner,isolation,barbell,calves,None,None,None,None,None,None,None,None,None,None,Place a block about 12 inches in front of a flat bench.,strength
Barbell Shoulder Press,push,intermediate,compound,barbell,shoulders,chest,triceps,None,None,None,None,None,None,None,None,Sit on a bench with back support in a squat rack. Position a barbell at a height that is just above your head. Grab the barbell with a pronated grip (palms facing forward).,strength
Barbell Shrug,pull,beginner,isolation,barbell,traps,None,None,None,None,None,None,None,None,None,None,Stand up straight with your feet at shoulder width as you hold a barbell with both hands in front of you using a pronated grip (palms facing the thighs). Tip: Your hands should be a little wider than shoulder width apart. You can use wrist wraps for this exercise for a better grip. This will be your starting position.,strength
Barbell Shrug Behind The Back,pull,beginner,isolation,barbell,traps,forearms,middle back,None,None,None,None,None,None,None,None,Stand up straight with your feet at shoulder width as you hold a barbell with both hands behind your back using a pronated grip (palms facing back). Tip: Your hands should be a little wider than shoulder width apart. You can use wrist wraps for this exercise for better grip. This will be your starting position.,strength
Barbell Side Bend,pull,beginner,isolation,barbell,abdominals,lower back,None,None,None,None,None,None,None,None,None,Stand up straight while holding a barbell placed on the back of your shoulders (slightly below the neck). Your feet should be shoulder width apart. This will be your starting position.,strength
Barbell Side Split Squat,push,beginner,compound,barbell,quadriceps,calves,hamstrings,lower back,None,None,None,None,None,None,None,Stand up straight while holding a barbell placed on the back of your shoulders (slightly below the neck). Your feet should be placed wide apart with the foot of the lead leg angled out to the side. This will be your starting position.,strength
Barbell Squat,push,beginner,compound,barbell,quadriceps,calves,glutes,hamstrings,lower back,None,None,None,None,None,None,"This exercise is best performed inside a squat rack for safety purposes. To begin, first set the bar on a rack to just below shoulder level. Once the correct height is chosen and the bar is loaded, step under the bar and place the back of your shoulders (slightly below the neck) across it.",strength
Barbell Squat To A Bench,push,expert,compound,barbell,quadriceps,calves,glutes,hamstrings,lower back,None,None,None,None,None,None,"This exercise is best performed inside a squat rack for safety purposes. To begin, first place a flat bench or a box behind you. The flat bench is used to teach you to set your hips back and to hit depth.",strength
Barbell Step Ups,push,intermediate,compound,barbell,quadriceps,calves,glutes,hamstrings,quadriceps,None,None,None,None,None,None,Stand up straight while holding a barbell placed on the back of your shoulders (slightly below the neck) and stand upright behind an elevated platform (such as the one used for spotting behind a flat bench). This is your starting position.,strength
Barbell Walking Lunge,push,beginner,compound,barbell,quadriceps,calves,glutes,hamstrings,None,None,None,None,None,None,None,Begin standing with your feet shoulder width apart and a barbell across your upper back.,strength
Battling Ropes,push,beginner,compound,other,shoulders,chest,forearms,None,None,None,None,None,None,None,None,"For this exercise you will need a heavy rope anchored at its center 15-20 feet away. Standing in front of the rope, take an end in each hand with your arms extended at your side. This will be your starting position.",strength
Bear Crawl Sled Drags,push,beginner,compound,other,quadriceps,calves,glutes,hamstrings,None,None,None,None,None,None,None,"Wearing either a harness or a loose weight belt, attach the chain to the back so that you will be facing away from the sled. Bend down so that your hands are on the ground. Your back should be flat and knees bent. This is your starting position.",strongman
Behind Head Chest Stretch,static,expert,isolation,other,chest,shoulders,None,None,None,None,None,None,None,None,None,Sit upright on the floor with your partner behind you.,stretching
Bench Dips,push,beginner,compound,body only,triceps,chest,shoulders,None,None,None,None,None,None,None,None,"For this exercise you will need to place a bench behind your back. With the bench perpendicular to your body, and while looking away from it, hold on to the bench on its edge with the hands fully extended, separated at shoulder width. The legs will be extended forward, bent at the waist and perpendicular to your torso. This will be your starting position.",strength
Bench Jump,push,intermediate,compound,body only,quadriceps,calves,glutes,hamstrings,None,None,None,None,None,None,None,Begin with a box or bench 1-2 feet in front of you. Stand with your feet shoulder width apart. This will be your starting position.,plyometrics
Bench Press - Powerlifting,push,intermediate,compound,barbell,triceps,chest,forearms,lats,shoulders,None,None,None,None,None,None,"Begin by lying on the bench, getting your head beyond the bar if possible. Tuck your feet underneath you and arch your back. Using the bar to help support your weight, lift your shoulder off the bench and retract them, squeezing the shoulder blades together. Use your feet to drive your traps into the bench. Maintain this tight body position throughout the movement.",powerlifting
Bench Press - With Bands,push,beginner,compound,bands,chest,shoulders,triceps,None,None,None,None,None,None,None,None,Using a flat bench secure a band under the leg of the bench that is nearest to your head.,strength
Bench Press with Chains,push,expert,compound,barbell,triceps,chest,lats,shoulders,None,None,None,None,None,None,None,"Adjust the leader chain, shortening it to the desired length.Place the chains on the sleeves of the bar.",powerlifting
Bench Sprint,push,beginner,compound,other,quadriceps,calves,glutes,hamstrings,None,None,None,None,None,None,None,Stand on the ground with one foot resting on a bench or box with your heel close to the edge.,plyometrics
Bent-Arm Barbell Pullover,pull,intermediate,compound,barbell,lats,chest,lats,shoulders,triceps,None,None,None,None,None,None,Lie on a flat bench with a barbell using a shoulder grip width.,strength
Bent-Arm Dumbbell Pullover,push,intermediate,compound,dumbbell,chest,lats,shoulders,triceps,None,None,None,None,None,None,None,Place a dumbbell standing up on a flat bench.,strength
Bent-Knee Hip Raise,pull,beginner,compound,body only,abdominals,None,None,None,None,None,None,None,None,None,None,Lay flat on the floor with your arms next to your sides.,strength
Bent Over Barbell Row,pull,beginner,compound,barbell,middle back,biceps,lats,shoulders,None,None,None,None,None,None,None,"Holding a barbell with a pronated grip (palms facing down), bend your knees slightly and bring your torso forward, by bending at the waist, while keeping the back straight until it is almost parallel to the floor. Tip: Make sure that you keep the head up. The barbell should hang directly in front of you as your arms hang perpendicular to the floor and your torso. This is your starting position.",strength
Bent Over Dumbbell Rear Delt Raise With Head On Bench,pull,beginner,isolation,dumbbell,shoulders,None,None,None,None,None,None,None,None,None,None,Stand up straight while holding a dumbbell in each hand and with an incline bench in front of you.,strength
Bent Over Low-Pulley Side Lateral,pull,beginner,isolation,cable,shoulders,lower back,middle back,traps,None,None,None,None,None,None,None,Select a weight and hold the handle of the low pulley with your right hand.,strength
Bent Over One-Arm Long Bar Row,pull,beginner,compound,barbell,middle back,biceps,lats,lower back,traps,None,None,None,None,None,None,Put weight on one of the ends of an Olympic barbell. Make sure that you either place the other end of the barbell in the corner of two walls; or put a heavy object on the ground so the barbell cannot slide backward.,strength
Bent Over Two-Arm Long Bar Row,pull,intermediate,compound,barbell,middle back,biceps,lats,None,None,None,None,None,None,None,None,Put weight on one of the ends of an Olympic barbell. Make sure that you either place the other end of the barbell in the corner of two walls; or put a heavy object on the ground so the barbell cannot slide backward.,strength
Bent Over Two-Dumbbell Row,pull,beginner,compound,dumbbell,middle back,biceps,lats,shoulders,None,None,None,None,None,None,None,"With a dumbbell in each hand (palms facing your torso), bend your knees slightly and bring your torso forward by bending at the waist; as you bend make sure to keep your back straight until it is almost parallel to the floor. Tip: Make sure that you keep the head up. The weights should hang directly in front of you as your arms hang perpendicular to the floor and your torso. This is your starting position.",strength
Bent Over Two-Dumbbell Row With Palms In,pull,beginner,compound,dumbbell,middle back,biceps,lats,None,None,None,None,None,None,None,None,"With a dumbbell in each hand (palms facing each other), bend your knees slightly and bring your torso forward, by bending at the waist, while keeping the back straight until it is almost parallel to the floor. Tip: Make sure that you keep the head up. The weights should hang directly in front of you as your arms hang perpendicular to the floor and your torso. This is your starting position.",strength
Bent Press,pull,expert,compound,kettlebells,abdominals,glutes,hamstrings,lower back,quadriceps,shoulders,triceps,None,None,None,None,Clean a kettlebell to your shoulder. Clean the kettlebell to your shoulders by extending through the legs and hips as you raise the kettlebell towards your shoulder. The wrist should rotate as you do so. This will be your starting position.,strength
Bicycling,None,beginner,None,other,quadriceps,calves,glutes,hamstrings,None,None,None,None,None,None,None,None,cardio
"Bicycling, Stationary",None,beginner,None,machine,quadriceps,calves,glutes,hamstrings,None,None,None,None,None,None,None,"To begin, seat yourself on the bike and adjust the seat to your height.",cardio
Board Press,push,intermediate,compound,barbell,triceps,chest,forearms,lats,shoulders,None,None,None,None,None,None,"Begin by lying on the bench, getting your head beyond the bar if possible. One to five boards, made out of 2x6's, can be screwed together and held in place by a training partner, bands, or just tucked under your shirt.",powerlifting
Body-Up,push,intermediate,isolation,body only,triceps,abdominals,forearms,None,None,None,None,None,None,None,None,"Assume a plank position on the ground. You should be supporting your bodyweight on your toes and forearms, keeping your torso straight. Your forearms should be shoulder-width apart. This will be your starting position.",strength
Body Tricep Press,push,beginner,isolation,body only,triceps,None,None,None,None,None,None,None,None,None,None,Position a bar in a rack at chest height.,strength
Bodyweight Flyes,push,intermediate,isolation,e-z curl bar,chest,abdominals,shoulders,triceps,None,None,None,None,None,None,None,Position two equally loaded EZ bars on the ground next to each other. Ensure they are able to roll.,strength
Bodyweight Mid Row,pull,intermediate,compound,other,middle back,biceps,lats,None,None,None,None,None,None,None,None,"Begin by taking a medium to wide grip on a pull-up apparatus with your palms facing away from you. From a hanging position, tuck your knees to your chest, leaning back and getting your legs over your side of the pull-up apparatus. This will be your starting position.",strength
Bodyweight Squat,push,beginner,compound,body only,quadriceps,glutes,hamstrings,None,None,None,None,None,None,None,None,Stand with your feet shoulder width apart. You can place your hands behind your head. This will be your starting position.,strength
Bodyweight Walking Lunge,push,beginner,compound,None,quadriceps,calves,glutes,hamstrings,None,None,None,None,None,None,None,Begin standing with your feet shoulder width apart and your hands on your hips.,strength
Bosu Ball Cable Crunch With Side Bends,pull,beginner,isolation,cable,abdominals,None,None,None,None,None,None,None,None,None,None,"Connect a standard handle to each arm of a cable machine, and position them in the most downward position.",strength
Bottoms-Up Clean From The Hang Position,pull,intermediate,compound,kettlebells,forearms,biceps,shoulders,None,None,None,None,None,None,None,None,Initiate the exercise by standing upright with a kettlebell in one hand.,strength
Bottoms Up,pull,beginner,compound,body only,abdominals,None,None,None,None,None,None,None,None,None,None,Begin by lying on your back on the ground. Your legs should be straight and your arms at your side. This will be your starting position.,strength
Box Jump (Multiple Response),push,beginner,compound,other,hamstrings,abductors,adductors,calves,glutes,quadriceps,None,None,None,None,None,Assume a relaxed stance facing the box or platform approximately an arm's length away. Arms should be down at the sides and legs slightly bent.,plyometrics
Box Skip,push,beginner,compound,other,hamstrings,abductors,adductors,calves,glutes,quadriceps,None,None,None,None,None,You will need several boxes lined up about 8 feet apart.,plyometrics
Box Squat,push,intermediate,compound,barbell,quadriceps,adductors,calves,glutes,hamstrings,lower back,None,None,None,None,None,"The box squat allows you to squat to desired depth and develop explosive strength in the squat movement. Begin in a power rack with a box at the appropriate height behind you. Typically, you would aim for a box height that brings you to a parallel squat, but you can train higher or lower if desired.",powerlifting
Box Squat with Bands,push,expert,compound,barbell,quadriceps,abductors,adductors,calves,glutes,hamstrings,lower back,None,None,None,None,"Begin in a power rack with a box at the appropriate height behind you. Set up the bands on the sleeves, secured to either band pegs, the rack, or dumbbells so that there is appropriate tension. If dumbbells are used, secure them so that they don't move. Also, ensure that the dumbbells you are using are heavy enough for the bands that you are using. Additional plates can be used to hold the dumbbells down. If more tension is needed, you can either widen the base on the floor or choke the bands. Typically, you would aim for a box height that brings you to a parallel squat, but you can train higher or lower if desired.",powerlifting
Box Squat with Chains,push,expert,compound,barbell,quadriceps,abductors,adductors,calves,glutes,hamstrings,lower back,None,None,None,None,"Begin in a power rack with a box at the appropriate height behind you. Typically, you would aim for a box height that brings you to a parallel squat, but you can train higher or lower if desired.",strength
Brachialis-SMR,static,intermediate,None,foam roll,biceps,None,None,None,None,None,None,None,None,None,None,"Lie on your side, with your upper arm against the foam roller. The upper arm should be more or less aligned with your body, with the outside of the bicep pressed against the foam roller.",stretching
Bradford/Rocky Presses,push,beginner,compound,barbell,shoulders,triceps,None,None,None,None,None,None,None,None,None,Sit on a Military Press Bench with a bar at shoulder level with a pronated grip (palms facing forward). Tip: Your grip should be wider than shoulder width and it should create a 90-degree angle between the forearm and the upper arm as the barbell goes down. This is your starting position.,strength
Butt-Ups,pull,beginner,compound,body only,abdominals,None,None,None,None,None,None,None,None,None,None,Begin a pushup position but with your elbows on the ground and resting on your forearms. Your arms should be bent at a 90 degree angle.,strength
Butt Lift (Bridge),push,beginner,isolation,body only,glutes,hamstrings,None,None,None,None,None,None,None,None,None,Lie flat on the floor on your back with the hands by your side and your knees bent. Your feet should be placed around shoulder width. This will be your starting position.,strength
Butterfly,pull,beginner,isolation,machine,chest,None,None,None,None,None,None,None,None,None,None,Sit on the machine with your back flat on the pad.,strength
Cable Chest Press,push,beginner,compound,cable,chest,shoulders,triceps,None,None,None,None,None,None,None,None,"Adjust the weight to an appropriate amount and be seated, grasping the handles. Your upper arms should be about 45 degrees to the body, with your head and chest up. The elbows should be bent to about 90 degrees. This will be your starting position.",strength
Cable Crossover,push,beginner,isolation,cable,chest,shoulders,None,None,None,None,None,None,None,None,None,"To get yourself into the starting position, place the pulleys on a high position (above your head), select the resistance to be used and hold the pulleys in each hand.",strength
Cable Crunch,pull,beginner,isolation,cable,abdominals,None,None,None,None,None,None,None,None,None,None,Kneel below a high pulley that contains a rope attachment.,strength
Cable Deadlifts,pull,beginner,compound,cable,quadriceps,forearms,glutes,hamstrings,lower back,None,None,None,None,None,None,Move the cables to the bottom of the towers and select an appropriate weight. Stand directly in between the uprights.,strength
Cable Hammer Curls - Rope Attachment,pull,beginner,isolation,cable,biceps,None,None,None,None,None,None,None,None,None,None,Attach a rope attachment to a low pulley and stand facing the machine about 12 inches away from it.,strength
Cable Hip Adduction,pull,beginner,isolation,cable,quadriceps,None,None,None,None,None,None,None,None,None,None,Stand in front of a low pulley facing forward with one leg next to the pulley and the other one away.,strength
Cable Incline Pushdown,pull,beginner,isolation,cable,lats,None,None,None,None,None,None,None,None,None,None,Lie on incline an bench facing away from a high pulley machine that has a straight bar attachment on it.,strength
Cable Incline Triceps Extension,push,beginner,isolation,cable,triceps,None,None,None,None,None,None,None,None,None,None,Lie on incline an bench facing away from a high pulley machine that has a straight bar attachment on it.,strength
Cable Internal Rotation,pull,beginner,compound,cable,shoulders,None,None,None,None,None,None,None,None,None,None,"Sit next to a low pulley sideways (with legs stretched in front of you or crossed) and grasp the single hand cable attachment with the arm nearest to the cable. Tip: If you can adjust the pulley's height, you can use a flat bench to sit on instead.",strength
Cable Iron Cross,push,beginner,isolation,cable,chest,None,None,None,None,None,None,None,None,None,None,"Begin by moving the pulleys to the high position, select the resistance to be used, and take a handle in each hand.",strength
Cable Judo Flip,pull,beginner,compound,cable,abdominals,None,None,None,None,None,None,None,None,None,None,"Connect a rope attachment to a tower, and move the cable to the lowest pulley position. Stand with your side to the cable with a wide stance, and grab the rope with both hands.",strength
Cable Lying Triceps Extension,push,beginner,isolation,cable,triceps,None,None,None,None,None,None,None,None,None,None,Lie on a flat bench and grasp the straight bar attachment of a low pulley with a narrow overhand grip. Tip: The easiest way to do this is to have someone hand you the bar as you lay down.,strength
Cable One Arm Tricep Extension,push,beginner,isolation,cable,triceps,None,None,None,None,None,None,None,None,None,None,"With your right hand, grasp a single handle attached to the high-cable pulley using a supinated (underhand; palms facing up) grip. You should be standing directly in front of the weight stack.",strength
Cable Preacher Curl,pull,beginner,isolation,cable,biceps,forearms,None,None,None,None,None,None,None,None,None,Place a preacher bench about 2 feet in front of a pulley machine.,strength
Cable Rear Delt Fly,pull,beginner,isolation,cable,shoulders,None,None,None,None,None,None,None,None,None,None,Adjust the pulleys to the appropriate height and adjust the weight. The pulleys should be above your head.,strength
Cable Reverse Crunch,pull,beginner,isolation,cable,abdominals,None,None,None,None,None,None,None,None,None,None,Connect an ankle strap attachment to a low pulley cable and position a mat on the floor in front of it.,strength
Cable Rope Overhead Triceps Extension,push,beginner,isolation,cable,triceps,None,None,None,None,None,None,None,None,None,None,Attach a rope to the bottom pulley of the pulley machine.,strength
Cable Rope Rear-Delt Rows,pull,beginner,compound,cable,shoulders,biceps,middle back,None,None,None,None,None,None,None,None,Sit in the same position on a low pulley row station as you would if you were doing seated cable rows for the back.,strength
Cable Russian Twists,pull,beginner,compound,cable,abdominals,None,None,None,None,None,None,None,None,None,None,"Connect a standard handle attachment, and position the cable to a middle pulley position.",strength
Cable Seated Crunch,pull,beginner,isolation,cable,abdominals,None,None,None,None,None,None,None,None,None,None,Seat on a flat bench with your back facing a high pulley.,strength
Cable Seated Lateral Raise,pull,beginner,isolation,cable,shoulders,middle back,traps,None,None,None,None,None,None,None,None,Stand in the middle of two low pulleys that are opposite to each other and place a flat bench right behind you (in perpendicular fashion to you; the narrow edge of the bench should be the one behind you). Select the weight to be used on each pulley.,strength
Cable Shoulder Press,push,beginner,compound,cable,shoulders,triceps,None,None,None,None,None,None,None,None,None,Move the cables to the bottom of the towers and select an appropriate weight.,strength
Cable Shrugs,pull,beginner,isolation,cable,traps,None,None,None,None,None,None,None,None,None,None,Grasp a cable bar attachment that is attached to a low pulley with a shoulder width or slightly wider overhand (palms facing down) grip.,strength
Cable Wrist Curl,pull,beginner,isolation,cable,forearms,None,None,None,None,None,None,None,None,None,None,Start out by placing a flat bench in front of a low pulley cable that has a straight bar attachment.,strength
Calf-Machine Shoulder Shrug,pull,beginner,isolation,machine,traps,None,None,None,None,None,None,None,None,None,None,Position yourself on the calf machine so that the shoulder pads are above your shoulders. Your torso should be straight with the arms extended normally by your side. This will be your starting position.,strength
Calf Press,push,beginner,isolation,machine,calves,None,None,None,None,None,None,None,None,None,None,Adjust the seat so that your legs are only slightly bent in the start position. The balls of your feet should be firmly on the platform.,strength
Calf Press On The Leg Press Machine,push,beginner,isolation,machine,calves,None,None,None,None,None,None,None,None,None,None,"Using a leg press machine, sit down on the machine and place your legs on the platform directly in front of you at a medium (shoulder width) foot stance.",strength
Calf Raise On A Dumbbell,push,intermediate,isolation,dumbbell,calves,None,None,None,None,None,None,None,None,None,None,"Hang on to a sturdy object for balance and stand on a dumbbell handle, preferably one with round plates so that it rolls as in this manner you have to work harder to stabilize yourself; thus increasing the effectiveness of the exercise.",strength
Calf Raises - With Bands,push,beginner,isolation,bands,calves,None,None,None,None,None,None,None,None,None,None,Grab an exercise band and stand on it with your toes making sure that the length of the band between the foot and the arms is the same for both sides.,strength
Calf Stretch Elbows Against Wall,static,beginner,isolation,None,calves,None,None,None,None,None,None,None,None,None,None,Stand facing a wall from a couple feet away.,stretching
Calf Stretch Hands Against Wall,static,beginner,isolation,None,calves,None,None,None,None,None,None,None,None,None,None,"Stand facing a wall from several feet away. Stagger your stance, placing one foot forward.",stretching
Calves-SMR,static,intermediate,None,foam roll,calves,None,None,None,None,None,None,None,None,None,None,"Begin seated on the floor. Place a foam roller underneath your lower leg. Your other leg can either be crossed over the opposite or be placed on the floor, supporting some of your weight. This will be your starting position.",stretching
Car Deadlift,pull,intermediate,compound,other,quadriceps,forearms,glutes,hamstrings,lower back,traps,None,None,None,None,None,"This event apparatus typically has neutral grip handles, however some have a straight bar that you can approach like a normal deadlift. The apparatus can be loaded with a vehicle or other heavy objects such as tractor tires or kegs.",strongman
Car Drivers,push,beginner,isolation,barbell,shoulders,forearms,None,None,None,None,None,None,None,None,None,"While standing upright, hold a barbell plate in both hands at the 3 and 9 o'clock positions. Your palms should be facing each other and your arms should be extended straight out in front of you. This will be your starting position.",strength
Carioca Quick Step,None,beginner,None,None,adductors,abdominals,abductors,calves,glutes,hamstrings,quadriceps,None,None,None,None,"Begin with your feet a few inches apart and your left arm up in a relaxed, athletic position.",plyometrics
Cat Stretch,static,beginner,None,None,lower back,middle back,traps,None,None,None,None,None,None,None,None,Position yourself on the floor on your hands and knees.,stretching
Catch and Overhead Throw,push,beginner,compound,medicine ball,lats,abdominals,chest,shoulders,None,None,None,None,None,None,None,Begin standing while facing a wall or a partner.,plyometrics
Chain Handle Extension,push,intermediate,isolation,other,triceps,None,None,None,None,None,None,None,None,None,None,"You will need two cable handle attachments and a flat bench, as well as chains, for this exercise. Clip the middle of the chains to the handles, and position yourself on the flat bench. Your elbows should be pointing straight up.",powerlifting
Chain Press,push,intermediate,compound,other,chest,shoulders,triceps,None,None,None,None,None,None,None,None,Begin by connecting the chains to the cable handle attachments. Position yourself on the flat bench in the same position as for a dumbbell press. Your wrists should be pronated and arms perpendicular to the floor. This will be your starting position.,powerlifting
Chair Leg Extended Stretch,static,beginner,isolation,other,hamstrings,adductors,None,None,None,None,None,None,None,None,None,Sit upright in a chair and grip the seat on the sides.,stretching
Chair Lower Back Stretch,static,beginner,isolation,None,lats,lower back,None,None,None,None,None,None,None,None,None,Sit upright on a chair.,stretching
Chair Squat,push,beginner,compound,machine,quadriceps,calves,glutes,hamstrings,None,None,None,None,None,None,None,"To begin, first set the bar to a position that best matches your height. Once the bar is loaded, step under it and position it across the back of your shoulders.",strength
Chair Upper Body Stretch,static,beginner,None,other,shoulders,biceps,chest,None,None,None,None,None,None,None,None,"Sit on the edge of a chair, gripping the back of it.",stretching
Chest And Front Of Shoulder Stretch,static,beginner,isolation,other,chest,shoulders,None,None,None,None,None,None,None,None,None,"Start off by standing with your legs together, holding a bodybar or a broomstick.",stretching
Chest Push from 3 point stance,push,beginner,compound,medicine ball,chest,abdominals,shoulders,triceps,None,None,None,None,None,None,None,"Begin in a three point stance, squatted down with your back flat and one hand on the ground. Place the medicine ball directly in front of you.",plyometrics
Chest Push (multiple response),push,beginner,compound,medicine ball,chest,abdominals,shoulders,triceps,None,None,None,None,None,None,None,Begin in a kneeling position facing a wall or utilize a partner. Hold the ball with both hands tight into the chest.,plyometrics
Chest Push (single response),push,beginner,compound,medicine ball,chest,abdominals,shoulders,triceps,None,None,None,None,None,None,None,Begin in a kneeling position holding the medicine ball with both hands tightly into the chest.,plyometrics
Chest Push with Run Release,push,beginner,compound,medicine ball,chest,abdominals,shoulders,triceps,None,None,None,None,None,None,None,"Begin in an athletic stance with the knees bent, hips back, and back flat. Hold the medicine ball near your legs. This will be your starting position.",plyometrics
Chest Stretch on Stability Ball,static,beginner,isolation,exercise ball,chest,None,None,None,None,None,None,None,None,None,None,Get on your hands and knees next to an exercise ball.,stretching
Child's Pose,static,beginner,None,None,lower back,glutes,middle back,None,None,None,None,None,None,None,None,"Get on your hands and knees, walk your hands in front of you.",stretching
Chin-Up,pull,beginner,compound,body only,lats,biceps,forearms,middle back,None,None,None,None,None,None,None,Grab the pull-up bar with the palms facing your torso and a grip closer than the shoulder width.,strength
Chin To Chest Stretch,static,beginner,None,None,neck,traps,None,None,None,None,None,None,None,None,None,Get into a seated position on the floor.,stretching
Circus Bell,push,expert,compound,other,shoulders,forearms,glutes,hamstrings,lower back,traps,triceps,None,None,None,None,"The circus bell is an oversized dumbbell with a thick handle. Begin with the dumbbell between your feet, and grip the handle with both hands.",strongman
Clean,pull,intermediate,compound,barbell,hamstrings,calves,forearms,glutes,lower back,quadriceps,shoulders,traps,None,None,None,"With a barbell on the floor close to the shins, take an overhand (or hook) grip just outside the legs. Lower your hips with the weight focused on the heels, back straight, head facing forward, chest up, with your shoulders just in front of the bar. This will be your starting position.",olympic weightlifting
Clean Deadlift,pull,beginner,compound,barbell,hamstrings,forearms,glutes,lower back,middle back,quadriceps,traps,None,None,None,None,"Begin standing with a barbell close to your shins. Your feet should be directly under your hips with your feet turned out slightly. Grip the bar with a double overhand grip or hook grip, about shoulder width apart. Squat down to the bar. Your spine should be in full extension, with a back angle that places your shoulders in front of the bar and your back as vertical as possible.",olympic weightlifting
Clean Pull,pull,intermediate,compound,barbell,quadriceps,forearms,glutes,hamstrings,lower back,traps,None,None,None,None,None,"With a barbell on the floor close to the shins, take an overhand or hook grip just outside the legs. Lower your hips with the weight focused on the heels, back straight, head facing forward, chest up, with your shoulders just in front of the bar. This will be your starting position.",olympic weightlifting
Clean Shrug,pull,beginner,compound,barbell,traps,forearms,shoulders,None,None,None,None,None,None,None,None,"Begin with a shoulder width, double overhand or hook grip, with the bar hanging at the mid thigh position. Your back should be straight and inclined slightly forward.",olympic weightlifting
Clean and Jerk,push,expert,compound,barbell,shoulders,abdominals,glutes,hamstrings,lower back,quadriceps,traps,triceps,None,None,None,"With a barbell on the floor close to the shins, take an overhand or hook grip just outside the legs. Lower your hips with the weight focused on the heels, back straight, head facing forward, chest up, with your shoulders just in front of the bar. This will be your starting position.",olympic weightlifting
Clean and Press,push,intermediate,compound,barbell,shoulders,abdominals,calves,glutes,hamstrings,lower back,middle back,quadriceps,shoulders,traps,triceps,"Assume a shoulder-width stance, with knees inside the arms. Now while keeping the back flat, bend at the knees and hips so that you can grab the bar with the arms fully extended and a pronated grip that is slightly wider than shoulder width. Point the elbows out to sides. The bar should be close to the shins. Position the shoulders over or slightly ahead of the bar. Establish a flat back posture. This will be your starting position.",strength
Clean from Blocks,pull,intermediate,compound,barbell,quadriceps,calves,glutes,hamstrings,shoulders,traps,None,None,None,None,None,"With a barbell on boxes or stands of the desired height, take an overhand or hook grip just outside the legs. Lower your hips with the weight focused on the heels, back straight, head facing forward, chest up, with your shoulders just in front of the bar. This will be your starting position.",olympic weightlifting
Clock Push-Up,push,intermediate,compound,body only,chest,shoulders,triceps,None,None,None,None,None,None,None,None,"Move into a prone position on the floor, supporting your weight on your hands and toes.",strength
Close-Grip Barbell Bench Press,push,beginner,compound,barbell,triceps,chest,shoulders,None,None,None,None,None,None,None,None,"Lie back on a flat bench. Using a close grip (around shoulder width), lift the bar from the rack and hold it straight over you with your arms locked. This will be your starting position.",strength
Close-Grip Dumbbell Press,push,beginner,compound,dumbbell,triceps,chest,shoulders,None,None,None,None,None,None,None,None,Place a dumbbell standing up on a flat bench.,strength
Close-Grip EZ-Bar Curl with Band,pull,beginner,isolation,e-z curl bar,biceps,forearms,None,None,None,None,None,None,None,None,None,"Attach a band to each end of the bar. Take the bar, placing a foot on the middle of the band. Stand upright with a narrow, supinated grip on the EZ bar. The elbows should be close to the torso. This will be your starting position.",strength
Close-Grip EZ-Bar Press,push,beginner,compound,e-z curl bar,triceps,chest,shoulders,None,None,None,None,None,None,None,None,Lie on a flat bench with an EZ bar loaded to an appropriate weight.,strength
Close-Grip EZ Bar Curl,pull,beginner,isolation,barbell,biceps,forearms,None,None,None,None,None,None,None,None,None,Stand up with your torso upright while holding an E-Z Curl Bar at the closer inner handle. The palm of your hands should be facing forward and they should be slightly tilted inwards due to the shape of the bar. The elbows should be close to the torso. This will be your starting position.,strength
Close-Grip Front Lat Pulldown,pull,beginner,compound,cable,lats,biceps,middle back,shoulders,None,None,None,None,None,None,None,Sit down on a pull-down machine with a wide bar attached to the top pulley. Make sure that you adjust the knee pad of the machine to fit your height. These pads will prevent your body from being raised by the resistance attached to the bar.,strength
Close-Grip Push-Up off of a Dumbbell,push,intermediate,compound,body only,triceps,abdominals,chest,shoulders,None,None,None,None,None,None,None,"Lie on the floor and place your hands on an upright dumbbell. Supporting your weight on your toes and hands, keep your torso rigid and your elbows in with your arms straight. This will be your starting position.",strength
Close-Grip Standing Barbell Curl,pull,beginner,isolation,barbell,biceps,forearms,None,None,None,None,None,None,None,None,None,"Hold a barbell with both hands, palms up and a few inches apart.",strength
Cocoons,pull,beginner,compound,body only,abdominals,None,None,None,None,None,None,None,None,None,None,Begin by lying on your back on the ground. Your legs should be straight and your arms extended behind your head. This will be your starting position.,strength
Conan's Wheel,None,intermediate,compound,other,quadriceps,abdominals,biceps,calves,forearms,lower back,shoulders,traps,None,None,None,"With the weight loaded, take a zurcher hold on the end of the implement. Place the bar in the crook of the elbow and hold onto your wrist. Try to keep the weight off of the forearms.",strongman
Concentration Curls,pull,beginner,isolation,dumbbell,biceps,forearms,None,None,None,None,None,None,None,None,None,Sit down on a flat bench with one dumbbell in front of you between your legs. Your legs should be spread with your knees bent and feet on the floor.,strength
Cross-Body Crunch,pull,beginner,compound,body only,abdominals,None,None,None,None,None,None,None,None,None,None,Lie flat on your back and bend your knees about 60 degrees.,strength
Cross Body Hammer Curl,pull,beginner,isolation,dumbbell,biceps,forearms,None,None,None,None,None,None,None,None,None,Stand up straight with a dumbbell in each hand. Your hands should be down at your side with your palms facing in.,strength
Cross Over - With Bands,push,beginner,compound,bands,chest,biceps,shoulders,None,None,None,None,None,None,None,None,Secure an exercise band around a stationary post.,strength
Crossover Reverse Lunge,pull,intermediate,None,None,lower back,abdominals,abductors,glutes,hamstrings,quadriceps,None,None,None,None,None,Stand with your feet shoulder width apart. This will be your starting position.,stretching
Crucifix,static,beginner,isolation,other,shoulders,forearms,None,None,None,None,None,None,None,None,None,"In the crucifix, you statically hold weights out to the side for time. While the event can be practiced using dumbbells, it is best to practice with one of the various implements used, such as axes and hammers, as it feels different.",strongman
Crunch - Hands Overhead,pull,beginner,isolation,body only,abdominals,None,None,None,None,None,None,None,None,None,None,Lie on the floor with your back flat and knees bent with around a 60-degree angle between the hamstrings and the calves.,strength
Crunch - Legs On Exercise Ball,pull,beginner,isolation,body only,abdominals,None,None,None,None,None,None,None,None,None,None,Lie flat on your back with your feet resting on an exercise ball and your knees bent at a 90 degree angle.,strength
Crunches,pull,beginner,isolation,body only,abdominals,None,None,None,None,None,None,None,None,None,None,"Lie flat on your back with your feet flat on the ground, or resting on a bench with your knees bent at a 90 degree angle. If you are resting your feet on a bench, place them three to four inches apart and point your toes inward so they touch.",strength
Cuban Press,push,intermediate,compound,dumbbell,shoulders,traps,None,None,None,None,None,None,None,None,None,"Take a dumbbell in each hand with a pronated grip in a standing position. Raise your upper arms so that they are parallel to the floor, allowing your lower arms to hang in the ""scarecrow"" position. This will be your starting position.",strength
Dancer's Stretch,static,beginner,None,None,lower back,abductors,glutes,None,None,None,None,None,None,None,None,Sit up on the floor.,stretching
Dead Bug,pull,beginner,compound,body only,abdominals,None,None,None,None,None,None,None,None,None,None,Begin lying on your back with your hands extended above you toward the ceiling.,strength
Deadlift with Bands,pull,expert,compound,barbell,lower back,forearms,glutes,hamstrings,middle back,quadriceps,traps,None,None,None,None,"To deadlift with short bands, simply loop them over the bar before you start, and step into them to set up. For long bands, they will need to be anchored to a secure base, such as heavy dumbbells or a rack.",powerlifting
Deadlift with Chains,pull,expert,compound,barbell,lower back,forearms,glutes,hamstrings,middle back,quadriceps,traps,None,None,None,None,"You can attach the chains to the sleeves of the bar, or just drape the middle over the bar so there is a greater weight increase as you lift.",powerlifting
Decline Barbell Bench Press,push,beginner,compound,barbell,chest,shoulders,triceps,None,None,None,None,None,None,None,None,Secure your legs at the end of the decline bench and slowly lay down on the bench.,strength
Decline Close-Grip Bench To Skull Crusher,push,intermediate,compound,barbell,triceps,chest,shoulders,None,None,None,None,None,None,None,None,Secure your legs at the end of the decline bench and slowly lay down on the bench.,strength
Decline Crunch,pull,intermediate,isolation,body only,abdominals,None,None,None,None,None,None,None,None,None,None,Secure your legs at the end of the decline bench and lie down.,strength
Decline Dumbbell Bench Press,push,beginner,compound,dumbbell,chest,shoulders,triceps,None,None,None,None,None,None,None,None,Secure your legs at the end of the decline bench and lie down with a dumbbell on each hand on top of your thighs. The palms of your hand will be facing each other.,strength
Decline Dumbbell Flyes,push,beginner,compound,dumbbell,chest,None,None,None,None,None,None,None,None,None,None,Secure your legs at the end of the decline bench and lie down with a dumbbell on each hand on top of your thighs. The palms of your hand will be facing each other.,strength
Decline Dumbbell Triceps Extension,push,beginner,isolation,dumbbell,triceps,None,None,None,None,None,None,None,None,None,None,Secure your legs at the end of the decline bench and lie down with a dumbbell on each hand on top of your thighs. The palms of your hand will be facing each other.,strength
Decline EZ Bar Triceps Extension,push,beginner,isolation,barbell,triceps,None,None,None,None,None,None,None,None,None,None,Secure your legs at the end of the decline bench and slowly lay down on the bench.,strength
Decline Oblique Crunch,pull,beginner,compound,body only,abdominals,None,None,None,None,None,None,None,None,None,None,Secure your legs at the end of the decline bench and slowly lay down on the bench.,strength
Decline Push-Up,push,beginner,compound,None,chest,shoulders,triceps,None,None,None,None,None,None,None,None,Lie on the floor face down and place your hands about 36 inches apart while holding your torso up at arms length. Move your feet up to a box or bench. This will be your starting position.,strength
Decline Reverse Crunch,pull,beginner,compound,body only,abdominals,None,None,None,None,None,None,None,None,None,None,Lie on your back on a decline bench and hold on to the top of the bench with both hands. Don't let your body slip down from this position.,strength
Decline Smith Press,push,beginner,compound,machine,chest,shoulders,triceps,None,None,None,None,None,None,None,None,"Place a decline bench underneath the Smith machine. Now place the barbell at a height that you can reach when lying down and your arms are almost fully extended. Using a pronated grip that is wider than shoulder width, unlock the bar from the rack and hold it straight over you with your arms extended. This will be your starting position.",strength
Deficit Deadlift,pull,intermediate,compound,barbell,lower back,forearms,glutes,hamstrings,middle back,quadriceps,traps,None,None,None,None,"Begin by having a platform or weight plates that you can stand on, usually 1-3 inches in height. Approach the bar so that it is centered over your feet. You feet should be about hip width apart. Bend at the hip to grip the bar at shoulder width, allowing your shoulder blades to protract. Typically, you would use an overhand grip or an over/under grip on heavier sets.",powerlifting
Depth Jump Leap,push,beginner,compound,other,quadriceps,abductors,adductors,calves,glutes,hamstrings,None,None,None,None,None,"For this drill you will need two boxes or benches, one 12 to 16 inches high and the other 22 to 26 inches high.",plyometrics
Dip Machine,push,beginner,compound,machine,triceps,chest,shoulders,None,None,None,None,None,None,None,None,"Sit securely in a dip machine, select the weight and firmly grasp the handles.",strength
Dips - Chest Version,push,intermediate,compound,other,chest,shoulders,triceps,None,None,None,None,None,None,None,None,"For this exercise you will need access to parallel bars. To get yourself into the starting position, hold your body at arms length (arms locked) above the bars.",strength
Dips - Triceps Version,push,beginner,compound,body only,triceps,chest,shoulders,None,None,None,None,None,None,None,None,"To get into the starting position, hold your body at arm's length with your arms nearly locked above the bars.",strength
Donkey Calf Raises,push,intermediate,isolation,other,calves,None,None,None,None,None,None,None,None,None,None,For this exercise you will need access to a donkey calf raise machine. Start by positioning your lower back and hips under the padded lever provided. The tailbone area should be the one making contact with the pad.,strength
Double Kettlebell Alternating Hang Clean,pull,intermediate,compound,kettlebells,hamstrings,biceps,calves,forearms,glutes,lower back,quadriceps,traps,None,None,None,"Place two kettlebells between your feet. To get in the starting position, push your butt back and look straight ahead.",strength
Double Kettlebell Jerk,push,intermediate,compound,kettlebells,shoulders,calves,quadriceps,triceps,None,None,None,None,None,None,None,Hold a kettlebell by the handle in each hand.,strength
Double Kettlebell Push Press,push,intermediate,compound,kettlebells,shoulders,calves,quadriceps,triceps,None,None,None,None,None,None,None,Clean two kettlebells to your shoulders.,strength
Double Kettlebell Snatch,pull,expert,compound,kettlebells,shoulders,glutes,hamstrings,quadriceps,None,None,None,None,None,None,None,Place two kettlebells behind your feet. Bend your knees and sit back to pick up the kettlebells.,strength
Double Kettlebell Windmill,pull,intermediate,None,kettlebells,abdominals,glutes,hamstrings,shoulders,triceps,None,None,None,None,None,None,"Place a kettlebell in front of your front foot and clean and press a kettlebell overhead with your opposite arm. Clean the kettlebell to your shoulder by extending through the legs and hips as you pull the kettlebell towards your shoulders. Rotate your wrist as you do so, so that the palm faces forward.",strength
Double Leg Butt Kick,push,beginner,compound,body only,quadriceps,abductors,adductors,calves,glutes,hamstrings,None,None,None,None,None,Begin standing with your knees slightly bent.,plyometrics
Downward Facing Balance,static,intermediate,isolation,exercise ball,glutes,abdominals,hamstrings,None,None,None,None,None,None,None,None,Lie facedown on top of an exercise ball.,strength
Drag Curl,pull,intermediate,compound,barbell,biceps,forearms,None,None,None,None,None,None,None,None,None,Grab a barbell with a supinated grip (palms facing forward) and get your elbows close to your torso and back. This will be your starting position.,strength
Drop Push,push,intermediate,compound,other,chest,shoulders,triceps,None,None,None,None,None,None,None,None,Position low boxes or other platforms 2-3 feet apart.,plyometrics
Dumbbell Alternate Bicep Curl,pull,beginner,isolation,dumbbell,biceps,forearms,None,None,None,None,None,None,None,None,None,Stand (torso upright) with a dumbbell in each hand held at arms length. The elbows should be close to the torso and the palms of your hand should be facing your thighs.,strength
Dumbbell Bench Press,push,beginner,compound,dumbbell,chest,shoulders,triceps,None,None,None,None,None,None,None,None,Lie down on a flat bench with a dumbbell in each hand resting on top of your thighs. The palms of your hands will be facing each other.,strength
Dumbbell Bench Press with Neutral Grip,push,beginner,compound,dumbbell,chest,shoulders,triceps,None,None,None,None,None,None,None,None,Take a dumbbell in each hand and lay back onto a flat bench. Your feet should be flat on the floor and your shoulder blades retracted.,strength
Dumbbell Bicep Curl,pull,beginner,isolation,dumbbell,biceps,forearms,None,None,None,None,None,None,None,None,None,Stand up straight with a dumbbell in each hand at arm's length. Keep your elbows close to your torso and rotate the palms of your hands until they are facing forward. This will be your starting position.,strength
Dumbbell Clean,pull,intermediate,compound,dumbbell,hamstrings,calves,forearms,glutes,lower back,quadriceps,shoulders,traps,None,None,None,Begin standing with a dumbbell in each hand with your feet shoulder width apart.,strength
Dumbbell Floor Press,push,intermediate,compound,dumbbell,triceps,chest,shoulders,None,None,None,None,None,None,None,None,Lay on the floor holding dumbbells in your hands. Your knees can be bent. Begin with the weights fully extended above you.,powerlifting
Dumbbell Flyes,push,beginner,isolation,dumbbell,chest,None,None,None,None,None,None,None,None,None,None,Lie down on a flat bench with a dumbbell on each hand resting on top of your thighs. The palms of your hand will be facing each other.,strength
Dumbbell Incline Row,pull,beginner,compound,dumbbell,middle back,biceps,forearms,lats,shoulders,None,None,None,None,None,None,"Using a neutral grip, lean into an incline bench.",strength
Dumbbell Incline Shoulder Raise,push,beginner,isolation,dumbbell,shoulders,triceps,None,None,None,None,None,None,None,None,None,Sit on an Incline Bench while holding a dumbbell on each hand on top of your thighs.,strength
Dumbbell Lunges,push,beginner,compound,dumbbell,quadriceps,calves,glutes,hamstrings,None,None,None,None,None,None,None,Stand with your torso upright holding two dumbbells in your hands by your sides. This will be your starting position.,strength
Dumbbell Lying One-Arm Rear Lateral Raise,pull,intermediate,isolation,dumbbell,shoulders,middle back,None,None,None,None,None,None,None,None,None,"While holding a dumbbell in one hand, lay with your chest down on a slightly inclined (around 15 degrees when measured from the floor) adjustable bench. The other hand can be used to hold to the leg of the bench for stability.",strength
Dumbbell Lying Pronation,pull,intermediate,isolation,dumbbell,forearms,None,None,None,None,None,None,None,None,None,None,Lie on a flat bench face down with one arm holding a dumbbell and the other hand on top of the bench folded so that you can rest your head on it.,strength
Dumbbell Lying Rear Lateral Raise,pull,intermediate,isolation,dumbbell,shoulders,None,None,None,None,None,None,None,None,None,None,"While holding a dumbbell in each hand, lay with your chest down on a slightly inclined (around 15 degrees when measured from the floor) adjustable bench.",strength
Dumbbell Lying Supination,pull,intermediate,isolation,dumbbell,forearms,None,None,None,None,None,None,None,None,None,None,Lie sideways on a flat bench with one arm holding a dumbbell and the other hand on top of the bench folded so that you can rest your head on it.,strength
Dumbbell One-Arm Shoulder Press,push,intermediate,compound,dumbbell,shoulders,triceps,None,None,None,None,None,None,None,None,None,Grab a dumbbell and either sit on a military press bench or a utility bench that has a back support on it as you place the dumbbells upright on top of your thighs or stand up straight.,strength
Dumbbell One-Arm Triceps Extension,push,intermediate,isolation,dumbbell,triceps,None,None,None,None,None,None,None,None,None,None,Grab a dumbbell and either sit on a military press bench or a utility bench that has a back support on it as you place the dumbbells upright on top of your thighs or stand up straight.,strength
Dumbbell One-Arm Upright Row,pull,intermediate,compound,dumbbell,shoulders,biceps,traps,None,None,None,None,None,None,None,None,Grab a dumbbell and stand up straight with your arm extended in front of you with a slight bend at the elbows and your back straight. This will be your starting position. Tip: The dumbbell should be resting on top of your thigh with the palm of your hands facing your thighs.,strength
Dumbbell Prone Incline Curl,pull,intermediate,isolation,dumbbell,biceps,None,None,None,None,None,None,None,None,None,None,Grab a dumbbell on each hand and lie face down on an incline bench with your shoulders near top of the incline. Your knees can rest on the seat or your legs can be straddled to the sides (my preferred way).,strength
Dumbbell Raise,pull,beginner,compound,dumbbell,shoulders,biceps,None,None,None,None,None,None,None,None,None,Grab a dumbbell in each arm and stand up straight with your arms extended by your sides with a slight bend at the elbows and your back straight. This will be your starting position. Tip: The dumbbell should be next to your thighs with the palm of your hands facing back.,strength
Dumbbell Rear Lunge,push,intermediate,compound,dumbbell,quadriceps,calves,glutes,hamstrings,None,None,None,None,None,None,None,Stand with your torso upright holding two dumbbells in your hands by your sides. This will be your starting position.,strength
Dumbbell Scaption,push,beginner,isolation,dumbbell,shoulders,traps,None,None,None,None,None,None,None,None,None,"This corrective exercise strengthens the muscles that stabilize your shoulder blade. Hold a light weight in each hand, hanging at your sides. Your thumbs should pointing up.",strength
Dumbbell Seated Box Jump,push,intermediate,compound,dumbbell,quadriceps,calves,glutes,hamstrings,None,None,None,None,None,None,None,Position a box a couple feet to the side of a bench. Hold a dumbbell to your chest with both hands and seat yourself on the bench facing the box. This will be your starting position.,plyometrics
Dumbbell Seated One-Leg Calf Raise,push,beginner,isolation,dumbbell,calves,None,None,None,None,None,None,None,None,None,None,Place a block on the floor about 12 inches from a flat bench.,strength
Dumbbell Shoulder Press,push,intermediate,compound,dumbbell,shoulders,triceps,None,None,None,None,None,None,None,None,None,"While holding a dumbbell in each hand, sit on a military press bench or utility bench that has back support. Place the dumbbells upright on top of your thighs.",strength
Dumbbell Shrug,pull,beginner,isolation,dumbbell,traps,None,None,None,None,None,None,None,None,None,None,"Stand erect with a dumbbell on each hand (palms facing your torso), arms extended on the sides.",strength
Dumbbell Side Bend,pull,beginner,isolation,dumbbell,abdominals,None,None,None,None,None,None,None,None,None,None,Stand up straight while holding a dumbbell on the left hand (palms facing the torso) as you have the right hand holding your waist. Your feet should be placed at shoulder width. This will be your starting position.,strength
Dumbbell Squat,push,beginner,compound,dumbbell,quadriceps,calves,glutes,hamstrings,lower back,None,None,None,None,None,None,Stand up straight while holding a dumbbell on each hand (palms facing the side of your legs).,strength
Dumbbell Squat To A Bench,push,intermediate,compound,dumbbell,quadriceps,calves,glutes,hamstrings,lower back,None,None,None,None,None,None,Stand up straight with a flat bench behind you while holding a dumbbell on each hand (palms facing the side of your legs).,strength
Dumbbell Step Ups,push,intermediate,compound,dumbbell,quadriceps,calves,glutes,hamstrings,None,None,None,None,None,None,None,Stand up straight while holding a dumbbell on each hand (palms facing the side of your legs).,strength
Dumbbell Tricep Extension -Pronated Grip,push,beginner,isolation,dumbbell,triceps,None,None,None,None,None,None,None,None,None,None,Lie down on a flat bench holding two dumbbells directly above your shoulders. Your arms should be fully extended and form a 90 degree angle from your torso and the floor.,strength
Dynamic Back Stretch,pull,beginner,None,None,lats,None,None,None,None,None,None,None,None,None,None,Stand with your feet shoulder width apart. This will be your starting position.,stretching
Dynamic Chest Stretch,pull,beginner,None,None,chest,middle back,None,None,None,None,None,None,None,None,None,"Stand with your hands together, arms extended directly in front of you. This will be your starting position.",stretching
EZ-Bar Curl,pull,beginner,isolation,e-z curl bar,biceps,None,None,None,None,None,None,None,None,None,None,Stand up straight while holding an EZ curl bar at the wide outer handle. The palms of your hands should be facing forward and slightly tilted inward due to the shape of the bar. Keep your elbows close to your torso. This will be your starting position.,strength
EZ-Bar Skullcrusher,push,beginner,isolation,e-z curl bar,triceps,forearms,None,None,None,None,None,None,None,None,None,"Using a close grip, lift the EZ bar and hold it with your elbows in as you lie on the bench. Your arms should be perpendicular to the floor. This will be your starting position.",strength
Elbow Circles,pull,beginner,isolation,None,shoulders,traps,None,None,None,None,None,None,None,None,None,Sit or stand with your feet slightly apart.,stretching
Elbow to Knee,pull,beginner,compound,body only,abdominals,None,None,None,None,None,None,None,None,None,None,"Lie on the floor, crossing your right leg across your bent left knee. Clasp your hands behind your head, beginning with your shoulder blades on the ground. This will be your starting position.",strength
Elbows Back,static,beginner,isolation,None,chest,shoulders,None,None,None,None,None,None,None,None,None,Stand up straight.,stretching
Elevated Back Lunge,push,intermediate,compound,barbell,quadriceps,glutes,hamstrings,None,None,None,None,None,None,None,None,"Position a bar onto a rack at shoulder height loaded to an appropriate weight. Place a short, raised platform behind you.",strength
Elevated Cable Rows,pull,intermediate,compound,cable,lats,middle back,traps,None,None,None,None,None,None,None,None,Get a platform of some sort (it can be an aerobics or calf raise platform) that is around 4-6 inches in height.,strength
Elliptical Trainer,None,intermediate,None,machine,quadriceps,calves,glutes,hamstrings,None,None,None,None,None,None,None,"To begin, step onto the elliptical and select the desired option from the menu. Most ellipticals have a manual setting, or you can select a program to run. Typically, you can enter your age and weight to estimate the amount of calories burned during exercise. Elevation can be adjusted to change the intensity of the workout.",cardio
Exercise Ball Crunch,pull,beginner,isolation,exercise ball,abdominals,None,None,None,None,None,None,None,None,None,None,Lie on an exercise ball with your lower back curvature pressed against the spherical surface of the ball. Your feet should be bent at the knee and pressed firmly against the floor. The upper torso should be hanging off the top of the ball. The arms should either be kept alongside the body or crossed on top of your chest as these positions avoid neck strains (as opposed to the hands behind the back of the head position).,strength
Exercise Ball Pull-In,pull,beginner,compound,exercise ball,abdominals,None,None,None,None,None,None,None,None,None,None,Place an exercise ball nearby and lay on the floor in front of it with your hands on the floor shoulder width apart in a push-up position.,strength
Extended Range One-Arm Kettlebell Floor Press,push,beginner,compound,kettlebells,chest,shoulders,triceps,None,None,None,None,None,None,None,None,"Lie on the floor and position a kettlebell for one arm to press. The kettlebell should be held by the handle. The leg on the same side that you are pressing should be bent, with the knee crossing over the midline of the body.",strength
External Rotation,pull,beginner,isolation,dumbbell,shoulders,None,None,None,None,None,None,None,None,None,None,Lie sideways on a flat bench with one arm holding a dumbbell and the other hand on top of the bench folded so that you can rest your head on it.,strength
External Rotation with Band,pull,beginner,compound,bands,shoulders,None,None,None,None,None,None,None,None,None,None,Choke the band around a post. The band should be at the same height as your elbow. Stand with your left side to the band a couple of feet away.,strength
External Rotation with Cable,pull,beginner,isolation,cable,shoulders,None,None,None,None,None,None,None,None,None,None,Adjust the cable to the same height as your elbow. Stand with your left side to the band a couple of feet away.,strength
Face Pull,pull,intermediate,compound,cable,shoulders,middle back,None,None,None,None,None,None,None,None,None,None,strength
Farmer's Walk,None,intermediate,compound,other,forearms,abdominals,glutes,hamstrings,lower back,quadriceps,traps,None,None,None,None,There are various implements that can be used for the farmers walk. These can also be performed with heavy dumbbells or short bars if these implements aren't available. Begin by standing between the implements.,strongman
Fast Skipping,push,beginner,compound,body only,quadriceps,abductors,adductors,calves,glutes,hamstrings,None,None,None,None,None,Start in a relaxed position with one leg slightly forward. This will be your starting position.,plyometrics
Finger Curls,pull,beginner,isolation,barbell,forearms,None,None,None,None,None,None,None,None,None,None,Hold a barbell with both hands and your palms facing up; hands spaced about shoulder width.,strength
Flat Bench Cable Flyes,push,intermediate,isolation,cable,chest,None,None,None,None,None,None,None,None,None,None,"Position a flat bench between two low pulleys so that when you are laying on it, your chest will be lined up with the cable pulleys.",strength
Flat Bench Leg Pull-In,pull,beginner,compound,body only,abdominals,None,None,None,None,None,None,None,None,None,None,Lie on an exercise mat or a flat bench with your legs off the end.,strength
Flat Bench Lying Leg Raise,pull,beginner,isolation,body only,abdominals,None,None,None,None,None,None,None,None,None,None,Lie with your back flat on a bench and your legs extended in front of you off the end.,strength
Flexor Incline Dumbbell Curls,pull,beginner,isolation,dumbbell,biceps,None,None,None,None,None,None,None,None,None,None,"Hold the dumbbell towards the side farther from you so that you have more weight on the side closest to you. (This can be done for a good effect on all bicep dumbbell exercises). Now do a normal incline dumbbell curl, but keep your wrists as far back as possible so as to neutralize any stress that is placed on them.",strength
Floor Glute-Ham Raise,pull,intermediate,isolation,None,hamstrings,calves,glutes,None,None,None,None,None,None,None,None,You can use a partner for this exercise or brace your feet under something stable.,strength
Floor Press,push,intermediate,compound,barbell,triceps,chest,shoulders,None,None,None,None,None,None,None,None,Adjust the j-hooks so they are at the appropriate height to rack the bar. Begin lying on the floor with your head near the end of a power rack. Keeping your shoulder blades pulled together; pull the bar off of the hooks.,powerlifting
Floor Press with Chains,push,intermediate,compound,barbell,triceps,chest,shoulders,None,None,None,None,None,None,None,None,"Adjust the j-hooks so they are at the appropriate height to rack the bar. For this exercise, drape the chains directly over the end of the bar, trying to keep the ends away from the plates.",powerlifting
Flutter Kicks,pull,beginner,compound,body only,glutes,hamstrings,None,None,None,None,None,None,None,None,None,"On a flat bench lie facedown with the hips on the edge of the bench, the legs straight with toes high off the floor and with the arms on top of the bench holding on to the front edge.",strength
Foot-SMR,static,intermediate,None,other,calves,None,None,None,None,None,None,None,None,None,None,"This exercise stretches the fascia of the muscles in the feet. Start off seated with your shoes removed. Using a foot roller or a similar object, such as a small section of pvc pipe, place your foot against the roller across the arch of your foot. This will be your starting position.",stretching
Forward Drag with Press,push,intermediate,compound,other,chest,calves,glutes,hamstrings,quadriceps,shoulders,triceps,None,None,None,None,"Attach a dual handled chain or rope attachment to the sled. You should be facing away from the sled, holding a handle in each hand.",strongman
Frankenstein Squat,push,intermediate,compound,barbell,quadriceps,abdominals,calves,glutes,hamstrings,None,None,None,None,None,None,This drill teaches you the proper positioning of both the bar and your body during the clean and front squat.,olympic weightlifting
Freehand Jump Squat,push,intermediate,compound,body only,quadriceps,calves,glutes,hamstrings,None,None,None,None,None,None,None,Cross your arms over your chest.,strength
Frog Hops,push,intermediate,compound,None,quadriceps,calves,glutes,hamstrings,None,None,None,None,None,None,None,"Stand with your hands behind your head, and squat down keeping your torso upright and your head up. This will be your starting position.",stretching
Frog Sit-Ups,pull,intermediate,isolation,body only,abdominals,None,None,None,None,None,None,None,None,None,None,Lie with your back flat on the floor (or exercise mat) and your legs extended in front of you.,strength
Front Barbell Squat,push,expert,compound,barbell,quadriceps,calves,glutes,hamstrings,None,None,None,None,None,None,None,"This exercise is best performed inside a squat rack for safety purposes. To begin, first set the bar on a rack that best matches your height. Once the correct height is chosen and the bar is loaded, bring your arms up under the bar while keeping the elbows high and the upper arm slightly above parallel to the floor. Rest the bar on top of the deltoids and cross your arms while grasping the bar for total control.",strength
Front Barbell Squat To A Bench,push,expert,compound,barbell,quadriceps,calves,glutes,hamstrings,None,None,None,None,None,None,None,"This exercise is best performed inside a squat rack for safety purposes. To begin, first set a flat bench behind you and set the bar on a rack that best matches your height. Once the correct height is chosen and the bar is loaded, bring your arms up under the bar while keeping the elbows high and the upper arm slightly above parallel to the floor. Rest the bar on top of the deltoids and cross your arms while grasping the bar for total control.",strength
Front Box Jump,push,beginner,compound,other,hamstrings,abductors,adductors,calves,glutes,quadriceps,None,None,None,None,None,Begin with a box of an appropriate height 1-2 feet in front of you. Stand with your feet should width apart. This will be your starting position.,plyometrics
Front Cable Raise,push,beginner,isolation,cable,shoulders,None,None,None,None,None,None,None,None,None,None,Select the weight on a low pulley machine and grasp the single hand cable attachment that is attached to the low pulley with your left hand.,strength
Front Cone Hops (or hurdle hops),push,beginner,compound,other,quadriceps,abductors,adductors,calves,glutes,hamstrings,None,None,None,None,None,"Set up a row of cones or other small barriers, placing them a few feet apart.",plyometrics
Front Dumbbell Raise,push,beginner,isolation,dumbbell,shoulders,None,None,None,None,None,None,None,None,None,None,Pick a couple of dumbbells and stand with a straight torso and the dumbbells on front of your thighs at arms length with the palms of the hand facing your thighs. This will be your starting position.,strength
Front Incline Dumbbell Raise,push,beginner,isolation,dumbbell,shoulders,None,None,None,None,None,None,None,None,None,None,Sit down on an incline bench with the incline set anywhere between 30 to 60 degrees while holding a dumbbell on each hand. Tip: You can change the angle to hit the muscle a little differently each time.,strength
Front Leg Raises,pull,beginner,None,body only,hamstrings,None,None,None,None,None,None,None,None,None,None,"Stand next to a chair or other support, holding on with one hand.",stretching
Front Plate Raise,push,intermediate,isolation,other,shoulders,None,None,None,None,None,None,None,None,None,None,"While standing straight, hold a barbell plate in both hands at the 3 and 9 o'clock positions. Your palms should be facing each other and your arms should be extended and locked with a slight bend at the elbows and the plate should be down near your waist in front of you as far as you can go. Tip: The arms will remain in this position throughout the exercise. This will be your starting position.",strength
Front Raise And Pullover,pull,beginner,compound,barbell,chest,lats,shoulders,triceps,None,None,None,None,None,None,None,Lie on a flat bench while holding a barbell using a palms down grip that is about 15 inches apart.,strength
Front Squat (Clean Grip),push,intermediate,compound,barbell,quadriceps,abdominals,glutes,hamstrings,None,None,None,None,None,None,None,"To begin, first set the bar in a rack slightly below shoulder level. Rest the bar on top of the deltoids, pushing into the clavicles, and lightly touching the throat. Your hands should be in a clean grip, touching the bar only with your fingers to help keep it in position.",strength
Front Squats With Two Kettlebells,push,intermediate,compound,kettlebells,quadriceps,calves,glutes,None,None,None,None,None,None,None,None,Clean two kettlebells to your shoulders. Clean the kettlebells to your shoulders by extending through the legs and hips as you pull the kettlebells towards your shoulders. Rotate your wrists as you do so.,strength
Front Two-Dumbbell Raise,push,beginner,isolation,dumbbell,shoulders,None,None,None,None,None,None,None,None,None,None,Pick a couple of dumbbells and stand with a straight torso and the dumbbells on front of your thighs at arms length with the palms of the hand facing your thighs. This will be your starting position.,strength
Full Range-Of-Motion Lat Pulldown,pull,intermediate,compound,cable,lats,biceps,middle back,shoulders,None,None,None,None,None,None,None,"Either standing or seated on a high bench, grasp two stirrup cables that are attached to the high pulleys. Grab with the opposing hand so your arms are crisscrossed about you and your palms are facing forward.",strength
Gironda Sternum Chins,pull,intermediate,compound,other,lats,biceps,middle back,None,None,None,None,None,None,None,None,Grasp the pull-up bar with a shoulder width underhand grip.,strength
Glute Ham Raise,pull,intermediate,compound,machine,hamstrings,calves,glutes,None,None,None,None,None,None,None,None,Begin by adjusting the equipment to fit your body. Place your feet against the footplate in between the rollers as you lie facedown. Your knees should be just behind the pad.,powerlifting
Glute Kickback,push,beginner,compound,body only,glutes,hamstrings,None,None,None,None,None,None,None,None,None,Kneel on the floor or an exercise mat and bend at the waist with your arms extended in front of you (perpendicular to the torso) in order to get into a kneeling push-up position but with the arms spaced at shoulder width. Your head should be looking forward and the bend of the knees should create a 90-degree angle between the hamstrings and the calves. This will be your starting position.,strength
Goblet Squat,push,beginner,compound,kettlebells,quadriceps,calves,glutes,hamstrings,shoulders,None,None,None,None,None,None,Stand holding a light kettlebell by the horns close to your chest. This will be your starting position.,strength
Good Morning,push,intermediate,compound,barbell,hamstrings,abdominals,glutes,lower back,None,None,None,None,None,None,None,"Begin with a bar on a rack at shoulder height. Rack the bar across the rear of your shoulders as you would a power squat, not on top of your shoulders. Keep your back tight, shoulder blades pinched together, and your knees slightly bent. Step back from the rack.",powerlifting
Good Morning off Pins,push,intermediate,compound,barbell,hamstrings,abdominals,glutes,lower back,None,None,None,None,None,None,None,"Begin with a bar on a rack at about the same height as your stomach. Bend over underneath the bar and rack the bar across the rear of your shoulders as you would a power squat, not on top of your shoulders. At the proper height, you should be near parallel to the floor when bent over. Keep your back tight, shoulder blades pinched together, and your knees slightly bent. Keep your back arched and your cervical spine in proper alignment.",powerlifting
Gorilla Chin/Crunch,pull,intermediate,compound,body only,abdominals,biceps,lats,None,None,None,None,None,None,None,None,Hang from a chin-up bar using an underhand grip (palms facing you) that is slightly wider than shoulder width.,strength
Groin and Back Stretch,static,intermediate,compound,None,adductors,None,None,None,None,None,None,None,None,None,None,Sit on the floor with your knees bent and feet together.,stretching
Groiners,pull,intermediate,compound,body only,adductors,None,None,None,None,None,None,None,None,None,None,Begin in a pushup position on the floor. This will be your starting position.,stretching
Hack Squat,push,beginner,compound,machine,quadriceps,calves,glutes,hamstrings,None,None,None,None,None,None,None,Place the back of your torso against the back pad of the machine and hook your shoulders under the shoulder pads provided.,strength
Hammer Curls,pull,beginner,isolation,dumbbell,biceps,None,None,None,None,None,None,None,None,None,None,Stand up with your torso upright and a dumbbell on each hand being held at arms length. The elbows should be close to the torso.,strength
Hammer Grip Incline DB Bench Press,push,beginner,compound,dumbbell,chest,shoulders,triceps,None,None,None,None,None,None,None,None,Lie back on an incline bench with a dumbbell on each hand on top of your thighs. The palms of your hand will be facing each other.,strength
Hamstring-SMR,static,beginner,isolation,foam roll,hamstrings,None,None,None,None,None,None,None,None,None,None,"In a seated position, extend your legs over a foam roll so that it is position on the back of the upper legs. Place your hands to the side or behind you to help support your weight. This will be your starting position.",stretching
Hamstring Stretch,static,beginner,isolation,None,hamstrings,None,None,None,None,None,None,None,None,None,None,"Lie on your back with one leg extended above you, with the hip at ninety degrees. Keep the other leg flat on the floor.",stretching
Handstand Push-Ups,push,expert,compound,body only,shoulders,triceps,None,None,None,None,None,None,None,None,None,With your back to the wall bend at the waist and place both hands on the floor at shoulder width.,strength
Hang Clean,pull,intermediate,compound,barbell,quadriceps,calves,forearms,glutes,hamstrings,lower back,shoulders,traps,None,None,None,"Begin with a shoulder width, double overhand or hook grip, with the bar hanging at the mid thigh position. Your back should be straight and inclined slightly forward.",olympic weightlifting
Hang Clean - Below the Knees,pull,intermediate,compound,barbell,quadriceps,calves,forearms,glutes,hamstrings,lower back,shoulders,traps,None,None,None,"Begin with a shoulder width, double overhand or hook grip, with the bar hanging just below the knees. Your back should be straight and inclined slightly forward.",olympic weightlifting
Hang Snatch,pull,expert,compound,barbell,hamstrings,abdominals,calves,forearms,glutes,lower back,quadriceps,shoulders,traps,None,None,"Begin with a wide grip on the bar, with an overhand or hook grip. The feet should be directly below the hips with the feet turned out. Your knees should be slightly bent, and the torso inclined forward. The spine should be fully extended and the head facing forward. The bar should be at the hips. This will be your starting position.",olympic weightlifting
Hang Snatch - Below Knees,pull,expert,compound,barbell,hamstrings,abdominals,calves,forearms,glutes,lower back,quadriceps,shoulders,traps,None,None,"Begin with a wide grip on the bar, with an overhand or hook grip. The feet should be directly below the hips with the feet turned out. Your knees should be slightly bent, and the torso inclined forward. The spine should be fully extended and the head facing forward. The bar should be just below the knees. This will be your starting position.",olympic weightlifting
Hanging Bar Good Morning,push,intermediate,compound,barbell,hamstrings,abdominals,glutes,lower back,None,None,None,None,None,None,None,Begin with a bar on a rack at about the same height as your stomach. Suspend the bar using chains or suspension straps.,powerlifting
Hanging Leg Raise,pull,expert,isolation,body only,abdominals,None,None,None,None,None,None,None,None,None,None,Hang from a chin-up bar with both arms extended at arms length in top of you using either a wide grip or a medium grip. The legs should be straight down with the pelvis rolled slightly backwards. This will be your starting position.,strength
Hanging Pike,pull,expert,compound,body only,abdominals,None,None,None,None,None,None,None,None,None,None,Hang from a chin-up bar with your legs and feet together using an overhand grip (palms facing away from you) that is slightly wider than shoulder width. Tip: You may use wrist wraps in order to facilitate holding on to the bar.,strength
Heaving Snatch Balance,push,intermediate,compound,barbell,quadriceps,abdominals,forearms,glutes,hamstrings,shoulders,triceps,None,None,None,None,"This drill helps you learn the snatch. Begin by holding a light weight across the back of the shoulders. Your feet should be slightly wider than hip width apart with the feet turned out, the same position that you would perform a squat with.",olympic weightlifting
Heavy Bag Thrust,push,beginner,compound,other,chest,abdominals,shoulders,triceps,None,None,None,None,None,None,None,"Utilize a heavy bag for this exercise. Assume an upright stance next to the bag, with your feet staggered, fairly wide apart. Place your hand on the bag at about chest height. This will be your starting position.",plyometrics
High Cable Curls,pull,intermediate,compound,cable,biceps,None,None,None,None,None,None,None,None,None,None,Stand between a couple of high pulleys and grab a handle in each arm. Position your upper arms in a way that they are parallel to the floor with the palms of your hands facing you. This will be your starting position.,strength
Hip Circles (prone),pull,beginner,isolation,body only,abductors,adductors,None,None,None,None,None,None,None,None,None,"Position yourself on your hands and knees on the ground. Maintaining good posture, raise one bent knee off of the ground. This will be your starting position.",stretching
Hip Extension with Bands,push,beginner,compound,bands,glutes,hamstrings,None,None,None,None,None,None,None,None,None,Secure one end of the band to the lower portion of a post and attach the other to one ankle.,strength
Hip Flexion with Band,pull,beginner,compound,bands,quadriceps,None,None,None,None,None,None,None,None,None,None,Secure one end of the band to the lower portion of a post and attach the other to one ankle.,strength
Hip Lift with Band,push,beginner,compound,bands,glutes,calves,hamstrings,None,None,None,None,None,None,None,None,"After choosing a suitable band, lay down in the middle of the rack, after securing the band on either side of you. If your rack doesn't have pegs, the band can be secured using heavy dumbbells or similar objects, just ensure they won't move.",powerlifting
Hug A Ball,static,beginner,isolation,exercise ball,lower back,calves,glutes,None,None,None,None,None,None,None,None,Seat yourself on the floor.,stretching
Hug Knees To Chest,static,beginner,None,None,lower back,glutes,None,None,None,None,None,None,None,None,None,Lie down on your back and pull both knees up to your chest.,stretching
Hurdle Hops,push,beginner,compound,other,hamstrings,abductors,adductors,calves,glutes,hamstrings,None,None,None,None,None,"Set up a row of hurdles or other small barriers, placing them a few feet apart.",plyometrics
Hyperextensions (Back Extensions),pull,beginner,isolation,other,lower back,glutes,hamstrings,None,None,None,None,None,None,None,None,"Lie face down on a hyperextension bench, tucking your ankles securely under the footpads.",strength
Hyperextensions With No Hyperextension Bench,pull,intermediate,compound,body only,lower back,glutes,hamstrings,None,None,None,None,None,None,None,None,"With someone holding down your legs, slide yourself down to the edge a flat bench until your hips hang off the end of the bench. Tip: Your entire upper body should be hanging down towards the floor. Also, you will be in the same position as if you were on a hyperextension bench but the range of motion will be shorter due to the height of the flat bench vs. that of the hyperextension bench.",strength
IT Band and Glute Stretch,static,intermediate,None,other,abductors,None,None,None,None,None,None,None,None,None,None,"Loop a belt, rope, or band around one of your feet, and swing that leg across your body to the opposite side, keeping the leg extended as you lay on the ground. This will be your starting position.",stretching
Iliotibial Tract-SMR,static,intermediate,isolation,foam roll,abductors,None,None,None,None,None,None,None,None,None,None,"Lay on your side, with the bottom leg placed onto a foam roller between the hip and the knee. The other leg can be crossed in front of you.",stretching
Inchworm,None,beginner,compound,body only,hamstrings,None,None,None,None,None,None,None,None,None,None,"Stand with your feet close together. Keeping your legs straight, stretch down and put your hands on the floor directly in front of you. This will be your starting position.",stretching
Incline Barbell Triceps Extension,push,intermediate,isolation,barbell,triceps,forearms,None,None,None,None,None,None,None,None,None,Hold a barbell with an overhand grip (palms down) that is a little closer together than shoulder width.,strength
Incline Bench Pull,pull,beginner,isolation,barbell,middle back,lats,shoulders,None,None,None,None,None,None,None,None,Grab a dumbbell in each hand and lie face down on an incline bench that is set to an incline that is approximately 30 degrees.,strength
Incline Cable Chest Press,push,beginner,compound,cable,chest,shoulders,triceps,None,None,None,None,None,None,None,None,"Adjust the weight to an appropriate amount and be seated, grasping the handles. Your upper arms should be about 45 degrees to the body, with your head and chest up. The elbows should be bent to about 90 degrees. This will be your starting position.",strength
Incline Cable Flye,push,intermediate,isolation,cable,chest,shoulders,None,None,None,None,None,None,None,None,None,"To get yourself into the starting position, set the pulleys at the floor level (lowest level possible on the machine that is below your torso).",strength
Incline Dumbbell Bench With Palms Facing In,push,beginner,compound,dumbbell,chest,shoulders,triceps,None,None,None,None,None,None,None,None,Lie back on an incline bench with a dumbbell on each hand on top of your thighs. The palms of your hand will be facing each other.,strength
Incline Dumbbell Curl,pull,beginner,isolation,dumbbell,biceps,None,None,None,None,None,None,None,None,None,None,Sit back on an incline bench with a dumbbell in each hand held at arms length. Keep your elbows close to your torso and rotate the palms of your hands until they are facing forward. This will be your starting position.,strength
Incline Dumbbell Flyes,push,beginner,compound,dumbbell,chest,shoulders,None,None,None,None,None,None,None,None,None,Hold a dumbbell on each hand and lie on an incline bench that is set to an incline angle of no more than 30 degrees.,strength
Incline Dumbbell Flyes - With A Twist,push,beginner,compound,dumbbell,chest,shoulders,None,None,None,None,None,None,None,None,None,Hold a dumbbell in each hand and lie on an incline bench that is set to an incline angle of no more than 30 degrees.,strength
Incline Dumbbell Press,push,beginner,compound,dumbbell,chest,shoulders,triceps,None,None,None,None,None,None,None,None,Lie back on an incline bench with a dumbbell in each hand atop your thighs. The palms of your hands will be facing each other.,strength
Incline Hammer Curls,pull,beginner,isolation,dumbbell,biceps,None,None,None,None,None,None,None,None,None,None,"Seat yourself on an incline bench with a dumbbell in each hand. You should pressed firmly against he back with your feet together. Allow the dumbbells to hang straight down at your side, holding them with a neutral grip. This will be your starting position.",strength
Incline Inner Biceps Curl,None,beginner,isolation,dumbbell,biceps,None,None,None,None,None,None,None,None,None,None,Hold a dumbbell in each hand and lie back on an incline bench.,strength
Incline Push-Up,push,beginner,compound,body only,chest,shoulders,triceps,None,None,None,None,None,None,None,None,"Stand facing bench or sturdy elevated platform. Place hands on edge of bench or platform, slightly wider than shoulder width.",strength
Incline Push-Up Close-Grip,push,beginner,compound,body only,triceps,chest,shoulders,None,None,None,None,None,None,None,None,Stand facing a Smith machine bar or sturdy elevated platform at an appropriate height.,strength
Incline Push-Up Depth Jump,push,beginner,compound,other,chest,shoulders,triceps,None,None,None,None,None,None,None,None,"For this drill you will need a box about 12 inches high, and two thick mats or aerobics steps.",plyometrics
Incline Push-Up Medium,push,beginner,compound,body only,chest,abdominals,shoulders,triceps,None,None,None,None,None,None,None,Stand facing a Smith machine bar or sturdy elevated platform at an appropriate height.,strength
Incline Push-Up Reverse Grip,push,beginner,compound,body only,chest,abdominals,shoulders,triceps,None,None,None,None,None,None,None,Stand facing a Smith machine bar or sturdy elevated platform at an appropriate height.,strength
Incline Push-Up Wide,push,beginner,compound,body only,chest,abdominals,shoulders,triceps,None,None,None,None,None,None,None,Stand facing a Smith machine bar or sturdy elevated platform at an appropriate height.,strength
Intermediate Groin Stretch,static,intermediate,isolation,other,hamstrings,None,None,None,None,None,None,None,None,None,None,"Lie on your back with your legs extended. Loop a belt, rope, or band around one of your feet, and swing that leg as far to the side as you can. This will be your starting position.",stretching
Intermediate Hip Flexor and Quad Stretch,static,intermediate,compound,other,quadriceps,None,None,None,None,None,None,None,None,None,None,"Lie face down on the floor, with a rope, belt, or band looped around one foot.",stretching
Internal Rotation with Band,None,beginner,isolation,bands,shoulders,None,None,None,None,None,None,None,None,None,None,Choke the band around a post. The band should be at the same height as your elbow. Stand with your right side to the band a couple of feet away.,strength
Inverted Row,pull,beginner,compound,None,middle back,lats,None,None,None,None,None,None,None,None,None,Position a bar in a rack to about waist height. You can also use a smith machine.,strength
Inverted Row with Straps,pull,beginner,compound,other,middle back,biceps,lats,None,None,None,None,None,None,None,None,Hang a rope or suspension straps from a rack or other stable object. Grasp the ends and position yourself in a supine position hanging from the ropes. Your body should be straight with your heels on the ground with your arms fully extended. This will be your starting position.,strength
Iron Cross,push,intermediate,compound,dumbbell,shoulders,chest,glutes,hamstrings,lower back,quadriceps,traps,None,None,None,None,None,strength
Iron Crosses (stretch),pull,intermediate,compound,None,quadriceps,None,None,None,None,None,None,None,None,None,None,"Lie face down on the floor, with your arms extended out to your side, palms pressed to the floor. This will be your starting position.",stretching
Isometric Chest Squeezes,static,beginner,compound,body only,chest,shoulders,triceps,None,None,None,None,None,None,None,None,"While either seating or standing, bend your arms at a 90-degree angle and place the palms of your hands together in front of your chest. Tip: Your hands should be open with the palms together and fingers facing forward (perpendicular to your torso).",plyometrics
Isometric Neck Exercise - Front And Back,static,beginner,isolation,body only,neck,None,None,None,None,None,None,None,None,None,None,"With your head and neck in a neutral position (normal position with head erect facing forward), place both of your hands on the front side of your head.",strength
Isometric Neck Exercise - Sides,static,beginner,isolation,body only,neck,None,None,None,None,None,None,None,None,None,None,"With your head and neck in a neutral position (normal position with head erect facing forward), place your left hand on the left side of your head.",strength
Isometric Wipers,push,beginner,compound,body only,chest,abdominals,shoulders,triceps,None,None,None,None,None,None,None,"Assume a push-up position, supporting your weight on your hands and toes while keeping your body straight. Your hands should be just outside of shoulder width. This will be your starting position.",strength
JM Press,push,beginner,compound,barbell,triceps,chest,shoulders,None,None,None,None,None,None,None,None,"Start the exercise the same way you would a close grip bench press. You will lie on a flat bench while holding a barbell at arms length (fully extended) with the elbows in. However, instead of having the arms perpendicular to the torso, make sure the bar is set in a direct line above the upper chest. This will be your starting position.",strength
Jackknife Sit-Up,pull,beginner,compound,body only,abdominals,None,None,None,None,None,None,None,None,None,None,Lie flat on the floor (or exercise mat) on your back with your arms extended straight back behind your head and your legs extended also. This will be your starting position.,strength
Janda Sit-Up,pull,beginner,isolation,body only,abdominals,None,None,None,None,None,None,None,None,None,None,Position your body on the floor in the basic sit-up position; knees to a ninety degree angle with feet flat on the floor and arms either crossed over your chest or to the sides. This will be your starting position.,strength
Jefferson Squats,push,intermediate,compound,barbell,quadriceps,calves,glutes,hamstrings,lower back,traps,None,None,None,None,None,Place a barbell on the floor.,strength
Jerk Balance,push,intermediate,compound,barbell,shoulders,glutes,hamstrings,quadriceps,triceps,None,None,None,None,None,None,"This drill helps you learn to drive yourself low enough during the jerk and corrects those who move backward during the movement. Begin with the bar racked in the jerk position, with the shoulders forward, torso upright, and the feet split slightly apart.",olympic weightlifting
Jerk Dip Squat,push,intermediate,compound,barbell,quadriceps,abdominals,calves,None,None,None,None,None,None,None,None,"This movement strengthens the dip portion of the jerk. Begin with the bar racked in the jerk position, with the shoulders forward to create a shelf and the bar lightly contacting the throat. The feet should be directly under the hips, with the feet turned out as is comfortable.",olympic weightlifting
"Jogging, Treadmill",None,beginner,None,machine,quadriceps,glutes,hamstrings,None,None,None,None,None,None,None,None,"To begin, step onto the treadmill and select the desired option from the menu. Most treadmills have a manual setting, or you can select a program to run. Typically, you can enter your age and weight to estimate the amount of calories burned during exercise. Elevation can be adjusted to change the intensity of the workout.",cardio
Keg Load,pull,intermediate,compound,other,lower back,abdominals,biceps,calves,forearms,glutes,hamstrings,middle back,quadriceps,shoulders,traps,"To load kegs, place the desired number a distance from the loading platform, typically 30-50 feet.",strongman
Kettlebell Arnold Press,push,intermediate,compound,kettlebells,shoulders,triceps,None,None,None,None,None,None,None,None,None,Clean a kettlebell to your shoulder. Clean the kettlebell to your shoulder by extending through the legs and hips as you raise the kettlebell towards your shoulder. The palm should be facing inward.,strength
Kettlebell Dead Clean,pull,intermediate,compound,kettlebells,hamstrings,calves,glutes,lower back,quadriceps,traps,None,None,None,None,None,"Place kettlebell between your feet. To get in the starting position, push your butt back and look straight ahead.",strength
Kettlebell Figure 8,pull,intermediate,None,kettlebells,abdominals,hamstrings,shoulders,None,None,None,None,None,None,None,None,Place one kettlebell between your legs and take a wider than shoulder width stance. Bend over by pushing your butt out and keeping your back flat.,strength
Kettlebell Hang Clean,pull,intermediate,compound,kettlebells,hamstrings,calves,glutes,lower back,shoulders,traps,None,None,None,None,None,"Place kettlebell between your feet. To get in the starting position, push your butt back and look straight ahead.",strength
Kettlebell One-Legged Deadlift,pull,intermediate,compound,kettlebells,hamstrings,glutes,lower back,None,None,None,None,None,None,None,None,"Hold a kettlebell by the handle in one hand. Stand on one leg, on the same side that you hold the kettlebell.",strength
Kettlebell Pass Between The Legs,pull,intermediate,compound,kettlebells,abdominals,glutes,hamstrings,shoulders,None,None,None,None,None,None,None,Place one kettlebell between your legs and take a comfortable stance. Bend over by pushing your butt out and keeping your back flat.,strength
Kettlebell Pirate Ships,push,beginner,compound,kettlebells,shoulders,abdominals,None,None,None,None,None,None,None,None,None,"With a wide stance, hold a kettlebell with both hands. Allow it to hang at waist level with your arms extended. This will be your starting position.",strength
Kettlebell Pistol Squat,push,expert,compound,kettlebells,quadriceps,calves,glutes,hamstrings,shoulders,None,None,None,None,None,None,Pick up a kettlebell with two hands and hold it by the horns. Hold one leg off of the floor and squat down on the other.,strength
Kettlebell Seated Press,push,intermediate,compound,kettlebells,shoulders,triceps,None,None,None,None,None,None,None,None,None,Sit on the floor and spread your legs out comfortably.,strength
Kettlebell Seesaw Press,push,intermediate,compound,kettlebells,shoulders,triceps,None,None,None,None,None,None,None,None,None,Clean two kettlebells two your shoulders.,strength
Kettlebell Sumo High Pull,pull,intermediate,compound,kettlebells,traps,adductors,glutes,hamstrings,quadriceps,shoulders,None,None,None,None,None,"Place a kettlebell on the ground between your feet. Position your feet in a wide stance, and grasp the kettlebell with two hands. Set your hips back as far as possible, with your knees bent. Keep your chest and head up. This will be your starting position.",strength
Kettlebell Thruster,push,intermediate,compound,kettlebells,shoulders,quadriceps,triceps,None,None,None,None,None,None,None,None,Clean two kettlebells to your shoulders. Clean the kettlebells to your shoulders by extending through the legs and hips as you pull the kettlebells towards your shoulders. Rotate your wrists as you do so. This will be your starting position.,strength
Kettlebell Turkish Get-Up (Lunge style),push,intermediate,compound,kettlebells,shoulders,abdominals,hamstrings,quadriceps,triceps,None,None,None,None,None,None,Lie on your back on the floor and press a kettlebell to the top position by extending the elbow. Bend the knee on the same side as the kettlebell.,strength
Kettlebell Turkish Get-Up (Squat style),push,intermediate,compound,kettlebells,shoulders,abdominals,calves,hamstrings,quadriceps,triceps,None,None,None,None,None,Lie on your back on the floor and press a kettlebell to the top position by extending the elbow. Bend the knee on the same side as the kettlebell.,strength
Kettlebell Windmill,pull,intermediate,compound,kettlebells,abdominals,glutes,hamstrings,shoulders,triceps,None,None,None,None,None,None,"Place a kettlebell in front of your lead foot and clean and press it overhead with your opposite arm. Clean the kettlebell to your shoulder by extending through the legs and hips as you pull the kettlebell towards your shoulders. Rotate your wrist as you do so, so that the palm faces forward. Press it overhead by extending the elbow.",strength
Kipping Muscle Up,pull,intermediate,compound,other,lats,abdominals,biceps,forearms,middle back,shoulders,traps,triceps,None,None,None,"Grip the rings using a false grip, with the base of your palms on top of the rings.",strength
Knee Across The Body,static,beginner,None,None,glutes,abductors,lower back,None,None,None,None,None,None,None,None,"Lie down on the floor with your right leg straight. Bend your left leg and lower it across your body, holding the knee down toward the floor with your right hand. (The knee doesn't need to touch the floor if you're tight.)",stretching
Knee Circles,pull,beginner,compound,body only,calves,hamstrings,quadriceps,None,None,None,None,None,None,None,None,Stand with your legs together and hands by your waist.,stretching
Knee/Hip Raise On Parallel Bars,pull,beginner,isolation,other,abdominals,None,None,None,None,None,None,None,None,None,None,Position your body on the vertical leg raise bench so that your forearms are resting on the pads next to the torso and holding on to the handles. Your arms will be bent at a 90 degree angle.,strength
Knee Tuck Jump,push,beginner,compound,body only,hamstrings,abductors,adductors,calves,glutes,quadriceps,None,None,None,None,None,"Begin in a comfortable standing position with your knees slightly bent. Hold your hands in front of you, palms down with your fingertips together at chest height. This will be your starting position.",plyometrics
Kneeling Arm Drill,pull,beginner,None,None,shoulders,abdominals,None,None,None,None,None,None,None,None,None,"This drill helps increase arm efficiency during the run. Begin kneeling, left foot in front, right knee down. Apply pressure through the front heel to keep your glutes and hamstrings activated.",plyometrics
Kneeling Cable Crunch With Alternating Oblique Twists,pull,beginner,isolation,cable,abdominals,None,None,None,None,None,None,None,None,None,None,Connect a rope attachment to a high pulley cable and position a mat on the floor in front of it.,strength
Kneeling Cable Triceps Extension,push,intermediate,isolation,cable,triceps,None,None,None,None,None,None,None,None,None,None,Place a bench sideways in front of a high pulley machine.,strength
Kneeling Forearm Stretch,static,beginner,isolation,None,forearms,None,None,None,None,None,None,None,None,None,None,Start by kneeling on a mat with your palms flat and your fingers pointing back toward your knees.,stretching
Kneeling High Pulley Row,pull,beginner,compound,cable,lats,biceps,middle back,None,None,None,None,None,None,None,None,"Select the appropriate weight using a pulley that is above your head. Attach a rope to the cable and kneel a couple of feet away, holding the rope out in front of you with both arms extended. This will be your starting position.",strength
Kneeling Hip Flexor,static,beginner,isolation,None,quadriceps,quadriceps,None,None,None,None,None,None,None,None,None,Kneel on a mat and bring your right knee up so the bottom of your foot is on the floor and extend your left leg out behind you so the top of your foot is on the floor.,stretching
Kneeling Jump Squat,push,expert,compound,barbell,glutes,calves,hamstrings,quadriceps,None,None,None,None,None,None,None,"Begin kneeling on the floor with a barbell racked across the back of your shoulders, or you can use your body weight for this exercise. This can be done inside of a power rack to make unracking easier.",olympic weightlifting
Kneeling Single-Arm High Pulley Row,pull,beginner,compound,cable,lats,biceps,middle back,None,None,None,None,None,None,None,None,Attach a single handle to a high pulley and make your weight selection.,strength
Kneeling Squat,push,intermediate,compound,barbell,glutes,abdominals,hamstrings,lower back,None,None,None,None,None,None,None,"Set the bar to the proper height in a power rack. Kneel behind the bar; it may be beneficial to put a mat down to pad your knees. Slide under the bar, racking it across the back of your shoulders. Your shoulder blades should be retracted and the bar tight across your back. Unrack the weight.",powerlifting
Landmine 180's,pull,beginner,compound,barbell,abdominals,glutes,lower back,shoulders,None,None,None,None,None,None,None,Position a bar into a landmine or securely anchor it in a corner. Load the bar to an appropriate weight.,strength
Landmine Linear Jammer,push,intermediate,compound,barbell,shoulders,abdominals,calves,chest,hamstrings,quadriceps,triceps,None,None,None,None,"Position a bar into landmine or, lacking one, securely anchor it in a corner. Load the bar to an appropriate weight and position the handle attachment on the bar.",strength
Lateral Bound,push,beginner,compound,body only,adductors,abductors,calves,glutes,hamstrings,quadriceps,None,None,None,None,None,Assume a half squat position facing 90 degrees from your direction of travel. This will be your starting position.,plyometrics
Lateral Box Jump,push,beginner,compound,other,adductors,abductors,calves,glutes,hamstrings,quadriceps,None,None,None,None,None,"Assume a comfortable standing position, with a short box positioned next to you. This will be your starting position.",plyometrics
Lateral Cone Hops,push,beginner,compound,other,adductors,abductors,calves,glutes,hamstrings,quadriceps,None,None,None,None,None,Position a number of cones in a row several feet apart.,plyometrics
Lateral Raise - With Bands,push,beginner,isolation,bands,shoulders,None,None,None,None,None,None,None,None,None,None,"To begin, stand on an exercise band so that tension begins at arm's length. Grasp the handles using a pronated (palms facing your thighs) grip that is slightly less than shoulder width. The handles should be resting on the sides of your thighs. Your arms should be extended with a slight bend at the elbows and your back should be straight. This will be your starting position.",strength
Latissimus Dorsi-SMR,static,beginner,isolation,foam roll,lats,None,None,None,None,None,None,None,None,None,None,"While lying on the floor, place a foam roll under your back and to one side, just behind your arm pit. This will be your starting position.",stretching
Leg-Over Floor Press,push,intermediate,compound,kettlebells,chest,shoulders,triceps,None,None,None,None,None,None,None,None,"Lie on the floor with one kettlebell in place on your chest, holding it by the handle. Extend leg on working side over leg on non-working side.Your free arm can be extended out to your side for support.",strength
Leg-Up Hamstring Stretch,push,beginner,isolation,None,hamstrings,None,None,None,None,None,None,None,None,None,None,"Lie flat on your back, bend one knee, and put that foot flat on the floor to stabilize your spine.",stretching
Leg Extensions,push,beginner,isolation,machine,quadriceps,None,None,None,None,None,None,None,None,None,None,"For this exercise you will need to use a leg extension machine. First choose your weight and sit on the machine with your legs under the pad (feet pointed forward) and the hands holding the side bars. This will be your starting position. Tip: You will need to adjust the pad so that it falls on top of your lower leg (just above your feet). Also, make sure that your legs form a 90-degree angle between the lower and upper leg. If the angle is less than 90-degrees then that means the knee is over the toes which in turn creates undue stress at the knee joint. If the machine is designed that way, either look for another machine or just make sure that when you start executing the exercise you stop going down once you hit the 90-degree angle.",strength
Leg Lift,push,beginner,isolation,body only,glutes,hamstrings,None,None,None,None,None,None,None,None,None,"While standing up straight with both feet next to each other at around shoulder width, grab a sturdy surface such as the sides of a squat rack or the top of a chair to brace yourself and keep balance.",strength
Leg Press,push,beginner,compound,machine,quadriceps,calves,glutes,hamstrings,None,None,None,None,None,None,None,"Using a leg press machine, sit down on the machine and place your legs on the platform directly in front of you at a medium (shoulder width) foot stance. (Note: For the purposes of this discussion we will use the medium stance described above which targets overall development; however you can choose any of the three stances described in the foot positioning section).",strength
Leg Pull-In,pull,beginner,compound,body only,abdominals,None,None,None,None,None,None,None,None,None,None,Lie on an exercise mat with your legs extended and your hands either palms facing down next to you or under your glutes. Tip: My preference is with the hands next to me. This will be your starting position.,strength
Leverage Chest Press,push,beginner,compound,machine,chest,shoulders,triceps,None,None,None,None,None,None,None,None,Load an appropriate weight onto the pins and adjust the seat for your height. The handles should be near the bottom or middle of the pectorals at the beginning of the motion.,strength
Leverage Deadlift,pull,beginner,compound,machine,quadriceps,glutes,hamstrings,None,None,None,None,None,None,None,None,"Load the pins to an appropriate weight. Position yourself directly between the handles. Grasp the bottom handles with a comfortable grip, and then lower your hips as you take a breath. Look forward with your head and keep your chest up. This will be your starting position.",strength
Leverage Decline Chest Press,push,beginner,compound,machine,chest,shoulders,triceps,None,None,None,None,None,None,None,None,Load an appropriate weight onto the pins and adjust the seat for your height. The handles should be near the bottom of the pectorals at the beginning of the motion. Your chest and head should be up and your shoulder blades retracted. This will be your starting position.,strength
Leverage High Row,pull,beginner,compound,machine,middle back,lats,None,None,None,None,None,None,None,None,None,Load an appropriate weight onto the pins and adjust the seat height so that you can just reach the handles above you. Adjust the knee pad to help keep you down. Grasp the handles with a pronated grip. This will be your starting position.,strength
Leverage Incline Chest Press,push,beginner,compound,machine,chest,shoulders,triceps,None,None,None,None,None,None,None,None,Load an appropriate weight onto the pins and adjust the seat for your height. The handles should be near the top of the pectorals at the beginning of the motion. Your chest and head should be up and your shoulder blades retracted. This will be your starting position.,strength
Leverage Iso Row,pull,beginner,compound,machine,lats,biceps,middle back,None,None,None,None,None,None,None,None,Load an appropriate weight onto the pins and adjust the seat height so that the handles are at chest level. Grasp the handles with either a neutral or pronated grip. This will be your starting position.,strength
Leverage Shoulder Press,push,beginner,compound,machine,shoulders,triceps,None,None,None,None,None,None,None,None,None,Load an appropriate weight onto the pins and adjust the seat for your height. The handles should be near the top of the shoulders at the beginning of the motion. Your chest and head should be up and handles held with a pronated grip. This will be your starting position.,strength
Leverage Shrug,pull,beginner,isolation,machine,traps,forearms,None,None,None,None,None,None,None,None,None,Load the pins to an appropriate weight. Position yourself directly between the handles.,strength
Linear 3-Part Start Technique,push,beginner,compound,None,hamstrings,calves,quadriceps,None,None,None,None,None,None,None,None,This drill helps you accelerate as quickly as possible into a sprint from a dead stop. It helps to use a line to start from. Begin with two feet on the line. Place your left foot with the toe next to your right ankle. Place your right foot 4-6 inches behind the left.,plyometrics
Linear Acceleration Wall Drill,None,beginner,compound,None,hamstrings,calves,glutes,quadriceps,None,None,None,None,None,None,None,"Lean at around 45 degrees against a wall. Your feet should be together, glutes contracted.",plyometrics
Linear Depth Jump,push,intermediate,compound,other,quadriceps,calves,glutes,hamstrings,None,None,None,None,None,None,None,You will need two boxes or benches spaced a few feet away from each other. Begin by standing on one box facing towards the other platform.,plyometrics
Log Lift,push,intermediate,compound,other,shoulders,abdominals,chest,glutes,hamstrings,lower back,middle back,quadriceps,traps,triceps,None,"Begin standing with the log in front of you. Grasp the handles, and begin to clean the log. As you are bent over to start the clean, attempt to get the log as high as possible, pulling it into your chest. Extend through the hips and knees to bring it up to complete the clean.",strongman
London Bridges,pull,intermediate,compound,other,lats,biceps,forearms,middle back,None,None,None,None,None,None,None,"Attach a climbing rope to a high beam or cross member. Below it, ensure that the smith machine bar is locked in place with the safeties and cannot move. Alternatively, a secure box could also be utilized.",strength
Looking At Ceiling,static,beginner,isolation,None,quadriceps,None,None,None,None,None,None,None,None,None,None,"Kneel on the floor, holding your heels with both hands.",stretching
Low Cable Crossover,push,beginner,isolation,cable,chest,shoulders,None,None,None,None,None,None,None,None,None,"To move into the starting position, place the pulleys at the low position, select the resistance to be used and grasp a handle in each hand.",strength
Low Cable Triceps Extension,push,beginner,isolation,cable,triceps,None,None,None,None,None,None,None,None,None,None,Select the desired weight and lay down face up on the bench of a seated row machine that has a rope attached to it. Your head should be pointing towards the attachment.,strength
Low Pulley Row To Neck,pull,beginner,compound,cable,shoulders,biceps,middle back,traps,None,None,None,None,None,None,None,Sit on a low pulley row machine with a rope attachment.,strength
Lower Back-SMR,static,beginner,None,foam roll,lower back,None,None,None,None,None,None,None,None,None,None,"In a seated position, place a foam roll under your lower back. Cross your arms in front of you and protract your shoulders. This will be your starting position.",stretching
Lower Back Curl,static,beginner,None,body only,abdominals,None,None,None,None,None,None,None,None,None,None,Lie on your stomach with your arms out to your sides. This will be your starting position.,stretching
Lunge Pass Through,push,intermediate,compound,kettlebells,hamstrings,calves,glutes,quadriceps,None,None,None,None,None,None,None,Stand with your torso upright holding a kettlebell in your right hand. This will be your starting position.,strength
Lunge Sprint,push,intermediate,compound,machine,quadriceps,calves,glutes,hamstrings,None,None,None,None,None,None,None,"Adjust a bar in a Smith machine to an appropriate height. Position yourself under the bar, racking it across the back of your shoulders. Unrack the bar, and then split your feet, moving one foot forward and one foot back. This will be your starting position.",strength
Lying Bent Leg Groin,static,expert,None,other,adductors,None,None,None,None,None,None,None,None,None,None,Lie on your back with your knees bent and the soles of the feet pressed together. Have your partner hold your knees. This will be your starting position.,stretching
Lying Cable Curl,pull,intermediate,isolation,cable,biceps,None,None,None,None,None,None,None,None,None,None,"Grab a straight bar or E-Z bar attachment that is attached to the low pulley with both hands, using an underhand (palms facing up) shoulder-width grip.",strength
Lying Cambered Barbell Row,pull,beginner,isolation,barbell,middle back,biceps,lats,traps,None,None,None,None,None,None,None,Place a cambered bar underneath an exercise bench.,strength
Lying Close-Grip Bar Curl On High Pulley,pull,beginner,isolation,cable,biceps,None,None,None,None,None,None,None,None,None,None,Place a flat bench in front of a high pulley or lat pulldown machine.,strength
Lying Close-Grip Barbell Triceps Extension Behind The Head,push,intermediate,isolation,barbell,triceps,None,None,None,None,None,None,None,None,None,None,"While holding a barbell or EZ Curl bar with a pronated grip (palms facing forward), lie on your back on a flat bench with your head close to the end of the bench. Tip: If you are holding a barbell grab it using a shoulder-width grip and if you are using an E-Z Bar grab it on the inner handles.",strength
Lying Close-Grip Barbell Triceps Press To Chin,push,intermediate,isolation,e-z curl bar,triceps,None,None,None,None,None,None,None,None,None,None,"While holding a barbell or EZ Curl bar with a pronated grip (palms facing forward), lie on your back on a flat bench with your head off the end of the bench. Tip: If you are holding a barbell grab it using a shoulder-width grip and if you are using an E-Z Bar grab it on the inner handles.",strength
Lying Crossover,static,expert,None,body only,abductors,None,None,None,None,None,None,None,None,None,None,Lie on your back with your legs extended.,stretching
Lying Dumbbell Tricep Extension,push,intermediate,isolation,dumbbell,triceps,chest,shoulders,None,None,None,None,None,None,None,None,Lie on a flat bench while holding two dumbbells directly in front of you. Your arms should be fully extended at a 90-degree angle from your torso and the floor. The palms should be facing in and the elbows should be tucked in. This is the starting position.,strength
Lying Face Down Plate Neck Resistance,pull,intermediate,isolation,other,neck,None,None,None,None,None,None,None,None,None,None,"Lie face down with your whole body straight on a flat bench while holding a weight plate behind your head. Tip: You will need to position yourself so that your shoulders are slightly above the end of a flat bench in order for the upper chest, neck and face to be off the bench. This will be your starting position.",strength
Lying Face Up Plate Neck Resistance,pull,intermediate,isolation,other,neck,None,None,None,None,None,None,None,None,None,None,"Lie face up with your whole body straight on a flat bench while holding a weight plate on top of your forehead. Tip: You will need to position yourself so that your shoulders are slightly above the end of a flat bench in order for the traps, neck and head to be off the bench. This will be your starting position.",strength
Lying Glute,static,expert,None,body only,glutes,abductors,None,None,None,None,None,None,None,None,None,Lie on your back with your partner kneeling beside you.,stretching
Lying Hamstring,static,expert,None,other,hamstrings,calves,None,None,None,None,None,None,None,None,None,Lie on your back with your legs extended. Your partner should be kneeling beside you. Raise one leg up towards the ceiling and have your partner hold the ankle. Your partner can use their shoulder to brace your leg if necessary. This will be your starting position.,stretching
Lying High Bench Barbell Curl,pull,intermediate,isolation,barbell,biceps,None,None,None,None,None,None,None,None,None,None,Lie face forward on a tall flat bench while holding a barbell with a supinated grip (palms facing up). Tip: If you are holding a barbell grab it using a shoulder-width grip and if you are using an E-Z Bar grab it on the inner handles. Your upper body should be positioned in a way that the upper chest is over the end of the bench and the barbell is hanging in front of you with the arms extended and perpendicular to the floor. This will be your starting position.,strength
Lying Leg Curls,pull,beginner,isolation,machine,hamstrings,None,None,None,None,None,None,None,None,None,None,Adjust the machine lever to fit your height and lie face down on the leg curl machine with the pad of the lever on the back of your legs (just a few inches under the calves). Tip: Preferably use a leg curl machine that is angled as opposed to flat since an angled position is more favorable for hamstrings recruitment.,strength
Lying Machine Squat,push,intermediate,compound,machine,quadriceps,calves,glutes,hamstrings,None,None,None,None,None,None,None,Adjust the leg machine to a height that will allow you to get inside it with your knees bent and the thighs slightly below parallel.,strength
Lying One-Arm Lateral Raise,pull,intermediate,isolation,dumbbell,shoulders,None,None,None,None,None,None,None,None,None,None,"While holding a dumbbell in one hand, lay with your chest down on a flat bench. The other hand can be used to hold to the leg of the bench for stability.",strength
Lying Prone Quadriceps,None,expert,None,body only,quadriceps,None,None,None,None,None,None,None,None,None,None,"Lay face down on the floor with your partner kneeling beside you. Flex one knee and raise that leg off the ground, attempting to touch your glutes with your foot. Your partner should hold the knee and ankle. This will be your starting position.",stretching
Lying Rear Delt Raise,pull,intermediate,isolation,dumbbell,shoulders,None,None,None,None,None,None,None,None,None,None,"While holding a dumbbell in each hand, lay with your chest down on a flat bench.",strength
Lying Supine Dumbbell Curl,pull,beginner,isolation,dumbbell,biceps,None,None,None,None,None,None,None,None,None,None,Lie down on a flat bench face up while holding a dumbbell in each arm on top of your thighs.,strength
Lying T-Bar Row,pull,intermediate,compound,machine,middle back,biceps,lats,None,None,None,None,None,None,None,None,Load up the T-bar Row Machine with the desired weight and adjust the leg height so that your upper chest is at the top of the pad. Tip: In some machines all you can do is stand on the appropriate step that allows you to be at a height that has the upper chest at the top of the pad.,strength
Lying Triceps Press,push,intermediate,isolation,e-z curl bar,triceps,None,None,None,None,None,None,None,None,None,None,Lie on a flat bench with either an e-z bar (my preference) or a straight bar placed on the floor behind your head and your feet on the floor.,strength
Machine Bench Press,push,beginner,compound,machine,chest,shoulders,triceps,None,None,None,None,None,None,None,None,Sit down on the Chest Press Machine and select the weight.,strength
Machine Bicep Curl,pull,beginner,isolation,machine,biceps,None,None,None,None,None,None,None,None,None,None,Adjust the seat to the appropriate height and make your weight selection. Place your upper arms against the pads and grasp the handles. This will be your starting position.,strength
Machine Preacher Curls,pull,beginner,isolation,machine,biceps,None,None,None,None,None,None,None,None,None,None,Sit down on the Preacher Curl Machine and select the weight.,strength
Machine Shoulder (Military) Press,push,beginner,compound,machine,shoulders,triceps,None,None,None,None,None,None,None,None,None,Sit down on the Shoulder Press Machine and select the weight.,strength
Machine Triceps Extension,push,beginner,isolation,machine,triceps,None,None,None,None,None,None,None,None,None,None,Adjust the seat to the appropriate height and make your weight selection. Place your upper arms against the pads and grasp the handles. This will be your starting position.,strength
Medicine Ball Chest Pass,push,beginner,compound,medicine ball,chest,shoulders,triceps,None,None,None,None,None,None,None,None,"You will need a partner for this exercise. Lacking one, this movement can be performed against a wall.",plyometrics
Medicine Ball Full Twist,pull,beginner,compound,medicine ball,abdominals,shoulders,None,None,None,None,None,None,None,None,None,"For this exercise you will need a medicine ball and a partner. Stand back to back with your partner, spaced 2-3 feet apart. This will be your starting position.",plyometrics
Medicine Ball Scoop Throw,push,beginner,compound,medicine ball,shoulders,abdominals,hamstrings,quadriceps,None,None,None,None,None,None,None,Assume a semisquat stance with a medicine ball in your hands. Your arms should hang so the ball is near your feet.,plyometrics
Middle Back Shrug,pull,intermediate,isolation,dumbbell,middle back,None,None,None,None,None,None,None,None,None,None,Lie facedown on an incline bench while holding a dumbbell in each hand. Your arms should be fully extended hanging down and pointing towards the floor. The palms of your hands should be facing each other. This will be your starting position.,strength
Middle Back Stretch,static,beginner,isolation,None,middle back,abdominals,lats,lower back,None,None,None,None,None,None,None,Stand so your feet are shoulder width apart and your hands are on your hips.,stretching
Mixed Grip Chin,pull,expert,compound,other,middle back,biceps,lats,None,None,None,None,None,None,None,None,"Using a spacing that is just about 1 inch wider than shoulder width, grab a pull-up bar with the palms of one hand facing forward and the palms of the other hand facing towards you. This will be your starting position.",strength
Monster Walk,pull,beginner,compound,bands,abductors,None,None,None,None,None,None,None,None,None,None,Place a band around both ankles and another around both knees. There should be enough tension that they are tight when your feet are shoulder width apart.,strength
Mountain Climbers,pull,beginner,compound,None,quadriceps,chest,hamstrings,shoulders,None,None,None,None,None,None,None,"Begin in a pushup position, with your weight supported by your hands and toes. Flexing the knee and hip, bring one leg until the knee is approximately under the hip. This will be your starting position.",plyometrics
Moving Claw Series,None,beginner,compound,None,hamstrings,calves,quadriceps,None,None,None,None,None,None,None,None,"This move helps prepare your running form to help you excel at sprinting. As you run, be sure to flex the knee, aiming to kick your glutes as the hip extends.",plyometrics
Muscle Snatch,pull,intermediate,compound,barbell,hamstrings,glutes,lower back,quadriceps,shoulders,triceps,None,None,None,None,None,"Begin with a loaded barbell held at the mid thigh position with a wide grip. The feet should be directly below the hips, with the feet turned out as needed. Lower the hips, with the chest up and the head looking forward. The shoulders should be just in front of the bar. This will be the starting position.",olympic weightlifting
Muscle Up,pull,intermediate,compound,other,lats,abdominals,biceps,forearms,middle back,shoulders,traps,triceps,None,None,None,"Grip the rings using a false grip, with the base of your palms on top of the rings. Initiate a pull up by pulling the elbows down to your side, flexing the elbows.",strength
Narrow Stance Hack Squats,push,intermediate,compound,machine,quadriceps,calves,glutes,hamstrings,None,None,None,None,None,None,None,Place the back of your torso against the back pad of the machine and hook your shoulders under the shoulder pads provided.,strength
Narrow Stance Leg Press,push,intermediate,compound,machine,quadriceps,calves,glutes,hamstrings,None,None,None,None,None,None,None,"Using a leg press machine, sit down on the machine and place your legs on the platform directly in front of you at a less-than-shoulder-width narrow stance with the toes slightly pointed out. Your feet should be around 3 inches or less apart. Tip: Keep your head up at all times and also maintain the back on the pad at all times.",strength
Narrow Stance Squats,push,intermediate,compound,barbell,quadriceps,calves,glutes,hamstrings,lower back,None,None,None,None,None,None,"This exercise is best performed inside a squat rack for safety purposes. To begin, first set the bar on a rack that best matches your height. Once the correct height is chosen and the bar is loaded, step under the bar and place the back of your shoulders (slightly below the neck) across it.",strength
Natural Glute Ham Raise,pull,intermediate,compound,body only,hamstrings,calves,glutes,lower back,None,None,None,None,None,None,None,"Using the leg pad of a lat pulldown machine or a preacher bench, position yourself so that your ankles are under the pads, knees on the seat, and you are facing away from the machine. You should be upright and maintaining good posture.",strength
Neck-SMR,static,intermediate,None,other,neck,None,None,None,None,None,None,None,None,None,None,"Using a muscle roller or a rolling pin, place the roller behind your head and against your neck. Make sure that you do not place the roller directly against the spine, but turned slightly so that the roller is pressed against the muscles to either side of the spine. This will be your starting position.",stretching
Neck Press,push,intermediate,compound,barbell,chest,shoulders,triceps,None,None,None,None,None,None,None,None,"Lie back on a flat bench. Using a medium-width grip (a grip that creates a 90-degree angle in the middle of the movement between the forearms and the upper arms), lift the bar from the rack and hold it straight over your neck with your arms locked. This will be your starting position.",strength
Oblique Crunches,pull,beginner,isolation,body only,abdominals,None,None,None,None,None,None,None,None,None,None,"Lie flat on the floor with your lower back pressed to the ground. For this exercise, you will need to put one hand beside your head and the other to the side against the floor.",strength
Oblique Crunches - On The Floor,pull,beginner,isolation,body only,abdominals,None,None,None,None,None,None,None,None,None,None,Start out by lying on your right side with your legs lying on top of each other. Make sure your knees are bent a little bit.,strength
Olympic Squat,push,intermediate,compound,barbell,quadriceps,calves,glutes,hamstrings,None,None,None,None,None,None,None,"Begin with a barbell supported on top of the traps. The chest should be up, and the head facing forward. Adopt a hip width stance with the feet turned out as needed.",olympic weightlifting
On-Your-Back Quad Stretch,static,beginner,isolation,other,quadriceps,None,None,None,None,None,None,None,None,None,None,"Lie on a flat bench or step, and hang one leg and arm over the side.",stretching
On Your Side Quad Stretch,static,beginner,isolation,None,quadriceps,None,None,None,None,None,None,None,None,None,None,"Start off by lying on your right side, with your right knee bent at a 90-degree angle resting on the floor in front of you (this stabilizes the torso).",stretching
One-Arm Dumbbell Row,pull,beginner,compound,dumbbell,middle back,biceps,lats,shoulders,None,None,None,None,None,None,None,Choose a flat bench and place a dumbbell on each side of it.,strength
One-Arm Flat Bench Dumbbell Flye,push,beginner,isolation,dumbbell,chest,None,None,None,None,None,None,None,None,None,None,Lie down on a flat bench with a dumbbell in one hand resting on top of your thigh. The palm of your hand with the dumbbell in it should be at a neutral grip.,strength
One-Arm High-Pulley Cable Side Bends,pull,beginner,isolation,cable,abdominals,None,None,None,None,None,None,None,None,None,None,Connect a standard handle to a tower. Move cable to highest pulley position.,strength
One-Arm Incline Lateral Raise,push,beginner,isolation,dumbbell,shoulders,None,None,None,None,None,None,None,None,None,None,Lie down sideways on an incline bench press with a dumbbell in the hand. Make sure the shoulder is pressing against the incline bench and the arm is lying across your body with the palm around your navel.,strength
One-Arm Kettlebell Clean,pull,intermediate,compound,kettlebells,hamstrings,glutes,lower back,shoulders,traps,None,None,None,None,None,None,"Place a kettlebell between your feet. As you bend down to grab the kettlebell, push your butt back and keep your eyes looking forward.",strength
One-Arm Kettlebell Clean and Jerk,push,intermediate,compound,kettlebells,shoulders,None,None,None,None,None,None,None,None,None,None,Hold a kettlebell by the handle.,strength
One-Arm Kettlebell Floor Press,push,intermediate,compound,kettlebells,chest,triceps,None,None,None,None,None,None,None,None,None,"Lie on the floor holding a kettlebell with one hand, with your upper arm supported by the floor. The palm should be facing in.",strength
One-Arm Kettlebell Jerk,push,intermediate,compound,kettlebells,shoulders,calves,quadriceps,triceps,None,None,None,None,None,None,None,"Hold a kettlebell by the handle. Clean the kettlebell to your shoulder by extending through the legs and hips as you pull the kettlebell towards your shoulder. Rotate your wrist as you do so, so that the palm faces forward. This will be your starting position.",strength
One-Arm Kettlebell Military Press To The Side,push,intermediate,compound,kettlebells,shoulders,triceps,None,None,None,None,None,None,None,None,None,"Clean a kettlebell to your shoulder. Clean the kettlebell to your shoulder by extending through the legs and hips as you pull the kettlebell towards your shoulder. Rotate your wrist as you do so, so that the palm faces inward. This will be your starting position.",strength
One-Arm Kettlebell Para Press,push,intermediate,compound,kettlebells,shoulders,triceps,None,None,None,None,None,None,None,None,None,"Clean a kettlebell to your shoulder. Clean the kettlebell to your shoulder by extending through the legs and hips as you pull the kettlebell towards your shoulder. Rotate your wrist as you do so, so that the palm faces forward. This will be your starting position.",strength
One-Arm Kettlebell Push Press,push,intermediate,compound,kettlebells,shoulders,calves,quadriceps,triceps,None,None,None,None,None,None,None,"Hold a kettlebell by the handle. Clean the kettlebell to your shoulder by extending through the legs and hips as you pull the kettlebell towards your shoulder. Rotate your wrist as you do so, so that the palm faces forward. This will be your starting position.",strength
One-Arm Kettlebell Row,pull,intermediate,compound,kettlebells,middle back,biceps,lats,None,None,None,None,None,None,None,None,None,strength
One-Arm Kettlebell Snatch,pull,expert,compound,kettlebells,shoulders,calves,glutes,hamstrings,lower back,traps,triceps,None,None,None,None,Place a kettlebell between your feet. Bend your knees and push your butt back to get in the proper starting position.,strength
One-Arm Kettlebell Split Jerk,push,intermediate,compound,kettlebells,shoulders,glutes,hamstrings,quadriceps,triceps,None,None,None,None,None,None,"Hold a kettlebell by the handle. Clean the kettlebell to your shoulder by extending through the legs and hips as you pull the kettlebell towards your shoulder. Rotate your wrist as you do so, so that the palm faces forward. This will be your starting position.",strength
One-Arm Kettlebell Split Snatch,pull,expert,compound,kettlebells,shoulders,hamstrings,quadriceps,None,None,None,None,None,None,None,None,Hold a kettlebell in one hand by the handle.,strength
One-Arm Kettlebell Swings,pull,intermediate,compound,kettlebells,hamstrings,calves,glutes,lower back,shoulders,None,None,None,None,None,None,None,strength
One-Arm Long Bar Row,pull,beginner,compound,barbell,middle back,biceps,lats,None,None,None,None,None,None,None,None,Position a bar into a landmine or in a corner to keep it from moving. Load an appropriate weight onto your end.,strength
One-Arm Medicine Ball Slam,pull,beginner,compound,medicine ball,abdominals,lats,shoulders,None,None,None,None,None,None,None,None,"Start in a standing position with a staggered, athletic stance. Hold a medicine ball in one hand, on the same side as your back leg. This will be your starting position.",strength
One-Arm Open Palm Kettlebell Clean,pull,intermediate,compound,kettlebells,hamstrings,forearms,glutes,lower back,quadriceps,shoulders,None,None,None,None,None,Place one kettlebell between your feet.,strength
One-Arm Overhead Kettlebell Squats,push,expert,compound,kettlebells,quadriceps,calves,glutes,hamstrings,shoulders,None,None,None,None,None,None,Clean and press a kettlebell with one arm. Clean the kettlebell to your shoulder by extending through the legs and hips as you pull the kettlebell towards your shoulder. Rotate your wrist as you do so. Press the weight overhead by extending through the elbow.This will be your starting position.,strength
One-Arm Side Deadlift,pull,expert,compound,barbell,quadriceps,abdominals,calves,glutes,hamstrings,lower back,traps,None,None,None,None,Stand to the side of a barbell next to its center. Bend your knees and lower your body until you are able to reach the barbell.,strength
One-Arm Side Laterals,push,beginner,isolation,dumbbell,shoulders,None,None,None,None,None,None,None,None,None,None,Pick a dumbbell and place it in one of your hands. Your non lifting hand should be used to grab something steady such as an incline bench press. Lean towards your lifting arm and away from the hand that is gripping the incline bench as this will allow you to keep your balance.,strength
One-Legged Cable Kickback,push,intermediate,isolation,cable,glutes,hamstrings,None,None,None,None,None,None,None,None,None,Hook a leather ankle cuff to a low cable pulley and then attach the cuff to your ankle.,strength
One Arm Against Wall,static,beginner,isolation,None,lats,None,None,None,None,None,None,None,None,None,None,"From a standing position, place a bent arm against a wall or doorway.",stretching
One Arm Chin-Up,pull,expert,compound,other,middle back,biceps,forearms,lats,None,None,None,None,None,None,None,"For this exercise, start out by placing a towel around a chin up bar.",strength
One Arm Dumbbell Bench Press,push,beginner,compound,dumbbell,chest,shoulders,triceps,None,None,None,None,None,None,None,None,Lie down on a flat bench with a dumbbell in one hand on top of your thigh.,strength
One Arm Dumbbell Preacher Curl,pull,beginner,isolation,dumbbell,biceps,None,None,None,None,None,None,None,None,None,None,Grab a dumbbell with the right arm and place the upper arm on top of the preacher bench or the incline bench. The dumbbell should be held at shoulder length. This will be your starting position.,strength
One Arm Floor Press,push,intermediate,compound,barbell,triceps,chest,shoulders,None,None,None,None,None,None,None,None,Lie down on a flat surface with your back pressing against the floor or an exercise mat. Make sure your knees are bent.,strength
One Arm Lat Pulldown,pull,beginner,compound,cable,lats,biceps,middle back,None,None,None,None,None,None,None,None,Select an appropriate weight and adjust the knee pad to help keep you down. Grasp the handle with a pronated grip. This will be your starting position.,strength
One Arm Pronated Dumbbell Triceps Extension,push,beginner,isolation,dumbbell,triceps,None,None,None,None,None,None,None,None,None,None,Lie flat on a bench while holding a dumbbell at arms length. Your arm should be perpendicular to your body. The palm of your hand should be facing towards your feet as a pronated grip is required to perform this exercise.,strength
One Arm Supinated Dumbbell Triceps Extension,push,beginner,isolation,dumbbell,triceps,None,None,None,None,None,None,None,None,None,None,Lie flat on a bench while holding a dumbbell at arms length. Your arm should be perpendicular to your body. The palm of your hand should be facing towards your face as a supinated grip is required to perform this exercise.,strength
One Half Locust,static,beginner,None,None,quadriceps,abdominals,biceps,chest,None,None,None,None,None,None,None,Lie facedown on the floor.,stretching
One Handed Hang,static,beginner,None,other,lats,biceps,None,None,None,None,None,None,None,None,None,None,stretching
One Knee To Chest,static,beginner,compound,None,glutes,hamstrings,lower back,None,None,None,None,None,None,None,None,Start off by lying on the floor.,stretching
One Leg Barbell Squat,push,expert,compound,barbell,quadriceps,calves,glutes,hamstrings,None,None,None,None,None,None,None,Start by standing about 2 to 3 feet in front of a flat bench with your back facing the bench. Have a barbell in front of you on the floor. Tip: Your feet should be shoulder width apart from each other.,strength
Open Palm Kettlebell Clean,pull,expert,compound,kettlebells,hamstrings,glutes,lower back,quadriceps,shoulders,None,None,None,None,None,None,Place one kettlebell between your feet. Clean the kettlebell by extending through the legs and hips as you raise the kettlebell towards your shoulders.,strength
Otis-Up,pull,beginner,compound,other,abdominals,chest,shoulders,triceps,None,None,None,None,None,None,None,Secure your feet and lay back on the floor. Your knees should be bent. Hold a weight with both hands to your chest. This will be your starting position.,strength
Overhead Cable Curl,pull,intermediate,isolation,cable,biceps,None,None,None,None,None,None,None,None,None,None,"To begin, set a weight that is comfortable on each side of the pulley machine. Note: Make sure that the amount of weight selected is the same on each side.",strength
Overhead Lat,static,expert,None,other,lats,triceps,None,None,None,None,None,None,None,None,None,"Sit upright on the floor with your partner behind you. Raise one arm straight up, and flex the elbow, attempting to touch your hand to your back. Your parner should hold your tricep and wrist. This will be your starting position.",stretching
Overhead Slam,pull,beginner,compound,medicine ball,lats,None,None,None,None,None,None,None,None,None,None,Hold a medine ball with both hands and stand with your feet at shoulder width. This will be your starting position.,plyometrics
Overhead Squat,push,expert,compound,barbell,quadriceps,abdominals,calves,glutes,hamstrings,lower back,shoulders,triceps,None,None,None,Start out by having a barbell in front of you on the floor. Your feet should be wider than shoulder width apart from each other.,olympic weightlifting
Overhead Stretch,static,beginner,compound,None,abdominals,chest,forearms,lats,triceps,None,None,None,None,None,None,"Standing straight up, lace your fingers together and open your palms to the ceiling. Keep your shoulders down as you extend your arms up.",stretching
Overhead Triceps,static,expert,None,body only,triceps,lats,None,None,None,None,None,None,None,None,None,"Sit upright on the floor with your partner behind you. Raise one arm straight up, and flex the elbow, attempting to touch your hand to your back. Your parner should hold your elbow and wrist. This will be your starting position.",stretching
Pallof Press,pull,beginner,isolation,cable,abdominals,chest,shoulders,triceps,None,None,None,None,None,None,None,"Connect a standard handle to a tower, and—if possible—position the cable to shoulder height. If not, a low pulley will suffice.",strength
Pallof Press With Rotation,pull,beginner,compound,cable,abdominals,chest,shoulders,triceps,None,None,None,None,None,None,None,"Connect a standard handle to a tower, and position the cable to shoulder height.",strength
Palms-Down Dumbbell Wrist Curl Over A Bench,pull,beginner,isolation,dumbbell,forearms,None,None,None,None,None,None,None,None,None,None,Start out by placing two dumbbells on one side of a flat bench.,strength
Palms-Down Wrist Curl Over A Bench,pull,beginner,isolation,barbell,forearms,None,None,None,None,None,None,None,None,None,None,Start out by placing a barbell on one side of a flat bench.,strength
Palms-Up Barbell Wrist Curl Over A Bench,pull,beginner,isolation,barbell,forearms,None,None,None,None,None,None,None,None,None,None,Start out by placing a barbell on one side of a flat bench.,strength
Palms-Up Dumbbell Wrist Curl Over A Bench,pull,beginner,isolation,dumbbell,forearms,None,None,None,None,None,None,None,None,None,None,Start out by placing two dumbbells on one side of a flat bench.,strength
Parallel Bar Dip,push,beginner,compound,other,triceps,chest,shoulders,None,None,None,None,None,None,None,None,"Stand between a set of parallel bars. Place a hand on each bar, and then take a small jump to help you get into the starting position with your arms locked out.",strength
Pelvic Tilt Into Bridge,static,intermediate,compound,None,lower back,None,None,None,None,None,None,None,None,None,None,"Lie down with your feet on the floor, heels directly under your knees.",stretching
Peroneals-SMR,static,intermediate,None,foam roll,calves,None,None,None,None,None,None,None,None,None,None,"Lay on your side, supporting your weight on your forearm and on a foam roller placed on the outside of your lower leg. Your upper leg can either be on top of your lower leg, or you can cross it in front of you. This will be your starting position.",stretching
Peroneals Stretch,static,intermediate,None,other,calves,None,None,None,None,None,None,None,None,None,None,"In a seated position, loop a belt, rope, or band around one foot. This will be your starting position.",stretching
Physioball Hip Bridge,push,beginner,compound,exercise ball,glutes,hamstrings,None,None,None,None,None,None,None,None,None,"Lay on a ball so that your upper back is on the ball with your hips unsupported. Both feet should be flat on the floor, hip width apart or wider. This will be your starting position.",strength
Pin Presses,push,intermediate,compound,barbell,triceps,chest,forearms,lats,middle back,shoulders,None,None,None,None,None,"Pin presses remove the eccentric phase of the bench press, developing starting strength. They also allow you to train a desired range of motion.",powerlifting
Piriformis-SMR,static,intermediate,isolation,foam roll,glutes,None,None,None,None,None,None,None,None,None,None,"Sit with your buttocks on top of a foam roll. Bend your knees, and then cross one leg so that the ankle is over the knee. This will be your starting position.",stretching
Plank,static,beginner,isolation,body only,abdominals,None,None,None,None,None,None,None,None,None,None,"Get into a prone position on the floor, supporting your weight on your toes and your forearms. Your arms are bent and directly below the shoulder.",strength
Plate Pinch,static,intermediate,isolation,other,forearms,None,None,None,None,None,None,None,None,None,None,Grab two wide-rimmed plates and put them together with the smooth sides facing outward,strength
Plate Twist,pull,intermediate,compound,other,abdominals,None,None,None,None,None,None,None,None,None,None,Lie down on the floor or an exercise mat with your legs fully extended and your upper body upright. Grab the plate by its sides with both hands out in front of your abdominals with your arms slightly bent.,strength
Platform Hamstring Slides,pull,beginner,isolation,other,hamstrings,glutes,None,None,None,None,None,None,None,None,None,For this movement a wooden floor or similar is needed. Lay on your back with your legs extended. Place a gym towel or a light weight underneath your heel. This will be your starting position.,strength
Plie Dumbbell Squat,push,beginner,compound,dumbbell,quadriceps,abdominals,calves,glutes,hamstrings,None,None,None,None,None,None,Hold a dumbbell at the base with both hands and stand straight up. Move your legs so that they are wider than shoulder width apart from each other with your knees slightly bent.,strength
Plyo Kettlebell Pushups,push,expert,compound,kettlebells,chest,shoulders,triceps,None,None,None,None,None,None,None,None,"Place a kettlebell on the floor. Place yourself in a pushup position, on your toes with one hand on the ground and one hand holding the kettlebell, with your elbows extended. This will be your starting position.",strength
Plyo Push-up,push,beginner,compound,body only,chest,shoulders,triceps,None,None,None,None,None,None,None,None,"Move into a prone position on the floor, supporting your weight on your hands and toes.",plyometrics
Posterior Tibialis Stretch,static,intermediate,None,other,calves,None,None,None,None,None,None,None,None,None,None,"In a seated position, loop a belt, rope, or band around one foot. This will be your starting position.",stretching
Power Clean,pull,intermediate,compound,barbell,hamstrings,calves,forearms,glutes,lower back,middle back,quadriceps,shoulders,traps,triceps,None,Stand with your feet slightly wider than shoulder width apart and toes pointing out slightly.,strength
Power Clean from Blocks,pull,intermediate,compound,barbell,hamstrings,quadriceps,None,None,None,None,None,None,None,None,None,"With a barbell on boxes of the desired height, take a grip just outside the legs. Lower your hips with the weight focused on the heels, back straight, head facing forward, chest up, with your shoulders just in front of the bar. This will be your starting position.",olympic weightlifting
Power Jerk,push,expert,compound,barbell,quadriceps,abdominals,calves,glutes,hamstrings,shoulders,triceps,None,None,None,None,"Standing with the weight racked on the front of the shoulders, begin with the dip. With your feet directly under your hips, flex the knees without moving the hips backward. Go down only slightly, and reverse direction as powerfully as possible.",olympic weightlifting
Power Partials,push,beginner,isolation,dumbbell,shoulders,None,None,None,None,None,None,None,None,None,None,Stand up with your torso upright and a dumbbell on each hand being held at arms length. The elbows should be close to the torso.,strength
Power Snatch,pull,expert,compound,barbell,hamstrings,calves,glutes,lower back,quadriceps,shoulders,traps,triceps,None,None,None,"Begin with a loaded barbell on the floor. The bar should be close to or touching the shins, and a wide grip should be taken on the bar. The feet should be directly below the hips, with the feet turned out as needed. Lower the hips, with the chest up and the head looking forward. The shoulders should be just in front of the bar. This will be the starting position.",olympic weightlifting
Power Snatch from Blocks,pull,intermediate,compound,barbell,quadriceps,calves,forearms,glutes,hamstrings,lower back,shoulders,traps,triceps,None,None,"Begin with a loaded barbell on boxes or stands of the desired height. A wide grip should be taken on the bar. The feet should be directly below the hips, with the feet turned out as needed. Lower the hips, with the chest up and the head looking forward. The shoulders should be just in front of the bar, with the elbows pointed out. This will be the starting position.",olympic weightlifting
Power Stairs,pull,intermediate,compound,other,hamstrings,adductors,calves,glutes,lower back,quadriceps,shoulders,traps,None,None,None,"In the power stairs, implements are moved up a staircase. For training purposes, these can be performed with a tire or box.",strongman
Preacher Curl,pull,beginner,isolation,barbell,biceps,None,None,None,None,None,None,None,None,None,None,To perform this movement you will need a preacher bench and an E-Z bar. Grab the E-Z curl bar at the close inner handle (either have someone hand you the bar which is preferable or grab the bar from the front bar rest provided by most preacher benches). The palm of your hands should be facing forward and they should be slightly tilted inwards due to the shape of the bar.,strength
Preacher Hammer Dumbbell Curl,pull,beginner,isolation,dumbbell,biceps,forearms,None,None,None,None,None,None,None,None,None,Place the upper part of both arms on top of the preacher bench as you hold a dumbbell in each hand with the palms facing each other (neutral grip).,strength
Press Sit-Up,push,expert,compound,barbell,abdominals,chest,shoulders,triceps,None,None,None,None,None,None,None,"To begin, lie down on a bench with a barbell resting on your chest. Position your legs so they are secure on the extension of the abdominal bench. This is the starting position.",strength
Prone Manual Hamstring,static,beginner,isolation,None,hamstrings,None,None,None,None,None,None,None,None,None,None,You will need a partner for this exercise. Lay face down with your legs straight. Your assistant will place their hand on your heel.,strength
Prowler Sprint,push,beginner,compound,other,hamstrings,calves,chest,glutes,quadriceps,shoulders,None,None,None,None,None,"Place your sled on an appropriate surface, loaded to a suitable weight. The sled should provide enough resistance to require effort, but not so heavy that you are significantly slowed down.",cardio
Pull Through,pull,beginner,compound,cable,glutes,hamstrings,lower back,None,None,None,None,None,None,None,None,"Begin standing a few feet in front of a low pulley with a rope or handle attached. Face away from the machine, straddling the cable, with your feet set wide apart.",strength
Pullups,pull,beginner,compound,body only,lats,biceps,middle back,None,None,None,None,None,None,None,None,"Grab the pull-up bar with the palms facing forward using the prescribed grip. Note on grips: For a wide grip, your hands need to be spaced out at a distance wider than your shoulder width. For a medium grip, your hands need to be spaced out at a distance equal to your shoulder width and for a close grip at a distance smaller than your shoulder width.",strength
Push-Up Wide,None,beginner,compound,body only,chest,abdominals,shoulders,triceps,None,None,None,None,None,None,None,"With your hands wide apart, support your body on your toes and hands in a plank position. Your elbows should be extended and your body straight. Do not allow your hips to sag. This will be your starting position.",strength
Push-Ups - Close Triceps Position,push,intermediate,compound,body only,triceps,chest,shoulders,None,None,None,None,None,None,None,None,Lie on the floor face down and place your hands closer than shoulder width for a close hand position. Make sure that you are holding your torso up at arms' length.,strength
Push-Ups With Feet Elevated,push,beginner,compound,body only,chest,shoulders,triceps,None,None,None,None,None,None,None,None,Lie on the floor face down and place your hands about 36 inches apart from each other holding your torso up at arms length.,strength
Push-Ups With Feet On An Exercise Ball,push,intermediate,compound,exercise ball,chest,shoulders,triceps,None,None,None,None,None,None,None,None,Lie on the floor face down and place your hands about 36 inches apart from each other holding your torso up at arms length.,strength
Push Press,push,expert,compound,barbell,shoulders,quadriceps,triceps,None,None,None,None,None,None,None,None,None,olympic weightlifting
Push Press - Behind the Neck,push,intermediate,compound,barbell,shoulders,calves,quadriceps,triceps,None,None,None,None,None,None,None,"Standing with the weight racked on the back of the shoulders, begin with the dip. With your feet directly under your hips, flex the knees without moving the hips backward. Go down only slightly, and reverse direction as powerfully as possible. Drive through the heels create as much speed and force as possible, moving the bar in a vertical path.",olympic weightlifting
Push Up to Side Plank,push,beginner,compound,body only,chest,abdominals,shoulders,triceps,None,None,None,None,None,None,None,Get into pushup position on the toes with your hands just outside of shoulder width.,strength
Pushups,push,beginner,compound,body only,chest,shoulders,triceps,None,None,None,None,None,None,None,None,Lie on the floor face down and place your hands about 36 inches apart while holding your torso up at arms length.,strength
Pushups (Close and Wide Hand Positions),push,beginner,compound,body only,chest,shoulders,triceps,None,None,None,None,None,None,None,None,Lie on the floor face down and body straight with your toes on the floor and the hands wider than shoulder width for a wide hand position and closer than shoulder width for a close hand position. Make sure you are holding your torso up at arms length.,strength
Pyramid,static,beginner,None,exercise ball,lower back,shoulders,None,None,None,None,None,None,None,None,None,Start off by rolling your torso forward onto the ball so your hips rest on top of the ball and become the highest point of your body.,stretching
Quad Stretch,static,intermediate,None,other,quadriceps,None,None,None,None,None,None,None,None,None,None,"Lay on your side. Loop a belt, rope, or band around your top foot. Flex the knee and extend your hip, attempting to touch your glutes with your foot, and holding the belt with your hands. This will be your starting position.",stretching
Quadriceps-SMR,static,intermediate,isolation,foam roll,quadriceps,None,None,None,None,None,None,None,None,None,None,"Lay facedown on the floor with your weight supported by your hands or forearms. Place a foam roll underneath one leg on the quadriceps, and keep the foot off of the ground. Make sure to relax the leg as much as possible. This will be your starting position.",stretching
Quick Leap,push,beginner,compound,other,quadriceps,calves,hamstrings,None,None,None,None,None,None,None,None,You will need a box for this exerise.,plyometrics
Rack Delivery,pull,intermediate,compound,barbell,shoulders,forearms,traps,None,None,None,None,None,None,None,None,"This drill teaches the delivery of the barbell to the rack position on the shoulders. Begin holding a bar in the scarecrow position, with the upper arms parallel to the floor, and the forearms hanging down. Use a hook grip, with your fingers wrapped over your thumbs.",olympic weightlifting
Rack Pull with Bands,pull,intermediate,compound,barbell,lower back,forearms,glutes,hamstrings,quadriceps,traps,None,None,None,None,None,"Set up in a power rack with the bar on the pins. The pins should be set to the desired point; just below the knees, just above, or in the mid thigh position. Attach bands to the base of the rack, or secure them with dumbbells. Attach the other end to the bar. You may need to choke the bands to provide tension.",powerlifting
Rack Pulls,pull,intermediate,compound,barbell,lower back,forearms,glutes,hamstrings,traps,None,None,None,None,None,None,"Set up in a power rack with the bar on the pins. The pins should be set to the desired point; just below the knees, just above, or in the mid thigh position. Position yourself against the bar in proper deadlifting position. Your feet should be under your hips, your grip shoulder width, back arched, and hips back to engage the hamstrings. Since the weight is typically heavy, you may use a mixed grip, a hook grip, or use straps to aid in holding the weight.",powerlifting
Rear Leg Raises,push,beginner,None,body only,quadriceps,None,None,None,None,None,None,None,None,None,None,Place yourself on your hands knees on an exercise mat. Your head should be looking forward and the bend of the knees should create a 90-degree angle between the hamstrings and the calves. This will be your starting position.,stretching
Recumbent Bike,None,beginner,None,machine,quadriceps,calves,glutes,hamstrings,None,None,None,None,None,None,None,"To begin, seat yourself on the bike and adjust the seat to your height.",cardio
Return Push from Stance,push,beginner,compound,medicine ball,shoulders,chest,triceps,None,None,None,None,None,None,None,None,You will need a partner for this drill.,plyometrics
Reverse Band Bench Press,push,intermediate,compound,barbell,triceps,chest,forearms,lats,middle back,shoulders,None,None,None,None,None,"Position a bench inside a power rack, with the bar set to the correct height. Begin by anchoring bands either to band pegs or to the top of the rack. Ensure that you will be position properly under the bands. Attach the other end to the barbell.",powerlifting
Reverse Band Box Squat,push,intermediate,compound,barbell,quadriceps,abductors,adductors,calves,forearms,glutes,hamstrings,lower back,None,None,None,"Begin in a power rack with a box at the appropriate height behind you. Set up the bands either on band pegs or attached to the top of the rack, ensuring they will be directly above the bar during the squat. Attach the other end to the bar.",powerlifting
Reverse Band Deadlift,pull,expert,compound,barbell,lower back,abductors,adductors,calves,glutes,hamstrings,quadriceps,None,None,None,None,"Set the bar up in a power rack. Attach bands to the top of the rack, using either bands pegs or the frame itself. Attach the other end of the bands to the bar.",powerlifting
Reverse Band Power Squat,push,expert,compound,barbell,quadriceps,adductors,calves,glutes,hamstrings,lower back,None,None,None,None,None,"Begin in a power rack with the pins and bar set at the appropriate height. After loading the bar, attach bands to the top of the rack, using either pegs or the frame itself. Attach the other end of the bands to the bar.",powerlifting
Reverse Band Sumo Deadlift,pull,expert,compound,barbell,hamstrings,abductors,adductors,calves,forearms,glutes,lower back,quadriceps,traps,None,None,"Begin with a bar loaded on the floor inside of a power rack. Attach bands to the top of the rack, using either pegs or the frame itself. Attach the other end to the barbell.",powerlifting
Reverse Barbell Curl,pull,beginner,isolation,barbell,biceps,forearms,None,None,None,None,None,None,None,None,None,Stand up with your torso upright while holding a barbell at shoulder width with the elbows close to the torso. The palm of your hands should be facing down (pronated grip). This will be your starting position.,strength
Reverse Barbell Preacher Curls,pull,intermediate,isolation,e-z curl bar,biceps,forearms,None,None,None,None,None,None,None,None,None,Grab an EZ-bar using a shoulder width and palms down (pronated) grip.,strength
Reverse Cable Curl,pull,beginner,isolation,cable,biceps,forearms,None,None,None,None,None,None,None,None,None,Stand up with your torso upright while holding a bar attachment that is attached to a low pulley using a pronated (palms down) and shoulder width grip. Make sure also that you keep the elbows close to the torso. This will be your starting position.,strength
Reverse Crunch,pull,beginner,isolation,body only,abdominals,None,None,None,None,None,None,None,None,None,None,Lie down on the floor with your legs fully extended and arms to the side of your torso with the palms on the floor. Your arms should be stationary for the entire exercise.,strength
Reverse Flyes,pull,beginner,isolation,dumbbell,shoulders,None,None,None,None,None,None,None,None,None,None,"To begin, lie down on an incline bench with the chest and stomach pressing against the incline. Have the dumbbells in each hand with the palms facing each other (neutral grip).",strength
Reverse Flyes With External Rotation,pull,intermediate,isolation,dumbbell,shoulders,None,None,None,None,None,None,None,None,None,None,"To begin, lie down on an incline bench set at a 30-degree angle with the chest and stomach pressing against the incline.",strength
Reverse Grip Bent-Over Rows,pull,intermediate,compound,barbell,middle back,biceps,lats,shoulders,None,None,None,None,None,None,None,Stand erect while holding a barbell with a supinated grip (palms facing up).,strength
Reverse Grip Triceps Pushdown,push,beginner,isolation,cable,triceps,None,None,None,None,None,None,None,None,None,None,Start by setting a bar attachment (straight or e-z) on a high pulley machine.,strength
Reverse Hyperextension,pull,intermediate,None,machine,hamstrings,calves,glutes,None,None,None,None,None,None,None,None,"Place your feet between the pads after loading an appropriate weight. Lay on the top pad, allowing your hips to hang off the back, while grasping the handles to hold your position.",strength
Reverse Machine Flyes,pull,beginner,isolation,machine,shoulders,None,None,None,None,None,None,None,None,None,None,Adjust the handles so that they are fully to the rear. Make an appropriate weight selection and adjust the seat height so the handles are at shoulder level. Grasp the handles with your hands facing inwards. This will be your starting position.,strength
Reverse Plate Curls,pull,beginner,isolation,other,biceps,forearms,None,None,None,None,None,None,None,None,None,"Start by standing straight with a weighted plate held by both hands and arms fully extended. Use a pronated grip (palms facing down) and make sure your fingers grab the rough side of the plate while your thumb grabs the smooth side. Note: For the best results, grab the weighted plate at an 11:00 and 1:00 o'clock position.",strength
Reverse Triceps Bench Press,push,intermediate,compound,barbell,triceps,chest,shoulders,None,None,None,None,None,None,None,None,"Lie back on a flat bench. Using a close, supinated grip (around shoulder width), lift the bar from the rack and hold it straight over you with your arms locked extended in front of you and perpendicular to the floor. This will be your starting position.",strength
Rhomboids-SMR,static,intermediate,None,foam roll,middle back,traps,None,None,None,None,None,None,None,None,None,"Lay down with your back on the floor. Place a foam roll underneath your upper back, and cross your arms in front of you, protracting your shoulders. This will be your starting position.",stretching
Rickshaw Carry,None,intermediate,compound,other,forearms,abdominals,calves,glutes,hamstrings,lower back,quadriceps,traps,None,None,None,"Position the frame at the starting point, and load with the appropriate weight. Standing in the center of the frame, begin by gripping the handles and driving through your heels to lift the frame. Ensure your chest and head are up and your back is straight.",strongman
Rickshaw Deadlift,pull,intermediate,compound,other,quadriceps,forearms,glutes,hamstrings,lower back,traps,None,None,None,None,None,"Load the frame with the desired weight. Center yourself between the handles. You feet should be about hip width apart. Bend at the hips to grip the handles, allowing your shoulder blades to protract.",strongman
Ring Dips,push,intermediate,compound,other,triceps,chest,shoulders,None,None,None,None,None,None,None,None,"Grip a ring in each hand, and then take a small jump to help you get into the starting position with your arms locked out.",strength
Rocket Jump,push,beginner,compound,body only,quadriceps,calves,hamstrings,None,None,None,None,None,None,None,None,Begin in a relaxed stance with your feet shoulder width apart and hold your arms close to the body.,plyometrics
Rocking Standing Calf Raise,push,beginner,isolation,barbell,calves,None,None,None,None,None,None,None,None,None,None,"This exercise is best performed inside a squat rack for safety purposes. To begin, first set the bar on a rack that best matches your height. Once the correct height is chosen and the bar is loaded, step under the bar and place it on the back of your shoulders (slightly below the neck).",strength
Rocky Pull-Ups/Pulldowns,pull,intermediate,compound,other,lats,biceps,middle back,shoulders,None,None,None,None,None,None,None,Grab the pull-up bar with the palms facing forward using a wide grip.,strength
Romanian Deadlift,pull,intermediate,compound,barbell,hamstrings,calves,glutes,lower back,None,None,None,None,None,None,None,"Put a barbell in front of you on the ground and grab it using a pronated (palms facing down) grip that a little wider than shoulder width. Tip: Depending on the weight used, you may need wrist wraps to perform the exercise and also a raised platform in order to allow for better range of motion.",strength
Romanian Deadlift from Deficit,pull,intermediate,compound,barbell,hamstrings,forearms,glutes,lower back,traps,None,None,None,None,None,None,Begin standing while holding a bar at arm's length in front of you. You can stand on a raised platform to increase the range of motion.,olympic weightlifting
Rope Climb,pull,intermediate,compound,other,lats,biceps,forearms,middle back,shoulders,None,None,None,None,None,None,Grab the rope with both hands above your head. Pull down on the rope as you take a small jump.,strength
Rope Crunch,pull,beginner,isolation,cable,abdominals,None,None,None,None,None,None,None,None,None,None,Kneel 1-2 feet in front of a cable system with a rope attached.,strength
Rope Jumping,None,intermediate,None,other,quadriceps,calves,hamstrings,None,None,None,None,None,None,None,None,"Hold an end of the rope in each hand. Position the rope behind you on the ground. Raise your arms up and turn the rope over your head bringing it down in front of you. When it reaches the ground, jump over it. Find a good turning pace that can be maintained. Different speeds and techniques can be used to introduce variation.",cardio
Rope Straight-Arm Pulldown,pull,beginner,isolation,cable,lats,None,None,None,None,None,None,None,None,None,None,"Attach a rope to a high pulley and make your weight selection. Stand a couple feet back from the pulley with your feet staggered and take the rope with both hands. Lean forward from the hip, keeping your back straight, with your arms extended up in front of you. This will be your starting position.",strength
Round The World Shoulder Stretch,static,beginner,None,other,shoulders,biceps,chest,None,None,None,None,None,None,None,None,"Stand up straight with your legs together, holding a bodybar or broomstick.",stretching
"Rowing, Stationary",None,intermediate,None,machine,quadriceps,biceps,calves,glutes,hamstrings,lower back,middle back,None,None,None,None,"To begin, seat yourself on the rower. Make sure that your heels are resting comfortably against the base of the foot pedals and that the straps are secured. Select the program that you wish to use, if applicable. Sit up straight and bend forward at the hips.",cardio
Runner's Stretch,static,beginner,None,None,hamstrings,calves,None,None,None,None,None,None,None,None,None,"It's easiest to get into this stretch if you start standing up, put one leg behind you, and slowly lower your torso down to the floor.",stretching
"Running, Treadmill",None,beginner,None,machine,quadriceps,calves,glutes,hamstrings,None,None,None,None,None,None,None,"To begin, step onto the treadmill and select the desired option from the menu. Most treadmills have a manual setting, or you can select a program to run. Typically, you can enter your age and weight to estimate the amount of calories burned during exercise. Elevation can be adjusted to change the intensity of the workout.",cardio
Russian Twist,pull,intermediate,compound,body only,abdominals,lower back,None,None,None,None,None,None,None,None,None,Lie down on the floor placing your feet either under something that will not move or by having a partner hold them. Your legs should be bent at the knees.,strength
Sandbag Load,pull,beginner,compound,other,quadriceps,abdominals,biceps,calves,forearms,glutes,hamstrings,lower back,middle back,shoulders,traps,"To load sandbags or other objects, begin with the implements placed a distance from the loading platform, typically 50 feet.",strongman
Scapular Pull-Up,pull,beginner,isolation,None,traps,lats,middle back,None,None,None,None,None,None,None,None,Take a pronated grip on a pull-up bar.,strength
Scissor Kick,pull,beginner,isolation,body only,abdominals,None,None,None,None,None,None,None,None,None,None,"To begin, lie down with your back pressed against the floor or on an exercise mat (optional). Your arms should be fully extended to the sides with your palms facing down. Note: The arms should be stationary the entire time.",stretching
Scissors Jump,push,beginner,compound,body only,quadriceps,glutes,hamstrings,None,None,None,None,None,None,None,None,"Assume a lunge stance position with one foot forward with the knee bent, and the rear knee nearly touching the ground.",plyometrics
Seated Band Hamstring Curl,pull,beginner,isolation,other,hamstrings,None,None,None,None,None,None,None,None,None,None,Secure a band close to the ground and place a bench a couple feet away from it.,strength
Seated Barbell Military Press,push,intermediate,compound,barbell,shoulders,triceps,None,None,None,None,None,None,None,None,None,Sit on a Military Press Bench with a bar behind your head and either have a spotter give you the bar (better on the rotator cuff this way) or pick it up yourself carefully with a pronated grip (palms facing forward). Tip: Your grip should be wider than shoulder width and it should create a 90-degree angle between the forearm and the upper arm as the barbell goes down.,strength
Seated Barbell Twist,pull,beginner,isolation,barbell,abdominals,None,None,None,None,None,None,None,None,None,None,Start out by sitting at the end of a flat bench with a barbell placed on top of your thighs. Your feet should be shoulder width apart from each other.,strength
Seated Bent-Over One-Arm Dumbbell Triceps Extension,push,beginner,isolation,dumbbell,triceps,None,None,None,None,None,None,None,None,None,None,Sit down at the end of a flat bench with a dumbbell in one arm using a neutral grip (palms of the hand facing you).,strength
Seated Bent-Over Rear Delt Raise,pull,intermediate,isolation,dumbbell,shoulders,None,None,None,None,None,None,None,None,None,None,Place a couple of dumbbells looking forward in front of a flat bench.,strength
Seated Bent-Over Two-Arm Dumbbell Triceps Extension,push,intermediate,isolation,dumbbell,triceps,None,None,None,None,None,None,None,None,None,None,Sit down at the end of a flat bench with a dumbbell in both arms using a neutral grip (palms of the hand facing you).,strength
Seated Biceps,static,expert,isolation,body only,biceps,chest,shoulders,None,None,None,None,None,None,None,None,Sit on the floor with your knees bent and your partner standing behind you. Extend your arms straight behind you with your palms facing each other. Your partner will hold your wrists for you. This will be the starting position.,stretching
Seated Cable Rows,pull,beginner,compound,cable,middle back,biceps,lats,shoulders,None,None,None,None,None,None,None,"For this exercise you will need access to a low pulley row machine with a V-bar. Note: The V-bar will enable you to have a neutral grip where the palms of your hands face each other. To get into the starting position, first sit down on the machine and place your feet on the front platform or crossbar provided making sure that your knees are slightly bent and not locked.",strength
Seated Cable Shoulder Press,push,beginner,compound,cable,shoulders,triceps,None,None,None,None,None,None,None,None,None,"Adjust the weight to an appropriate amount and be seated, grasping the handles. Your upper arms should be about 90 degrees to the body, with your head and chest up. The elbows should also be bent to about 90 degrees. This will be your starting position.",strength
Seated Calf Raise,push,beginner,isolation,machine,calves,None,None,None,None,None,None,None,None,None,None,"Sit on the machine and place your toes on the lower portion of the platform provided with the heels extending off. Choose the toe positioning of your choice (forward, in, or out) as per the beginning of this chapter.",strength
Seated Calf Stretch,static,beginner,None,None,calves,hamstrings,lower back,None,None,None,None,None,None,None,None,Sit up straight on an exercise mat.,stretching
Seated Close-Grip Concentration Barbell Curl,pull,intermediate,isolation,barbell,biceps,None,None,None,None,None,None,None,None,None,None,Sit down on a flat bench with a barbell or E-Z Bar in front of you in between your legs. Your legs should be spread with the knees bent and the feet on the floor.,strength
Seated Dumbbell Curl,pull,beginner,isolation,dumbbell,biceps,None,None,None,None,None,None,None,None,None,None,Sit on a flat bench with a dumbbell on each hand being held at arms length. The elbows should be close to the torso.,strength
Seated Dumbbell Inner Biceps Curl,pull,beginner,isolation,dumbbell,biceps,None,None,None,None,None,None,None,None,None,None,Sit on the end of a flat bench with a dumbbell in each hand being held at arms length. The elbows should be close to the torso.,strength
Seated Dumbbell Palms-Down Wrist Curl,pull,beginner,isolation,dumbbell,forearms,None,None,None,None,None,None,None,None,None,None,Start out by placing two dumbbells on the floor in front of a flat bench.,strength
Seated Dumbbell Palms-Up Wrist Curl,pull,beginner,isolation,dumbbell,forearms,None,None,None,None,None,None,None,None,None,None,Start out by placing two dumbbells on the floor in front of a flat bench.,strength
Seated Dumbbell Press,push,beginner,compound,dumbbell,shoulders,triceps,None,None,None,None,None,None,None,None,None,Grab a couple of dumbbells and sit on a military press bench or a utility bench that has a back support on it as you place the dumbbells upright on top of your thighs.,strength
Seated Flat Bench Leg Pull-In,pull,beginner,compound,body only,abdominals,None,None,None,None,None,None,None,None,None,None,Sit on a bench with the legs stretched out in front of you slightly below parallel and your arms holding on to the sides of the bench. Your torso should be leaning backwards around a 45-degree angle from the bench. This will be your starting position.,strength
Seated Floor Hamstring Stretch,static,beginner,None,None,hamstrings,calves,None,None,None,None,None,None,None,None,None,Sit on a mat with your right leg extended in front of you and your left leg bent with your foot against your right inner thigh.,stretching
Seated Front Deltoid,static,expert,None,body only,shoulders,chest,None,None,None,None,None,None,None,None,None,"Sit upright on the floor with your legs bent, your partner standing behind you. Stick your arms straight out to your sides, with your palms facing the ground. Attempt to move them as far behind you as possible, as your assistant holds your wrists. This will be your starting position.",stretching
Seated Glute,static,expert,None,body only,glutes,adductors,None,None,None,None,None,None,None,None,None,"In a seated position with your knees bent, cross one ankle over the opposite knee. Your partner will stand behind you. Now, lean forward as your partner braces your shoulders with their hands. This will be your starting position.",stretching
Seated Good Mornings,pull,intermediate,compound,barbell,lower back,glutes,None,None,None,None,None,None,None,None,None,"Set up a box in a power rack. The pins should be set at an appropriate height. Begin by stepping under the bar and placing it across the back of the shoulders, not on top of your traps. Squeeze your shoulder blades together and rotate your elbows forward, attempting to bend the bar across your shoulders.",powerlifting
Seated Hamstring,static,expert,None,None,hamstrings,calves,None,None,None,None,None,None,None,None,None,"In a seated position with your legs extended, have your partner stand behind you. Now, lean forward as your partner braces your shoulders with their hands. This will be your starting position.",stretching
Seated Hamstring and Calf Stretch,static,intermediate,None,other,hamstrings,calves,None,None,None,None,None,None,None,None,None,"Loop a belt, rope, or band around one foot. Sit down with both legs extended . This will be your starting position.",stretching
Seated Head Harness Neck Resistance,pull,intermediate,isolation,other,neck,None,None,None,None,None,None,None,None,None,None,"Place a neck strap on the floor at the end of a flat bench. Once you have selected the weights, sit at the end of the flat bench with your feet wider than shoulder width apart from each other. Your toes should be pointed out.",strength
Seated Leg Curl,pull,beginner,isolation,machine,hamstrings,None,None,None,None,None,None,None,None,None,None,Adjust the machine lever to fit your height and sit on the machine with your back against the back support pad.,strength
Seated Leg Tucks,pull,beginner,isolation,body only,abdominals,None,None,None,None,None,None,None,None,None,None,Sit on a bench with the legs stretched out in front of you slightly below parallel and your arms holding on to the sides of the bench. Your torso should be leaning backwards around a 45-degree angle from the bench. This will be your starting position.,strength
Seated One-Arm Dumbbell Palms-Down Wrist Curl,pull,intermediate,isolation,dumbbell,forearms,None,None,None,None,None,None,None,None,None,None,Sit on a flat bench with a dumbbell in your right hand.,strength
Seated One-Arm Dumbbell Palms-Up Wrist Curl,pull,beginner,isolation,dumbbell,forearms,None,None,None,None,None,None,None,None,None,None,Sit on a flat bench with a dumbbell in your right hand.,strength
Seated One-arm Cable Pulley Rows,pull,intermediate,compound,cable,middle back,biceps,lats,traps,None,None,None,None,None,None,None,"To get into the starting position, first sit down on the machine and place your feet on the front platform or crossbar provided making sure that your knees are slightly bent and not locked.",strength
Seated Overhead Stretch,static,beginner,isolation,None,abdominals,None,None,None,None,None,None,None,None,None,None,Sit up straight on an exercise mat.,stretching
Seated Palm-Up Barbell Wrist Curl,pull,beginner,isolation,barbell,forearms,None,None,None,None,None,None,None,None,None,None,Hold a barbell with both hands and your palms facing up; hands spaced about shoulder width.,strength
Seated Palms-Down Barbell Wrist Curl,pull,beginner,isolation,barbell,forearms,None,None,None,None,None,None,None,None,None,None,Hold a barbell with both hands and your palms facing down; hands spaced about shoulder width.,strength
Seated Side Lateral Raise,push,beginner,isolation,dumbbell,shoulders,None,None,None,None,None,None,None,None,None,None,Pick a couple of dumbbells and sit at the end of a flat bench with your feet firmly on the floor. Hold the dumbbells with your palms facing in and your arms straight down at your sides at arms' length. This will be your starting position.,strength
Seated Triceps Press,push,beginner,isolation,dumbbell,triceps,None,None,None,None,None,None,None,None,None,None,Sit down on a bench with back support and grasp a dumbbell with both hands and hold it overhead at arm's length. Tip: a better way is to have somebody hand it to you especially if it is very heavy. The resistance should be resting in the palms of your hands with your thumbs around it. The palm of the hand should be facing inward. This will be your starting position.,strength
Seated Two-Arm Palms-Up Low-Pulley Wrist Curl,pull,beginner,isolation,cable,forearms,None,None,None,None,None,None,None,None,None,None,Put a bench in front of a low pulley machine that has a barbell or EZ Curl attachment on it.,strength
See-Saw Press (Alternating Side Press),push,intermediate,compound,dumbbell,shoulders,abdominals,triceps,None,None,None,None,None,None,None,None,Grab a dumbbell with each hand and stand up erect.,strength
Shotgun Row,pull,beginner,compound,cable,lats,biceps,middle back,None,None,None,None,None,None,None,None,Attach a single handle to a low cable.,strength
Shoulder Circles,pull,beginner,None,None,shoulders,traps,None,None,None,None,None,None,None,None,None,"With shoulders relaxed and arms resting loosely at your sides (or in your lap if you're seated), gently roll your shoulders forward, up, back, and down.",stretching
Shoulder Press - With Bands,push,beginner,compound,bands,shoulders,triceps,None,None,None,None,None,None,None,None,None,"To begin, stand on an exercise band so that tension begins at arm's length. Grasp the handles and lift them so that the hands are at shoulder height at each side.",strength
Shoulder Raise,pull,beginner,None,None,shoulders,lats,None,None,None,None,None,None,None,None,None,None,stretching
Shoulder Stretch,pull,beginner,None,None,shoulders,None,None,None,None,None,None,None,None,None,None,None,stretching
Side-Lying Floor Stretch,static,beginner,None,None,lats,None,None,None,None,None,None,None,None,None,None,"First lie on your left side, bending your left knee in front of you to stabilize your torso (use your abdominal muscles as well to hold you upright).",stretching
Side Bridge,static,beginner,None,body only,abdominals,shoulders,None,None,None,None,None,None,None,None,None,None,strength
Side Hop-Sprint,push,beginner,compound,other,quadriceps,abductors,adductors,calves,hamstrings,None,None,None,None,None,None,Stand to the side of a cone or hurdle.,plyometrics
Side Jackknife,pull,beginner,compound,body only,abdominals,None,None,None,None,None,None,None,None,None,None,None,strength
Side Lateral Raise,push,beginner,isolation,dumbbell,shoulders,None,None,None,None,None,None,None,None,None,None,Pick a couple of dumbbells and stand with a straight torso and the dumbbells by your side at arms length with the palms of the hand facing you. This will be your starting position.,strength
Side Laterals to Front Raise,push,beginner,isolation,dumbbell,shoulders,traps,None,None,None,None,None,None,None,None,None,"In a standing position, hold a pair of dumbbells at your side. This will be your starting position.",strength
Side Leg Raises,pull,beginner,None,body only,adductors,None,None,None,None,None,None,None,None,None,None,"Stand next to a chair, which you may hold onto as a support. Stand on one leg. This will be your starting position.",stretching
Side Lying Groin Stretch,static,beginner,isolation,None,adductors,hamstrings,None,None,None,None,None,None,None,None,None,Start off by lying on your right side and bend your right knee in front of you to stabilize the torso.,stretching
Side Neck Stretch,static,beginner,isolation,None,neck,None,None,None,None,None,None,None,None,None,None,"Start with your shoulders relaxed, gently tilt your head towards your shoulder.",stretching
Side Standing Long Jump,push,beginner,compound,None,quadriceps,calves,glutes,hamstrings,None,None,None,None,None,None,None,"Begin standing with your feet hip width apart in an athletic stance. Your head and chest should be up, knees and hips slightly bent. This will be your starting position.",plyometrics
Side To Side Chins,pull,intermediate,compound,other,lats,biceps,forearms,middle back,shoulders,None,None,None,None,None,None,Grab the pull-up bar with the palms facing forward using a wide grip.,strength
Side Wrist Pull,static,beginner,isolation,None,shoulders,forearms,lats,None,None,None,None,None,None,None,None,This stretch works best standing. Cross your left arm over the midline of your body and hold the left wrist in your right hand down at the level of your hips. Start the stretch with a bent left arm.,stretching
Side to Side Box Shuffle,push,beginner,compound,other,quadriceps,abductors,adductors,calves,hamstrings,None,None,None,None,None,None,Stand to one side of the box with your left foot resting on the middle of it.,plyometrics
Single-Arm Cable Crossover,push,beginner,isolation,cable,chest,None,None,None,None,None,None,None,None,None,None,"Begin by moving the pulleys to the high position, select the resistance to be used, and take a handle in each hand.",strength
Single-Arm Linear Jammer,push,intermediate,compound,barbell,shoulders,chest,triceps,None,None,None,None,None,None,None,None,Position a bar into a landmine or securely anchor it in a corner. Load the bar to an appropriate weight.,strength
Single-Arm Push-Up,push,intermediate,compound,body only,chest,shoulders,triceps,None,None,None,None,None,None,None,None,"Begin laying prone on the ground. Move yourself into a position supporting your weight on your toes and one arm. Your working arm should be placed directly under the shoulder, fully extended. Your legs should be extended, and for this movement you may need a wider base, placing your feet further apart than in a normal push-up.",strength
Single-Cone Sprint Drill,push,beginner,None,other,quadriceps,calves,glutes,hamstrings,None,None,None,None,None,None,None,This drill teaches quick foot action. You need a single cone. Begin standing next to the cone with one arm back and one arm forward.,plyometrics
Single-Leg High Box Squat,push,beginner,compound,other,quadriceps,glutes,hamstrings,None,None,None,None,None,None,None,None,Position a box in a rack. Secure a band or rope in place above the box.,strength
Single-Leg Hop Progression,push,beginner,compound,other,quadriceps,abductors,adductors,calves,hamstrings,None,None,None,None,None,None,"Arrange a line of cones in front of you. Assume a relaxed standing position, balanced on one leg. Raise the knee of your opposite leg. This will be your starting position.",plyometrics
Single-Leg Lateral Hop,push,beginner,compound,other,quadriceps,abductors,adductors,calves,hamstrings,None,None,None,None,None,None,"Stand to the side of a cone or hurdle. To get into the start position, stand on one leg with your knee slightly bent.",plyometrics
Single-Leg Leg Extension,push,beginner,isolation,machine,quadriceps,None,None,None,None,None,None,None,None,None,None,Seat yourself in the machine and adjust it so that you are positioned properly. The pad should be against the lower part of the shin but not in contact with the ankle. Adjust the seat so that the pivot point is in line with your knee. Select a weight appropriate for your abilities.,strength
Single-Leg Stride Jump,push,beginner,compound,other,quadriceps,abductors,adductors,calves,hamstrings,None,None,None,None,None,None,"Stand to the side of a box with your inside foot on top of it, close to the edge.",plyometrics
Single Dumbbell Raise,None,beginner,isolation,dumbbell,shoulders,forearms,traps,None,None,None,None,None,None,None,None,"With a wide stance, hold a dumbell with both hands, grasping the head of the dumbbell instead of the handle. Your arms should be extended and hanging at the waist. This will be your starting position.",strength
Single Leg Butt Kick,push,beginner,compound,body only,quadriceps,calves,hamstrings,None,None,None,None,None,None,None,None,"Begin by standing on one leg, with the bent knee raised. This will be your start position.",plyometrics
Single Leg Glute Bridge,push,beginner,isolation,body only,glutes,hamstrings,None,None,None,None,None,None,None,None,None,Lay on the floor with your feet flat and knees bent.,strength
Single Leg Push-off,push,beginner,compound,other,quadriceps,calves,hamstrings,None,None,None,None,None,None,None,None,"Stand on the ground with one foot resting on the box, heel close to the edge.",plyometrics
Sit-Up,pull,beginner,isolation,body only,abdominals,None,None,None,None,None,None,None,None,None,None,Lie down on the floor placing your feet either under something that will not move or by having a partner hold them. Your legs should be bent at the knees.,strength
Sit Squats,push,beginner,None,None,quadriceps,abductors,glutes,hamstrings,None,None,None,None,None,None,None,Stand with your feet shoulder width apart. This will be your starting position.,stretching
Skating,None,intermediate,None,other,quadriceps,abductors,adductors,calves,glutes,hamstrings,None,None,None,None,None,Roller skating is a fun activity which can be effective in improving cardiorespiratory fitness and muscular endurance. It requires relatively good balance and coordination. It is necessary to learn the basics of skating including turning and stopping and to wear protective gear to avoid possible injury.,cardio
Sled Drag - Harness,push,beginner,compound,other,quadriceps,calves,glutes,hamstrings,None,None,None,None,None,None,None,"To begin, load the sled with the desired weight and attach the pulling strap. You can pull with handles, use a harness, or attach the pulling strap to a weight belt.",strongman
Sled Overhead Backward Walk,pull,beginner,compound,other,shoulders,calves,middle back,quadriceps,None,None,None,None,None,None,None,Attach dual handles to a sled connected by a rope or chain. Load the sled to a light weight.,strength
Sled Overhead Triceps Extension,push,beginner,isolation,other,triceps,None,None,None,None,None,None,None,None,None,None,Attach dual handles to a sled using a chain or rope. Load the sled to an appropriate load.,strength
Sled Push,push,beginner,compound,other,quadriceps,calves,chest,glutes,hamstrings,triceps,None,None,None,None,None,Load your pushing sled with the desired weight.,strongman
Sled Reverse Flye,pull,beginner,isolation,other,shoulders,None,None,None,None,None,None,None,None,None,None,Attach dual handles to a sled connected by a rope or chain. Load the sled to a light weight.,strength
Sled Row,pull,beginner,compound,other,middle back,biceps,lats,None,None,None,None,None,None,None,None,"Attach dual handles to a sled connected by a rope or chain. Load the sled to an appropriate weight. Face the sled, backing up until there is some tension in the line.",strength
Sledgehammer Swings,pull,beginner,compound,other,abdominals,calves,forearms,lats,middle back,shoulders,None,None,None,None,None,You will need a tire and a sledgehammer for this exercise. Stand in front of the tire about two feet away from it with a staggered stance. Grip the sledgehammer.,plyometrics
Smith Incline Shoulder Raise,push,beginner,isolation,barbell,shoulders,chest,None,None,None,None,None,None,None,None,None,"Place an incline bench underneath the smith machine. Place the barbell at a height that you can reach when lying down and your arms are almost fully extended. Once the weight you need is selected, lie down on the incline bench and make sure your shoulders are aligned right under the barbell.",strength
Smith Machine Behind the Back Shrug,pull,beginner,isolation,machine,traps,shoulders,None,None,None,None,None,None,None,None,None,"With the bar at thigh level, load an appropriate weight.",strength
Smith Machine Bench Press,push,beginner,compound,machine,chest,shoulders,triceps,None,None,None,None,None,None,None,None,"Place a flat bench underneath the smith machine. Now place the barbell at a height that you can reach when lying down and your arms are almost fully extended. Once the weight you need is selected, lie down on the flat bench. Using a pronated grip that is wider than shoulder width, unlock the bar from the rack and hold it straight over you with your arms locked. This will be your starting position.",strength
Smith Machine Bent Over Row,pull,beginner,compound,machine,middle back,biceps,lats,shoulders,None,None,None,None,None,None,None,Set the barbell attached to the smith machine to a height that is about 2 inches below your knees.,strength
Smith Machine Calf Raise,push,beginner,isolation,machine,calves,None,None,None,None,None,None,None,None,None,None,"Place a block or weight plate below the bar on the Smith machine. Set the bar to a position that best matches your height. Once the correct height is chosen and the bar is loaded, step onto the plates with the balls of your feet and place the bar on the back of your shoulders.",strength
Smith Machine Close-Grip Bench Press,push,beginner,compound,machine,triceps,chest,shoulders,None,None,None,None,None,None,None,None,"Place a flat bench underneath the smith machine. Place the barbell at a height that you can reach when lying down and your arms are almost fully extended. Once the weight you need is selected, lie down on the flat bench. Using a close and pronated grip (palms facing forward) that is around shoulder width, unlock the bar from the rack and hold it straight over you with your arms locked. This will be your starting position.",strength
Smith Machine Decline Press,None,beginner,compound,machine,chest,shoulders,triceps,None,None,None,None,None,None,None,None,Position a decline bench in the rack so that the bar will be above your chest. Load an appropriate weight and take your place on the bench.,strength
Smith Machine Hang Power Clean,pull,intermediate,compound,machine,hamstrings,glutes,lower back,quadriceps,shoulders,traps,None,None,None,None,None,Position the bar at knee height and load it to an appropriate weight.,strength
Smith Machine Hip Raise,pull,beginner,isolation,machine,abdominals,None,None,None,None,None,None,None,None,None,None,"Position a bench in the rack and load the bar to an appropriate weight. Lie down on the bench, placing the bottom of your feet against the bar. Unlock the bar and extend your legs. You may need to use your hands to assist you. For added stability grasp the sides of the Smith Machine. This will be your starting position.",strength
Smith Machine Incline Bench Press,push,beginner,compound,machine,chest,shoulders,triceps,None,None,None,None,None,None,None,None,"Place an incline bench underneath the smith machine. Place the barbell at a height that you can reach when lying down and your arms are almost fully extended. Once the weight you need is selected, lie down on the incline bench and make sure your upper chest is aligned with the barbell. Using a pronated grip (palms facing forward) that is wider than shoulder width, unlock the bar from the rack and hold it straight over you with your arms locked. This will be your starting position.",strength
Smith Machine Leg Press,push,intermediate,compound,machine,quadriceps,calves,glutes,hamstrings,None,None,None,None,None,None,None,"Position a Smith machine bar a couple feet off of the ground. Ensure that it is resting on the safeties. After loading the bar to an appropriate weight, lie underneath the bar. Place the middle of your feet on the bar, tucking your knees to your chest. This will be your starting position.",strength
Smith Machine One-Arm Upright Row,pull,beginner,compound,machine,shoulders,biceps,traps,None,None,None,None,None,None,None,None,"With the bar at thigh level, load an appropriate weight.",strength
Smith Machine Overhead Shoulder Press,push,beginner,compound,machine,shoulders,triceps,None,None,None,None,None,None,None,None,None,"To begin, place a flat bench (or preferably one with back support) underneath a smith machine. Position the barbell at a height so that when seated on the flat bench, the arms must be almost fully extended to reach the barbell.",strength
Smith Machine Pistol Squat,push,intermediate,compound,machine,quadriceps,calves,glutes,hamstrings,None,None,None,None,None,None,None,"To begin, first set the bar to a position that best matches your height. Step under it and position the bar across the back of your shoulders.",strength
Smith Machine Reverse Calf Raises,push,beginner,isolation,machine,calves,None,None,None,None,None,None,None,None,None,None,Adjust the barbell on the smith machine to fit your height and align a raised platform right under the bar.,strength
Smith Machine Squat,push,beginner,compound,machine,quadriceps,calves,glutes,hamstrings,lower back,None,None,None,None,None,None,"To begin, first set the bar on the height that best matches your height. Once the correct height is chosen and the bar is loaded, step under the bar and place the back of your shoulders (slightly below the neck) across it.",strength
Smith Machine Stiff-Legged Deadlift,pull,beginner,compound,machine,hamstrings,glutes,lower back,None,None,None,None,None,None,None,None,"To begin, set the bar on the smith machine to a height that is around the middle of your thighs. Once the correct height is chosen and the bar is loaded, grasp the bar using a pronated (palms forward) grip that is shoulder width apart. You may need some wrist wraps if using a significant amount of weight.",strength
Smith Machine Upright Row,pull,beginner,compound,machine,traps,biceps,middle back,shoulders,None,None,None,None,None,None,None,"To begin, set the bar on the smith machine to a height that is around the middle of your thighs. Once the correct height is chosen and the bar is loaded, grasp the bar using a pronated (palms forward) grip that is shoulder width apart. You may need some wrist wraps if using a significant amount of weight.",strength
Smith Single-Leg Split Squat,push,beginner,compound,machine,quadriceps,calves,glutes,hamstrings,None,None,None,None,None,None,None,"To begin, place a flat bench 2-3 feet behind the smith machine. Then, set the bar on the height that best matches your height. Once the correct height is chosen and the bar is loaded, step under the bar and place the back of your shoulders (slightly below the neck) across it.",strength
Snatch,pull,intermediate,compound,barbell,quadriceps,biceps,glutes,hamstrings,lower back,shoulders,traps,triceps,None,None,None,Place your feet at a shoulder width stance with the barbell resting right above the connection between the toes and the rest of the foot.,olympic weightlifting
Snatch Balance,push,intermediate,compound,barbell,quadriceps,calves,glutes,hamstrings,shoulders,triceps,None,None,None,None,None,"Begin with the feet in the pulling position, the bar racked across the back of the shoulders, and the hands placed in a wide snatch grip.",olympic weightlifting
Snatch Deadlift,pull,intermediate,compound,barbell,hamstrings,forearms,glutes,hamstrings,lower back,quadriceps,traps,None,None,None,None,"The snatch deadlift strengthens the first pull of the snatch. Begin with a wide snatch grip with the barbell placed on the platform. The feet should be directly under the hips, with the feet turned out. Squat down to the bar, keeping the back in absolute extension with the head facing forward.",olympic weightlifting
Snatch Pull,pull,intermediate,compound,barbell,hamstrings,calves,glutes,lower back,quadriceps,traps,None,None,None,None,None,"With a barbell on the floor close to the shins, take a wide snatch grip. Lower your hips with the weight focused on the heels, back straight, head facing forward, chest up, with your shoulders just in front of the bar. This will be your starting position.",strength
Snatch Shrug,pull,intermediate,compound,barbell,traps,forearms,shoulders,None,None,None,None,None,None,None,None,"Begin with a wide grip, with the bar hanging at the mid thigh position. You can use a hook or overhand grip. Your back should be straight and inclined slightly forward.",olympic weightlifting
Snatch from Blocks,pull,expert,compound,barbell,quadriceps,calves,forearms,glutes,hamstrings,lower back,shoulders,traps,triceps,None,None,"Begin with a loaded barbell on boxes or stands of the desired height. A wide grip should be taken on the bar. The feet should be directly below the hips, with the feet turned out as needed. Lower the hips, with the chest up and the head looking forward. The shoulders should be just in front of the bar, with the elbows pointed out. This will be the starting position.",olympic weightlifting
Speed Band Overhead Triceps,push,beginner,isolation,bands,triceps,None,None,None,None,None,None,None,None,None,None,"For this exercise anchor a band to the ground. We used an incline bench and anchored the band to the base, standing over the bench. Alternatively, this could be performed standing on the band.",strength
Speed Box Squat,push,intermediate,compound,barbell,quadriceps,calves,glutes,hamstrings,None,None,None,None,None,None,None,Attach bands to the bar that are securely anchored near the ground. You may need to choke the bands to get adequate tension.,powerlifting
Speed Squats,push,expert,compound,barbell,quadriceps,calves,glutes,hamstrings,lower back,None,None,None,None,None,None,"This exercise is best performed inside a squat rack for safety purposes. To begin, first set the bar on a rack that best matches your height. Once the correct height is chosen and the bar is loaded, step under the bar and place the back of your shoulders (slightly below the neck) across it.",strength
Spell Caster,pull,beginner,compound,dumbbell,abdominals,glutes,shoulders,None,None,None,None,None,None,None,None,Hold a dumbbell in each hand with a pronated grip. Your feet should be wide with your hips and knees extended. This will be your starting position.,strength
Spider Crawl,pull,beginner,compound,body only,abdominals,chest,shoulders,triceps,None,None,None,None,None,None,None,"Begin in a prone position on the floor. Support your weight on your hands and toes, with your feet together and your body straight. Your arms should be bent to 90 degrees. This will be your starting position.",strength
Spider Curl,pull,beginner,isolation,e-z curl bar,biceps,None,None,None,None,None,None,None,None,None,None,Start out by setting the bar on the part of the preacher bench that you would normally sit on. Make sure to align the barbell properly so that it is balanced and will not fall off.,strength
Spinal Stretch,static,beginner,isolation,None,middle back,lats,lower back,neck,traps,None,None,None,None,None,None,Sit in a chair so your back is straight and your feet planted on the floor.,stretching
Split Clean,pull,intermediate,compound,barbell,quadriceps,calves,forearms,glutes,hamstrings,lower back,shoulders,traps,None,None,None,"With a barbell on the floor close to the shins, take an overhand grip just outside the legs. Lower your hips with the weight focused on the heels, back straight, head facing forward, chest up, with your shoulders just in front of the bar. This will be your starting position.",olympic weightlifting
Split Jerk,push,intermediate,compound,barbell,quadriceps,glutes,hamstrings,shoulders,triceps,None,None,None,None,None,None,"Standing with the weight racked on the front of the shoulders, begin with the dip. With your feet directly under your hips, flex the knees without moving the hips backward.",olympic weightlifting
Split Jump,push,beginner,compound,body only,quadriceps,calves,glutes,hamstrings,None,None,None,None,None,None,None,"Assume a lunge stance position with one foot forward with the knee bent, and the rear knee nearly touching the ground.",plyometrics
Split Snatch,pull,expert,compound,barbell,hamstrings,calves,forearms,glutes,hamstrings,lower back,quadriceps,shoulders,traps,triceps,None,"Begin with a loaded barbell on the floor. The bar should be close to or touching the shins, and a wide grip should be taken on the bar. The feet should be directly below the hips, with the feet turned out as needed. Lower the hips, with the chest up and the head looking forward. The shoulders should be just in front of the bar. This will be the starting position.",olympic weightlifting
Split Squat with Dumbbells,push,beginner,compound,dumbbell,quadriceps,glutes,hamstrings,None,None,None,None,None,None,None,None,Position yourself into a staggered stance with the rear foot elevated and front foot forward.,strength
Split Squats,push,intermediate,None,None,hamstrings,calves,glutes,quadriceps,None,None,None,None,None,None,None,"Being in a standing position. Jump into a split leg position, with one leg forward and one leg back, flexing the knees and lowering your hips slightly as you do so.",stretching
Squat Jerk,push,expert,compound,barbell,quadriceps,calves,glutes,hamstrings,shoulders,triceps,None,None,None,None,None,"Standing with the weight racked on the front of the shoulders, begin with the dip. With your feet directly under your hips, flex the knees without moving the hips backward. Go down only slightly, and reverse direction as powerfully as possible. Drive through the heels create as much speed and force as possible, and be sure to move your head out of the way as the bar leaves the shoulders.",strength
Squat with Bands,push,intermediate,compound,barbell,quadriceps,adductors,calves,glutes,hamstrings,lower back,None,None,None,None,None,"Set up the bands on the sleeves, secured to either band pegs, the rack, or dumbbells so that there is appropriate tension.",powerlifting
Squat with Chains,push,intermediate,compound,barbell,quadriceps,adductors,calves,glutes,hamstrings,lower back,None,None,None,None,None,"To set up the chains, begin by looping the leader chain over the sleeves of the bar. The heavy chain should be attached using a snap hook. Adjust the length of the lead chain so that a few links are still on the floor at the top of the movement.",powerlifting
Squat with Plate Movers,push,intermediate,compound,barbell,quadriceps,abductors,adductors,calves,glutes,hamstrings,None,None,None,None,None,"To begin, first set the bar on a rack to just below shoulder level. Position a weight plate on the ground a couple feet back from the rack. Once the bar is loaded, step under it and place the back of your shoulders across it.",strength
Squats - With Bands,push,beginner,compound,bands,quadriceps,calves,glutes,hamstrings,lower back,None,None,None,None,None,None,"To start out, make sure that the exercise band is at an even split between both the left and right side of the body. To do this, use your hands to grab both sides of the band and place both feet in the middle of the band. Your feet should be shoulder width apart from each other.",strength
Stairmaster,None,intermediate,None,machine,quadriceps,calves,glutes,hamstrings,None,None,None,None,None,None,None,"To begin, step onto the stairmaster and select the desired option from the menu. You can choose a manual setting, or you can select a program to run. Typically, you can enter your age and weight to estimate the amount of calories burned during exercise.",cardio
Standing Alternating Dumbbell Press,push,beginner,compound,dumbbell,shoulders,triceps,None,None,None,None,None,None,None,None,None,Stand with a dumbbell in each hand. Raise the dumbbells to your shoulders with your palms facing forward and your elbows pointed out. This will be your starting position.,strength
Standing Barbell Calf Raise,push,beginner,isolation,barbell,calves,None,None,None,None,None,None,None,None,None,None,"This exercise is best performed inside a squat rack for safety purposes. To begin, first set the bar on a rack that best matches your height. Once the correct height is chosen and the bar is loaded, step under the bar and place the bar on the back of your shoulders (slightly below the neck).",strength
Standing Barbell Press Behind Neck,push,intermediate,compound,barbell,shoulders,triceps,None,None,None,None,None,None,None,None,None,"This exercise is best performed inside a squat rack for easier pick up of the bar. To begin, first set the bar on a rack that best matches your height. Once the correct height is chosen and the bar is loaded, step under the bar and place the back of your shoulders (slightly below the neck) across it.",strength
Standing Bent-Over One-Arm Dumbbell Triceps Extension,push,beginner,isolation,dumbbell,triceps,shoulders,None,None,None,None,None,None,None,None,None,"With a dumbbell in one hand and the palm facing your torso, bend your knees slightly and bring your torso forward, by bending at the waist, while keeping the back straight until it is almost parallel to the floor. Make sure that you keep the head up.",strength
Standing Bent-Over Two-Arm Dumbbell Triceps Extension,push,beginner,isolation,dumbbell,triceps,None,None,None,None,None,None,None,None,None,None,"With a dumbbell in each hand and the palms facing your torso, bend your knees slightly and bring your torso forward, by bending at the waist, while keeping the back straight until it is almost parallel to the floor. Make sure that you keep the head up. The upper arms should be close to the torso and parallel to the floor while the forearms are pointing towards the floor as the hands hold the weights. Tip: There should be a 90-degree angle between the forearms and the upper arm. This is your starting position.",strength
Standing Biceps Cable Curl,pull,beginner,isolation,cable,biceps,None,None,None,None,None,None,None,None,None,None,Stand up with your torso upright while holding a cable curl bar that is attached to a low pulley. Grab the cable bar at shoulder width and keep the elbows close to the torso. The palm of your hands should be facing up (supinated grip). This will be your starting position.,strength
Standing Biceps Stretch,static,beginner,isolation,other,biceps,chest,shoulders,None,None,None,None,None,None,None,None,"Clasp your hands behind your back with your palms together, straighten arms and then rotate them so your palms face downward.",stretching
Standing Bradford Press,push,beginner,compound,barbell,shoulders,triceps,None,None,None,None,None,None,None,None,None,"Place a loaded bar at shoulder level in a rack. With a pronated grip at shoulder width, begin with the bar racked across the front of your shoulders. This is your starting position.",strength
Standing Cable Chest Press,push,beginner,compound,cable,chest,shoulders,triceps,None,None,None,None,None,None,None,None,"Position dual pulleys to chest height and select an appropriate weight. Stand a foot or two in front of the cables, holding one in each hand. You can stagger your stance for better stability.",strength
Standing Cable Lift,pull,beginner,compound,cable,abdominals,shoulders,None,None,None,None,None,None,None,None,None,"Connect a standard handle on a tower, and move the cable to the lowest pulley position.",strength
Standing Cable Wood Chop,pull,beginner,compound,cable,abdominals,shoulders,None,None,None,None,None,None,None,None,None,"Connect a standard handle to a tower, and move the cable to the highest pulley position.",strength
Standing Calf Raises,push,beginner,isolation,machine,calves,None,None,None,None,None,None,None,None,None,None,Adjust the padded lever of the calf raise machine to fit your height.,strength
Standing Concentration Curl,pull,beginner,isolation,dumbbell,biceps,forearms,None,None,None,None,None,None,None,None,None,"Taking a dumbbell in your working hand, lean forward. Allow your working arm to hang perpendicular to the ground with the elbow pointing out. This will be your starting position.",strength
Standing Dumbbell Calf Raise,push,intermediate,isolation,dumbbell,calves,None,None,None,None,None,None,None,None,None,None,Stand with your torso upright holding two dumbbells in your hands by your sides. Place the ball of the foot on a sturdy and stable wooden board (that is around 2-3 inches tall) while your heels extend off and touch the floor. This will be your starting position.,strength
Standing Dumbbell Press,push,beginner,compound,dumbbell,shoulders,triceps,None,None,None,None,None,None,None,None,None,"Standing with your feet shoulder width apart, take a dumbbell in each hand. Raise the dumbbells to head height, the elbows out and about 90 degrees. This will be your starting position.",strength
Standing Dumbbell Reverse Curl,pull,intermediate,isolation,dumbbell,biceps,forearms,None,None,None,None,None,None,None,None,None,"To begin, stand straight with a dumbbell in each hand using a pronated grip (palms facing down). Your arms should be fully extended while your feet are shoulder width apart from each other. This is the starting position.",strength
Standing Dumbbell Straight-Arm Front Delt Raise Above Head,push,intermediate,isolation,dumbbell,shoulders,None,None,None,None,None,None,None,None,None,None,"Hold the dumbbells in front of your thighs, palms facing your thighs.",strength
Standing Dumbbell Triceps Extension,push,beginner,isolation,dumbbell,triceps,None,None,None,None,None,None,None,None,None,None,"To begin, stand up with a dumbbell held by both hands. Your feet should be about shoulder width apart from each other. Slowly use both hands to grab the dumbbell and lift it over your head until both arms are fully extended.",strength
Standing Dumbbell Upright Row,pull,beginner,compound,dumbbell,traps,biceps,shoulders,None,None,None,None,None,None,None,None,Grasp a dumbbell in each hand with a pronated (palms forward) grip that is slightly less than shoulder width. The dumbbells should be resting on top of your thighs. Your arms should be extended with a slight bend at the elbows and your back should be straight. This will be your starting position.,strength
Standing Elevated Quad Stretch,static,beginner,None,other,quadriceps,None,None,None,None,None,None,None,None,None,None,Start by standing with your back about two to three feet away from a bench or step.,stretching
Standing Front Barbell Raise Over Head,push,intermediate,isolation,barbell,shoulders,None,None,None,None,None,None,None,None,None,None,"To begin, stand straight with a barbell in your hands. You should grip the bar with palms facing down and a closer than shoulder width grip apart from each other.",strength
Standing Gastrocnemius Calf Stretch,static,beginner,None,None,calves,hamstrings,None,None,None,None,None,None,None,None,None,Place your right heel on a step with your knee extended and lean forward to grab your right toe with your right hand. Your left knee should be slightly bent and your back should be straight.,stretching
Standing Hamstring and Calf Stretch,static,beginner,None,other,hamstrings,None,None,None,None,None,None,None,None,None,None,"Being by looping a belt, band, or rope around one foot. While standing, place that foot forward.",stretching
Standing Hip Circles,pull,beginner,isolation,body only,abductors,adductors,None,None,None,None,None,None,None,None,None,"Begin standing on one leg, holding to a vertical support.",stretching
Standing Hip Flexors,static,beginner,isolation,None,quadriceps,None,None,None,None,None,None,None,None,None,None,"Stand up straight with the spine vertical, the left foot slightly in front of the right.",stretching
Standing Inner-Biceps Curl,pull,intermediate,isolation,dumbbell,biceps,None,None,None,None,None,None,None,None,None,None,Stand up with a dumbbell in each hand being held at arms length. The elbows should be close to the torso. Your legs should be at about shoulder's width apart from each other.,strength
Standing Lateral Stretch,static,beginner,None,None,abdominals,None,None,None,None,None,None,None,None,None,None,Take a slightly wider than hip distance stance with your knees slightly bent.,stretching
Standing Leg Curl,pull,beginner,isolation,machine,hamstrings,None,None,None,None,None,None,None,None,None,None,Adjust the machine lever to fit your height and lie with your torso bent at the waist facing forward around 30-45 degrees (since an angled position is more favorable for hamstrings recruitment) with the pad of the lever on the back of your right leg (just a few inches under the calves) and the front of the right leg on top of the machine pad.,strength
Standing Long Jump,push,beginner,compound,body only,quadriceps,calves,glutes,hamstrings,None,None,None,None,None,None,None,This drill is best done in sand or other soft landing surface. Ensure that you are able to measure distance. Stand in a partial squat stance with feet shoulder width apart.,plyometrics
Standing Low-Pulley Deltoid Raise,push,beginner,isolation,cable,shoulders,forearms,None,None,None,None,None,None,None,None,None,Start by standing to the right side of a low pulley row. Use your left hand to come across the body and grab a single handle attached to the low pulley with a pronated grip (palms facing down). Rest your arm in front of you. Your right hand should grab the machine for better support and balance.,strength
Standing Low-Pulley One-Arm Triceps Extension,push,intermediate,isolation,cable,triceps,chest,shoulders,None,None,None,None,None,None,None,None,Grab a single handle with your left arm next to the low pulley machine. Turn away from the machine keeping the handle to the side of your body with your arm fully extended. Now use both hands to elevate the single handle directly above the head with the palm facing forward. Keep your upper arm completely vertical (perpendicular to the floor) and put your right hand on your left elbow to help keep it steady. This is the starting position.,strength
Standing Military Press,push,beginner,compound,barbell,shoulders,triceps,None,None,None,None,None,None,None,None,None,"Start by placing a barbell that is about chest high on a squat rack. Once you have selected the weights, grab the barbell using a pronated (palms facing forward) grip. Make sure to grip the bar wider than shoulder width apart from each other.",strength
Standing Olympic Plate Hand Squeeze,static,beginner,isolation,other,forearms,biceps,None,None,None,None,None,None,None,None,None,"To begin, stand straight while holding a weight plate by the ridge at arm's length in each hand using a neutral grip (palms facing in). You feet should be shoulder width apart from each other. This will be your starting position.",strength
Standing One-Arm Cable Curl,pull,intermediate,isolation,cable,biceps,None,None,None,None,None,None,None,None,None,None,Start out by grabbing single handle next to the low pulley machine. Make sure you are far enough from the machine so that your arm is supporting the weight.,strength
Standing One-Arm Dumbbell Curl Over Incline Bench,pull,beginner,isolation,dumbbell,biceps,None,None,None,None,None,None,None,None,None,None,Stand on the back side of an incline bench as if you were going to be a spotter for someone. Have a dumbbell in one hand and rest it across the incline bench with a supinated (palms up) grip.,strength
Standing One-Arm Dumbbell Triceps Extension,push,beginner,isolation,dumbbell,triceps,chest,shoulders,None,None,None,None,None,None,None,None,"To begin, stand up with a dumbbell held in one hand. Your feet should be about shoulder width apart from each other. Now fully extend the arm with the dumbbell over your head. Tip: The small finger of your hand should be facing the ceiling and the palm of your hand should be facing forward. The dumbbell should be above your head.",strength
Standing Overhead Barbell Triceps Extension,push,beginner,isolation,barbell,triceps,shoulders,None,None,None,None,None,None,None,None,None,"To begin, stand up holding a barbell or e-z bar using a pronated grip (palms facing forward) with your hands closer than shoulder width apart from each other. Your feet should be about shoulder width apart.",strength
Standing Palm-In One-Arm Dumbbell Press,push,beginner,compound,dumbbell,shoulders,triceps,None,None,None,None,None,None,None,None,None,Start by having a dumbbell in one hand with your arm fully extended to the side using a neutral grip. Use your other arm to hold on to an incline bench to keep your balance.,strength
Standing Palms-In Dumbbell Press,push,intermediate,compound,dumbbell,shoulders,triceps,None,None,None,None,None,None,None,None,None,Start by having a dumbbell in each hand with your arm fully extended to the side using a neutral grip. Your feet should be shoulder width apart from each other. Now slowly lift the dumbbells up until you create a 90 degree angle with your arms. Note: Your forearms should be perpendicular to the floor. This the starting position.,strength
Standing Palms-Up Barbell Behind The Back Wrist Curl,pull,beginner,isolation,barbell,forearms,None,None,None,None,None,None,None,None,None,None,Start by standing straight and holding a barbell behind your glutes at arm's length while using a pronated grip (palms will be facing back away from the glutes) and having your hands shoulder width apart from each other.,strength
Standing Pelvic Tilt,static,beginner,isolation,None,lower back,glutes,None,None,None,None,None,None,None,None,None,Start off with your feet hip-distance apart.,stretching
Standing Rope Crunch,pull,beginner,isolation,cable,abdominals,None,None,None,None,None,None,None,None,None,None,Attach a rope to a high pulley and select an appropriate weight.,strength
Standing Soleus And Achilles Stretch,static,beginner,isolation,None,calves,None,None,None,None,None,None,None,None,None,None,"Stand with your feet hip-distance apart, one foot slightly in front of the other.",stretching
Standing Toe Touches,static,beginner,None,None,hamstrings,calves,None,None,None,None,None,None,None,None,None,Stand with some space in front and behind you.,stretching
Standing Towel Triceps Extension,push,beginner,isolation,body only,triceps,None,None,None,None,None,None,None,None,None,None,"To begin, stand up with both arms fully extended above the head holding one end of a towel with both hands. Your elbows should be in and the arms perpendicular to the floor with the palms facing each other while your feet should be shoulder width apart from each other. This is the starting position.",strength
Standing Two-Arm Overhead Throw,pull,beginner,compound,medicine ball,shoulders,chest,lats,None,None,None,None,None,None,None,None,"Stand with your feet shoulder width apart holding a medicine ball in both hands. To begin, reach the medicine ball deep behind your head as you bend the knees slightly and lean back.",plyometrics
Star Jump,push,beginner,compound,body only,quadriceps,calves,glutes,hamstrings,shoulders,None,None,None,None,None,None,Begin in a relaxed stance with your feet shoulder width apart and hold your arms close to the body.,plyometrics
Step-up with Knee Raise,push,beginner,compound,body only,glutes,hamstrings,quadriceps,None,None,None,None,None,None,None,None,Stand facing a box or bench of an appropriate height with your feet together. This will be your starting position.,strength
Step Mill,None,intermediate,None,machine,quadriceps,calves,glutes,hamstrings,None,None,None,None,None,None,None,"To begin, step onto the stepmill and select the desired option from the menu. You can choose a manual setting, or you can select a program to run. Typically, you can enter your age and weight to estimate the amount of calories burned during exercise. Use caution so that you don't trip as you climb the stairs. It is recommended that you maintain your grip on the handles so that you don't fall.",cardio
Stiff-Legged Barbell Deadlift,pull,intermediate,compound,barbell,hamstrings,glutes,lower back,None,None,None,None,None,None,None,None,Grasp a bar using an overhand grip (palms facing down). You may need some wrist wraps if using a significant amount of weight.,strength
Stiff-Legged Dumbbell Deadlift,pull,beginner,compound,dumbbell,hamstrings,glutes,lower back,None,None,None,None,None,None,None,None,Grasp a couple of dumbbells holding them by your side at arm's length.,strength
Stiff Leg Barbell Good Morning,push,beginner,compound,barbell,lower back,glutes,hamstrings,None,None,None,None,None,None,None,None,"This exercise is best performed inside a squat rack for safety purposes. To begin, first set the bar on a rack that best matches your height. Once the correct height is chosen and the bar is loaded, step under the bar and place the back of your shoulders (slightly below the neck) across it.",strength
Stomach Vacuum,static,beginner,isolation,body only,abdominals,None,None,None,None,None,None,None,None,None,None,"To begin, stand straight with your feet shoulder width apart from each other. Place your hands on your hips. This is the starting position.",stretching
Straight-Arm Dumbbell Pullover,pull,intermediate,compound,dumbbell,chest,lats,shoulders,triceps,None,None,None,None,None,None,None,Place a dumbbell standing up on a flat bench.,strength
Straight-Arm Pulldown,pull,beginner,isolation,cable,lats,None,None,None,None,None,None,None,None,None,None,You will start by grabbing the wide bar from the top pulley of a pulldown machine and using a wider than shoulder-width pronated (palms down) grip. Step backwards two feet or so.,strength
Straight Bar Bench Mid Rows,pull,beginner,compound,barbell,middle back,biceps,lats,None,None,None,None,None,None,None,None,"Place a loaded barbell on the end of a bench. Standing on the bench behind the bar, take a medium, pronated grip. Stand with your hips back and chest up, maintaining a neutral spine. This will be your starting position.",strength
Straight Raises on Incline Bench,push,beginner,isolation,barbell,shoulders,traps,None,None,None,None,None,None,None,None,None,Place a bar on the ground behind the head of an incline bench.,strength
Stride Jump Crossover,push,beginner,compound,other,quadriceps,abductors,adductors,calves,hamstrings,None,None,None,None,None,None,"Stand to the side of a box with your inside foot on top of it, close to the edge.",plyometrics
Sumo Deadlift,pull,intermediate,compound,barbell,hamstrings,adductors,forearms,glutes,lower back,middle back,quadriceps,traps,None,None,None,"Begin with a bar loaded on the ground. Approach the bar so that the bar intersects the middle of the feet. The feet should be set very wide, near the collars. Bend at the hips to grip the bar. The arms should be directly below the shoulders, inside the legs, and you can use a pronated grip, a mixed grip, or hook grip. Relax the shoulders, which in effect lengthens your arms.",powerlifting
Sumo Deadlift with Bands,pull,intermediate,compound,barbell,hamstrings,adductors,forearms,glutes,lower back,middle back,quadriceps,traps,None,None,None,"To deadlift with short bands, simply loop them over the bar before you start, and step into them to set up. Ensure that they under the back half of your foot, directly where you are driving into the floor.",powerlifting
Sumo Deadlift with Chains,pull,intermediate,compound,barbell,hamstrings,abductors,adductors,forearms,glutes,lower back,middle back,quadriceps,traps,None,None,"You can attach the chains to the sleeves of the bar, or just drape the middle over the bar so there is a greater weight increase as you lift. Attempt to keep the ends of the chains away from the plates so you don't hit them when you lower the weight.",powerlifting
Superman,static,beginner,compound,body only,lower back,glutes,hamstrings,None,None,None,None,None,None,None,None,"To begin, lie straight and face down on the floor or exercise mat. Your arms should be fully extended in front of you. This is the starting position.",stretching
Supine Chest Throw,push,beginner,compound,medicine ball,triceps,chest,shoulders,None,None,None,None,None,None,None,None,This drill is great for chest passes when you lack a partner or a wall of sufficient strength. Lay on the ground on your back with your knees bent.,plyometrics
Supine One-Arm Overhead Throw,pull,beginner,compound,medicine ball,abdominals,chest,lats,shoulders,None,None,None,None,None,None,None,"Lay on the ground on your back with your knees bent. Hold the ball with one hand, extending the arm fully behind your head. This will be your starting position.",plyometrics
Supine Two-Arm Overhead Throw,pull,beginner,compound,medicine ball,abdominals,chest,lats,shoulders,None,None,None,None,None,None,None,Lay on the ground on your back with your knees bent.,plyometrics
Suspended Fallout,pull,intermediate,isolation,other,abdominals,chest,lower back,shoulders,None,None,None,None,None,None,None,"Adjust the straps so the handles are at an appropriate height, below waist level.",strength
Suspended Push-Up,push,beginner,compound,other,chest,shoulders,triceps,None,None,None,None,None,None,None,None,Anchor your suspension straps securely to the top of a rack or other object.,strength
Suspended Reverse Crunch,pull,beginner,isolation,other,abdominals,None,None,None,None,None,None,None,None,None,None,Secure a set of suspension straps with the handles hanging about a foot off of the ground. Move yourself into a pushup plank position facing away from the rack.,strength
Suspended Row,pull,beginner,compound,other,middle back,biceps,lats,None,None,None,None,None,None,None,None,Suspend your straps at around chest height. Take a handle in each hand and lean back. Keep your body erect and your head and chest up. Your arms should be fully extended. This will be your starting position.,strength
Suspended Split Squat,push,intermediate,compound,other,quadriceps,abductors,adductors,calves,glutes,hamstrings,None,None,None,None,None,Suspend your straps so the handles are 18-30 inches from the floor.,strength
Svend Press,push,beginner,compound,other,chest,forearms,shoulders,triceps,None,None,None,None,None,None,None,Begin in a standing position.,strength
T-Bar Row with Handle,pull,beginner,compound,barbell,middle back,biceps,lats,None,None,None,None,None,None,None,None,Position a bar into a landmine or in a corner to keep it from moving. Load an appropriate weight onto your end.,strength
Tate Press,push,intermediate,isolation,dumbbell,triceps,chest,shoulders,None,None,None,None,None,None,None,None,Lie down on a flat bench with a dumbbell in each hand on top of your thighs. The palms of your hand will be facing each other.,strength
The Straddle,static,beginner,None,None,hamstrings,adductors,calves,None,None,None,None,None,None,None,None,"Begin in a seated, upright position. Start by extending your legs in front of you in a V.",stretching
Thigh Abductor,push,beginner,isolation,machine,abductors,glutes,None,None,None,None,None,None,None,None,None,"To begin, sit down on the abductor machine and select a weight you are comfortable with. When your legs are positioned properly, grip the handles on each side. Your entire upper body (from the waist up) should be stationary. This is the starting position.",strength
Thigh Adductor,pull,beginner,isolation,machine,adductors,glutes,hamstrings,None,None,None,None,None,None,None,None,"To begin, sit down on the adductor machine and select a weight you are comfortable with. When your legs are positioned properly on the leg pads of the machine, grip the handles on each side. Your entire upper body (from the waist up) should be stationary. This is the starting position.",strength
Tire Flip,pull,intermediate,compound,other,quadriceps,calves,chest,forearms,glutes,hamstrings,lower back,shoulders,traps,triceps,None,"Begin by gripping the bottom of the tire on the tread, and position your feet back a bit. Your chest should be driving into the tire.",strongman
Toe Touchers,pull,beginner,isolation,body only,abdominals,None,None,None,None,None,None,None,None,None,None,"To begin, lie down on the floor or an exercise mat with your back pressed against the floor. Your arms should be lying across your sides with the palms facing down.",stretching
Torso Rotation,pull,beginner,None,exercise ball,abdominals,None,None,None,None,None,None,None,None,None,None,Stand upright holding an exercise ball with both hands. Extend your arms so the ball is straight out in front of you. This will be your starting position.,stretching
Trail Running/Walking,None,beginner,None,None,quadriceps,calves,glutes,hamstrings,None,None,None,None,None,None,None,"Running or hiking on trails will get the blood pumping and heart beating almost immediately. Make sure you have good shoes. While you use the muscles in your calves and buttocks to pull yourself up a hill, the knees, joints and ankles absorb the bulk of the pounding coming back down. Take smaller steps as you walk downhill, keep your knees bent to reduce the impact and slow down to avoid falling.",cardio
Trap Bar Deadlift,pull,beginner,compound,other,quadriceps,glutes,hamstrings,None,None,None,None,None,None,None,None,"For this exercise load a trap bar, also known as a hex bar, to an appropriate weight resting on the ground. Stand in the center of the apparatus and grasp both handles.",strength
Tricep Dumbbell Kickback,push,beginner,isolation,dumbbell,triceps,None,None,None,None,None,None,None,None,None,None,Start with a dumbbell in each hand and your palms facing your torso. Keep your back straight with a slight bend in the knees and bend forward at the waist. Your torso should be almost parallel to the floor. Make sure to keep your head up. Your upper arms should be close to your torso and parallel to the floor. Your forearms should be pointed towards the floor as you hold the weights. There should be a 90-degree angle formed between your forearm and upper arm. This is your starting position.,strength
Tricep Side Stretch,static,beginner,None,None,triceps,shoulders,None,None,None,None,None,None,None,None,None,None,stretching
Triceps Overhead Extension with Rope,push,beginner,isolation,cable,triceps,None,None,None,None,None,None,None,None,None,None,"Attach a rope to a low pulley. After selecting an appropriate weight, grasp the rope with both hands and face away from the cable.",strength
Triceps Pushdown,push,beginner,isolation,cable,triceps,None,None,None,None,None,None,None,None,None,None,Attach a straight or angled bar to a high pulley and grab with an overhand grip (palms facing down) at shoulder width.,strength
Triceps Pushdown - Rope Attachment,push,beginner,isolation,cable,triceps,None,None,None,None,None,None,None,None,None,None,Attach a rope attachment to a high pulley and grab with a neutral grip (palms facing each other).,strength
Triceps Pushdown - V-Bar Attachment,push,beginner,isolation,cable,triceps,None,None,None,None,None,None,None,None,None,None,Attach a V-Bar to a high pulley and grab with an overhand grip (palms facing down) at shoulder width.,strength
Triceps Stretch,static,beginner,isolation,None,triceps,lats,None,None,None,None,None,None,None,None,None,None,stretching
Tuck Crunch,pull,beginner,isolation,body only,abdominals,None,None,None,None,None,None,None,None,None,None,"To begin, lie down on the floor or an exercise mat with your back pressed against the floor. Your arms should be lying across your sides with the palms facing down.",strength
Two-Arm Dumbbell Preacher Curl,pull,beginner,isolation,dumbbell,biceps,None,None,None,None,None,None,None,None,None,None,Grab a dumbbell with each arm and place the upper arms on top of the preacher bench or the incline bench. The dumbbell should be held at shoulder length. This will be your starting position.,strength
Two-Arm Kettlebell Clean,pull,intermediate,compound,kettlebells,shoulders,calves,glutes,hamstrings,lower back,traps,None,None,None,None,None,"Place two kettlebells between your feet. To get in the starting position, push your butt back and look straight ahead.",strength
Two-Arm Kettlebell Jerk,push,intermediate,compound,kettlebells,shoulders,calves,quadriceps,triceps,None,None,None,None,None,None,None,None,strength
Two-Arm Kettlebell Military Press,push,intermediate,compound,kettlebells,shoulders,triceps,None,None,None,None,None,None,None,None,None,"Clean two kettlebells to your shoulders. Clean the kettlebells to your shoulders by extending through the legs and hips as you swing the kettlebells towards your shoulders. Rotate your wrists as you do so, so that the palms face forward.",strength
Two-Arm Kettlebell Row,pull,intermediate,compound,kettlebells,middle back,biceps,lats,None,None,None,None,None,None,None,None,Place two kettlebells in front of your feet. Bend your knees slightly and then push your butt out as much as possible as you bend over to get in the starting position.,strength
Underhand Cable Pulldowns,pull,beginner,compound,cable,lats,biceps,middle back,shoulders,None,None,None,None,None,None,None,Sit down on a pull-down machine with a wide bar attached to the top pulley. Adjust the knee pad of the machine to fit your height. These pads will prevent your body from being raised by the resistance attached to the bar.,strength
Upper Back-Leg Grab,static,beginner,None,None,hamstrings,lower back,middle back,None,None,None,None,None,None,None,None,"While seated, bend forward to hug your thighs from underneath with both arms.",stretching
Upper Back Stretch,static,beginner,None,None,middle back,middle back,None,None,None,None,None,None,None,None,None,None,stretching
Upright Barbell Row,pull,beginner,compound,barbell,shoulders,traps,None,None,None,None,None,None,None,None,None,Grasp a barbell with an overhand grip that is slightly less than shoulder width. The bar should be resting on the top of your thighs with your arms extended and a slight bend in your elbows. Your back should also be straight. This will be your starting position.,strength
Upright Cable Row,pull,intermediate,compound,cable,traps,shoulders,None,None,None,None,None,None,None,None,None,Grasp a straight bar cable attachment that is attached to a low pulley with a pronated (palms facing your thighs) grip that is slightly less than shoulder width. The bar should be resting on top of your thighs. Your arms should be extended with a slight bend at the elbows and your back should be straight. This will be your starting position.,strength
Upright Row - With Bands,pull,beginner,compound,bands,traps,shoulders,None,None,None,None,None,None,None,None,None,"To begin, stand on an exercise band so that tension begins at arm's length. Grasp the handles using a pronated (palms facing your thighs) grip that is slightly less than shoulder width. The handles should be resting on top of your thighs. Your arms should be extended with a slight bend at the elbows and your back should be straight. This will be your starting position.",strength
Upward Stretch,static,beginner,None,None,shoulders,chest,lats,None,None,None,None,None,None,None,None,"Extend both hands straight above your head, palms touching.",stretching
V-Bar Pulldown,pull,intermediate,compound,cable,lats,biceps,middle back,shoulders,None,None,None,None,None,None,None,Sit down on a pull-down machine with a V-Bar attached to the top pulley.,strength
V-Bar Pullup,pull,beginner,compound,body only,lats,biceps,middle back,shoulders,None,None,None,None,None,None,None,Start by placing the middle of the V-bar in the middle of the pull-up bar (assuming that the pull-up station you are using does not have neutral grip handles). The V-Bar handles will be facing down so that you can hang from the pull-up bar through the use of the handles.,strength
Vertical Swing,pull,beginner,compound,dumbbell,hamstrings,glutes,quadriceps,shoulders,None,None,None,None,None,None,None,"Allow the dumbbell to hang at arms length between your legs, holding it with both hands. Keep your back straight and your head up.",plyometrics
"Walking, Treadmill",None,beginner,None,machine,quadriceps,calves,glutes,hamstrings,None,None,None,None,None,None,None,"To begin, step onto the treadmill and select the desired option from the menu. Most treadmills have a manual setting, or you can select a program to run. Typically, you can enter your age and weight to estimate the amount of calories burned during exercise. Elevation can be adjusted to change the intensity of the workout.",cardio
Weighted Ball Hyperextension,pull,intermediate,compound,exercise ball,lower back,glutes,hamstrings,middle back,None,None,None,None,None,None,None,"To begin, lie down on an exercise ball with your torso pressing against the ball and parallel to the floor. The ball of your feet should be pressed against the floor to help keep you balanced. Place a weighted plate under your chin or behind your neck. This is the starting position.",strength
Weighted Ball Side Bend,pull,intermediate,isolation,exercise ball,abdominals,None,None,None,None,None,None,None,None,None,None,"To begin, lie down on an exercise ball with your left side of the torso (waist, hips and shoulder) pressed against the ball.",strength
Weighted Bench Dip,push,intermediate,compound,other,triceps,chest,shoulders,None,None,None,None,None,None,None,None,"For this exercise you will need to place a bench behind your back and another one in front of you. With the benches perpendicular to your body, hold on to one bench on its edge with the hands close to your body, separated at shoulder width. Your arms should be fully extended.",strength
Weighted Crunches,pull,beginner,isolation,medicine ball,abdominals,None,None,None,None,None,None,None,None,None,None,Lie flat on your back with your feet flat on the ground or resting on a bench with your knees bent at a 90 degree angle.,strength
Weighted Jump Squat,push,intermediate,compound,barbell,quadriceps,calves,glutes,hamstrings,lower back,None,None,None,None,None,None,"Position a lightly loaded barbell across the back of your shoulders. You could also use a weighted vest, sandbag, or other type of resistance for this exercise.",strength
Weighted Pull Ups,pull,intermediate,compound,other,lats,biceps,middle back,None,None,None,None,None,None,None,None,"Attach a weight to a dip belt and secure it around your waist. Grab the pull-up bar with the palms of your hands facing forward. For a medium grip, your hands should be spaced at shoulder width. Both arms should be extended in front of you holding the bar at the chosen grip.",strength
Weighted Sissy Squat,push,expert,compound,barbell,quadriceps,calves,glutes,hamstrings,None,None,None,None,None,None,None,"Standing upright, with feet at shoulder width and toes raised, use one hand to hold onto the beams of a squat rack and the opposite arm to hold a plate on top of your chest. This is your starting position.",strength
Weighted Sit-Ups - With Bands,pull,intermediate,isolation,other,abdominals,None,None,None,None,None,None,None,None,None,None,"Start out by strapping the bands around the base of the decline bench. Place the handles towards the inside of the decline bench so that when lying down, you can reach for both of them.",strength
Weighted Squat,push,intermediate,compound,other,quadriceps,calves,glutes,hamstrings,None,None,None,None,None,None,None,Start by positioning two flat benches shoulder width apart from each other. Stand on top of them and wrap the weighted belt around your waist with the amount of weight you feel comfortable with. Make sure your toes are facing out.,strength
Wide-Grip Barbell Bench Press,push,intermediate,compound,barbell,chest,shoulders,triceps,None,None,None,None,None,None,None,None,"Lie back on a flat bench with feet firm on the floor. Using a wide, pronated (palms forward) grip that is around 3 inches away from shoulder width (for each hand), lift the bar from the rack and hold it straight over you with your arms locked. The bar will be perpendicular to the torso and the floor. This will be your starting position.",strength
Wide-Grip Decline Barbell Bench Press,push,intermediate,compound,barbell,chest,shoulders,triceps,None,None,None,None,None,None,None,None,"Lie back on a decline bench with the feet securely locked at the front of the bench. Using a wide, pronated (palms forward) grip that is around 3 inches away from shoulder width (for each hand), lift the bar from the rack and hold it straight over you with your arms locked. The bar will be perpendicular to the torso and the floor. This will be your starting position.",strength
Wide-Grip Decline Barbell Pullover,pull,intermediate,compound,barbell,chest,shoulders,triceps,None,None,None,None,None,None,None,None,Lie down on a decline bench with both legs securely locked in position. Reach for the barbell behind the head using a pronated grip (palms facing out). Make sure to grab the barbell wider than shoulder width apart for this exercise. Slowly lift the barbell up from the floor by using your arms.,strength
Wide-Grip Lat Pulldown,pull,beginner,compound,cable,lats,biceps,middle back,shoulders,None,None,None,None,None,None,None,Sit down on a pull-down machine with a wide bar attached to the top pulley. Make sure that you adjust the knee pad of the machine to fit your height. These pads will prevent your body from being raised by the resistance attached to the bar.,strength
Wide-Grip Pulldown Behind The Neck,pull,intermediate,compound,cable,lats,biceps,middle back,shoulders,None,None,None,None,None,None,None,Sit down on a pull-down machine with a wide bar attached to the top pulley. Make sure that you adjust the knee pad of the machine to fit your height. These pads will prevent your body from being raised by the resistance attached to the bar.,strength
Wide-Grip Rear Pull-Up,pull,intermediate,compound,body only,lats,biceps,middle back,shoulders,None,None,None,None,None,None,None,Grab the pull-up bar with the palms facing forward using a wide grip.,strength
Wide-Grip Standing Barbell Curl,pull,beginner,isolation,barbell,biceps,None,None,None,None,None,None,None,None,None,None,Stand up with your torso upright while holding a barbell at the wide outer handle. The palm of your hands should be facing forward. The elbows should be close to the torso. This will be your starting position.,strength
Wide Stance Barbell Squat,push,intermediate,compound,barbell,quadriceps,calves,glutes,hamstrings,lower back,None,None,None,None,None,None,"This exercise is best performed inside a squat rack for safety purposes. To begin, first set the bar on a rack that best matches your height. Once the correct height is chosen and the bar is loaded, step under the bar and place the back of your shoulders (slightly below the neck) across it.",strength
Wide Stance Stiff Legs,pull,intermediate,compound,barbell,hamstrings,adductors,glutes,lower back,None,None,None,None,None,None,None,"Begin with a barbell loaded on the floor. Adopt a wide stance, and then bend at the hips to grab the bar. Your hips should be as far back as possible, and your legs nearly straight. Keep your back straight, and your head and chest up. This will be your starting position.",olympic weightlifting
Wind Sprints,pull,beginner,compound,body only,abdominals,None,None,None,None,None,None,None,None,None,None,Hang from a pull-up bar using a pronated grip. Your arms and legs should be extended. This will be your starting position.,strength
Windmills,pull,intermediate,None,None,abductors,glutes,hamstrings,lower back,None,None,None,None,None,None,None,Lie on your back with your arms extended out to the sides and your legs straight. This will be your starting position.,stretching
World's Greatest Stretch,static,intermediate,None,None,hamstrings,calves,glutes,quadriceps,None,None,None,None,None,None,None,"This is a three-part stretch. Begin by lunging forward, with your front foot flat on the ground and on the toes of your back foot. With your knees bent, squat down until your knee is almost touching the ground. Keep your torso erect, and hold this position for 10-20 seconds.",stretching
Wrist Circles,pull,beginner,isolation,body only,forearms,None,None,None,None,None,None,None,None,None,None,"Start by standing straight with your feet being shoulder width apart from each other. Elevate your arms to the side of you until they are fully extended and parallel to the floor at a height that is evenly aligned with your shoulders. Tip: Your torso and arms should form the letter ""T: Your palms should be facing down. This is the starting position.",stretching
Wrist Roller,pull,beginner,isolation,other,forearms,shoulders,None,None,None,None,None,None,None,None,None,"To begin, stand straight up grabbing a wrist roller using a pronated grip (palms facing down). Your feet should be shoulder width apart.",strength
Wrist Rotations with Straight Bar,pull,beginner,isolation,barbell,forearms,None,None,None,None,None,None,None,None,None,None,Hold a barbell with both hands and your palms facing down; hands spaced about shoulder width. This will be your starting position.,strength
Yoke Walk,None,intermediate,compound,other,quadriceps,abdominals,abductors,adductors,calves,glutes,hamstrings,lower back,None,None,None,"The yoke is usually done with a yoke apparatus, but is sometimes seen with refrigerators or other heavy objects.",strongman
Zercher Squats,push,expert,compound,barbell,quadriceps,calves,glutes,hamstrings,None,None,None,None,None,None,None,"This exercise is best performed inside a squat rack for safety purposes. To begin, first set the bar on a rack that best matches your height. The correct height should be anywhere above the waist but below the chest. Once the correct height is chosen and the bar is loaded, lock your hands together and place the bar on top of your arms in between the forearm and upper arm.",strength
Zottman Curl,pull,intermediate,isolation,dumbbell,biceps,forearms,None,None,None,None,None,None,None,None,None,Stand up with your torso upright and a dumbbell in each hand being held at arms length. The elbows should be close to the torso.,strength
Zottman Preacher Curl,pull,intermediate,isolation,dumbbell,biceps,forearms,None,None,None,None,None,None,None,None,None,Grab a dumbbell in each hand and place your upper arms on top of the preacher bench or the incline bench. The dumbbells should be held at shoulder height and the elbows should be flexed. Hold the dumbbells with the palms of your hands facing down. This will be your starting position.,strength
