Food,Quantity,Carbohydrate_(g),Protein_(g),Fat_(g),Category,Vegetarian,Recipe/Single_food_item,Calories_(kcal),Protein_(g)_nutritions,Fats_(g),Carbohydrates_(g),Fiber_(g),Starch_(g),Cholesterol_(mg),Calcium_(mg),Magnesium_(mg),Iron_(mg),Zinc_(mg),Thiamin_(mg),Riboflavin_(mg),Niacin_(mg),Vitamin_B6_(mg),Vitamin_B12_(mcg),"Folate,_ug",Vitamin_C_(mg),Retinol_Activity_Equivalents_(ug),Vitamin_E_(ug),total_n-6_fas_(%_of_energy),total_n-3_fas_(%_of_energy),Vitamin_B5_(mg),Phosphorus_(mg),Potassium_(mg),Sodium_(mg),Selenium_(mcg),Retinol_(mcg),Saturated_fatty_acids_(g),Mono-unsaturated_fatty_acids_(g),Poly-unsaturated_fatty_acids_(g),Free_sugars_(g)
ADA,80.0,61.0,5.0,2.0,,,S,280.0,,,,,,,,,,,,,,,,,,,,,,,,,,,,,,,
"AGATHI FLOWERS, TEMPERED",,,,,,,R,,9.288287163,10.81378651,10.609272,10.40014553,5.58928299,0.0,906.6439819,108.9732895,4.939284801,0.706838965,0.266051203,0.336980194,1.338399887,0.303277045,,113.6247635,111.7454987,1883.221191,1.817338943,,,0.802873015,78.34031677,809.4143066,20.9017849,30.84196281,,,,,2.595276117
AGGALA,,,,,,,R,,3.7,0.5,91.3,0,45.8,0.0,20.0,15.6,1.26,0.83,0.06,0.03,2.0,0.12,0.0,11.4,0.1,0.0,0.1,0.3,0.0,,,,,,,,,,
ALMONDS,30.0,6.0,6.0,15.0,,,S,180.0,18.4,58.5,3.0,13.1,0.0,0.0,228.0,318.0,4.59,3.5,0.15,0.26,3.7,0.09,0.0,36.5,0.7,0.0,25.9,19.4,0.0,,,,,,,,,,
ALUWA,100.0,85.0,3.0,8.0,,,S,400.0,3.3,0.4,79.7,1.2,40.0,0.0,18.0,13.6,1.09,0.73,0.05,0.03,1.8,0.1,0.0,10.0,0.1,0.0,0.1,0.3,0.0,,,,,,,,,,
"AMARANTH LEAVES, BOILED, W/ COCONUT MILK",,,,,,,R,,3.572233,11.603986,5.3771262,3.0383439,0.70081401,0.0,220.90326,134.41615,3.0925009,1.242702,0.028137099,0.12930165,0.82762003,0.15973285,,43.675716,38.947781,885.64069,0.334923,,,0.298511,59.223755,421.30972,12.471361,11.643946,,128.83292,33.138187,231.82468,0.71595401
"AMARANTH LEAVES, FRESH OR WATER-COOKED MALLUM W/ SCRAPED COCONUT",,,,,,,R,,3.7,12.4,8.0,3.4,0.2,0.0,571.0,135.7,16.19,1.25,0.03,0.04,0.1,0.03,0.0,10.6,9.4,804.0,0.9,1.2,0.0,,,,,,,,,,
"AMARANTH LEAVES, TEMPERED",,,,,,,R,,6.0670543,17.161535,8.1330433,7.816566,3.1564021,0.0,339.73566,277.65109,5.4131107,1.971606,0.053597949,0.29469284,1.2237672,0.36328664,,89.728615,94.989296,1661.7511,0.75497299,,,0.76578903,144.58707,955.00397,26.323135,24.048986,,337.95044,305.48926,677.64728,2.1310852
"AMARANTH LEAVES, TEMPERED MALLUM W/ SCRAPED COCONUT",,,,,,,R,,3.6,15.8,7.6,3.3,0.1,0.0,549.0,130.1,15.59,1.2,0.03,0.04,0.1,0.03,0.0,9.9,9.2,774.0,0.9,1.3,0.0,,,,,,,,,,
"AMBARELLA, RAW",,,,,,,S,,0.73,0.44,7.46,4.67,5.53,,20.7,9.28,0.7,0.12,,0.01,0.42,0.1,0.0,44.49,35.51,3.36,0.43,,,0.12,14.6,174.0,5.99,2.52,,,,,
"AMBARELLA, TEMPERED, W/ COCONUT MILK",,,,,,,R,,1.4,21.5,17.9,1.4,1.7,0.0,48.0,8.7,0.86,0.1,0.03,0.02,0.7,0.01,0.0,2.2,12.7,26.0,0.1,0.6,0.0,,,,,,,,,,
"AMBARELLA, W/ COCONUT MILK",,,,,,,R,,1.5,15.8,12.4,1.4,1.8,0.0,47.0,8.9,0.88,0.1,0.02,0.02,0.6,0.01,0.0,2.2,12.2,26.0,0.0,0.3,0.0,,,,,,,,,,
AMBUL KESEL,50.0,11.0,0.5,0.1,,,S,45.0,,,,,,,,,,,,,,,,,,,,,,,,,,,,,,,
AMBUN KESEL,100.0,23.0,1.3,0.3,,,S,90.0,,,,,,,,,,,,,,,,,,,,,,,,,,,,,,,
"ANGUNA KOLA, TEMPERED MALLUM W/ SCRAPED COCONUT",,,,,,,R,,4.430605888,14.59377766,7.06265974,6.78387785,5.197753906,0.0,268.2716675,53.18556213,2.016974926,0.608502984,0.0063304,0.074859947,0.371589154,0.378298253,,73.44284058,31.36408424,1500.634277,0.495563,,,0.600323021,58.74394226,276.7107849,36.58811188,38.96010208,,,,,0.711685002
APPLE,150.0,22.0,0.0,0.0,,,S,80.0,,,,,,,,,,,,,,,,,,,,,,,,,,,,,,,
"APPLE JUICE, UNSWEETENED (100% JUICE)",,,,,,,S,,0.4,0.0,10.3,0,0.0,0.0,7.0,7.0,0.07,0.0,0.17,0.02,0.3,0.06,0.0,11.0,33.0,0.0,0.0,0.0,0.0,,,,,,,,,,
"APPLE,RAW",,,,,,,S,,0.3,0.5,13.9,2.1,0.0,0.0,5.0,5.5,0.25,0.05,0.01,0.01,0.1,0.03,0.0,3.5,4.0,0.0,0.1,3.0,0.5,,,,,,,,,,
"ASH GOURD, BOILED, W/ COCONUT MILK",,,,,,,R,,1.6,12.2,4.8,2.1,1.8,0.0,15.0,14.3,0.58,0.14,0.01,0.01,0.1,0.06,0.0,8.6,4.3,5.0,0.0,0.5,0.1,,,,,,,,,,
"ASH PLANTAIN AND FISH, TEMPERED",,,,,,,R,,24.696022,9.1544189,13.718862,4.5972929,10.020246,54.79174,72.137169,85.481194,2.1098902,1.5815836,0.0265949,0.12392299,3.5873466,0.47368696,1.2416159,134.15128,5.4341474,20.877998,0.096767999,,,0.81862396,180.40048,621.25574,4262.1724,174.24712,,,,,
"ASH PLANTAIN, DEEP-FRIED",,,,,,,R,,1.7,5.1,25.9,5.3,22.7,0.0,20.0,52.4,0.5,0.34,0.01,0.07,0.5,0.11,0.0,27.9,24.0,1.0,0.1,1.1,0.3,,,,,,,,,,
"ASH PLANTAIN, TEMPERED",,,,,,,R,,3.3197999,4.901051044,16.2754364,4.816104889,13.58302498,0.0,42.096241,29.40181923,0.752294004,0.277478009,0.020349201,0.038340099,2.367351532,0.094539247,,8.780802727,5.28167057,12.34021854,0.066997997,,,0.558893979,31.51800156,336.5348816,13.95522308,1.770736933,,,,,1.266006947
"ASH PLANTAIN, TEMPERED & BOILED, W/ COCONUT MILK",,,,,,,R,,3.473891973,12.89064884,13.38365173,3.376360893,8.288015366,0.0,20.4666214,20.93277931,1.589293003,0.589896977,0.0238178,0.025328899,1.769150734,0.091608346,,15.5822897,5.543022156,12.39232635,0.063441001,,,0.376811981,26.17001534,229.2453918,8.872883797,1.176197052,,,,,1.282112956
"ASH PLANTAIN,BOILED, W/ COCONUT MILK",,,,,,,R,,1.6,10.5,13.7,2.6,10.7,0.0,16.0,27.0,0.58,0.19,0.01,0.03,0.2,0.04,0.0,12.9,8.6,17.0,0.1,0.5,0.1,,,,,,,,,,
"ASIAN SEA BASS, FRESH, BOILED, W/ COCONUT MILK",,,,,,,R,,9.2647305,9.5336399,4.0925612,1.266714,0.50873798,9.6659098,23.184647,20.430052,1.1184649,0.551961,0.02528326,0.037636701,1.1676251,0.08001858,0.14506499,19.101187,2.9839594,15.012181,0.034991998,,,0.29043001,108.3999,245.67471,33.834454,18.934309,,,,,
ATHIRASA,,,,,,,R,,3.0,37.2,84.8,1.3,32.2,0.0,38.0,17.4,1.17,0.73,0.03,0.02,1.4,0.07,0.0,9.9,0.0,0.0,0.3,1.5,0.0,,,,,,,,,,
"AVELEMEEN (MULLET), FRESH, BOILED, W/ COCONUT MILK",,,,,,,R,,11.387767,10.213167,4.0925612,1.266714,0.50873798,14.012017,58.22419,21.395863,2.0041482,0.74942851,0.037163809,0.087837838,1.364337,3.3043611,0.764009,73.938698,2.9839594,15.012181,0.034991998,,,0.48827803,114.09693,211.03748,25.002974,14.997557,,,,,
AVOCADO,50.0,4.3,1.0,7.4,,,S,80.0,,,,,,,,,,,,,,,,,,,,,,,,,,,,,,,
"AVOCADO,FRESH,RAW",,,,,,,S,,3.0,13.9,1.8,6.7,0.1,0.0,28.0,48.1,0.81,0.75,0.07,0.08,0.9,0.18,0.0,67.2,9.4,2.0,0.0,6.8,0.4,,,,,,,,,,
BANANA,100.0,23.0,1.0,0.0,,,S,90.0,,,,,,,,,,,,,,,,,,,,,,,,,,,,,,,
BANANA FRITTERS,,,,,Snack,Yes,S,680.0,,,,,,,,,,,,,,,,,,,,,,,,,,,,,,,
BANANA FRITTERS,,,,,Breakfast,No,S,270.0,,,,,,,,,,,,,,,,,,,,,,,,,,,,,,,
BANANA FRITTERS,,,,,Snack,Yes,S,538.0,,,,,,,,,,,,,,,,,,,,,,,,,,,,,,,
"BANANA, CAVENDISH, RIPE",,,,,,,S,,1.2,0.3,23.6,1.9,5.3,0.0,5.0,35.0,0.28,0.14,0.01,0.03,0.5,0.44,0.0,16.8,4.8,0.0,0.1,0.5,0.7,,,,,,,,,,
"BANANA, KOLIKUTTU, RIPE",,,,,,,S,,1.4,0.2,22.9,0,0.0,0.0,45.0,38.0,1.71,1.92,0.05,0.08,0.0,0.0,0.0,0.0,14.1,0.0,0.0,0.0,0.0,,,554.41,6.36,4.5,,,,,
"BANANA, POOVAN, RIPE",,,,,,,S,,1.5,0.3,23.4,2.3,4.7,0.0,9.0,43.8,0.35,0.17,0.01,0.03,0.4,0.5,0.0,20.0,6.7,10.0,0.1,0.6,0.6,,,,,,,,,,
"BARRACUDA, FRESH, BOILED, W/ COCONUT MILK",,,,,,,R,,12.895235,10.67271,4.1620331,1.36043,0.53485501,15.555,26.420759,25.090445,1.66274,0.60331804,0.039738201,0.042382851,1.4526744,0.081450872,2.2190101,12.604934,2.4795806,16.195127,0.062613003,,,0.27145201,141.00978,308.53311,21.213036,16.531515,,,,,
BATTER CAROL BISCUIT,5.8,4.2,0.4,0.75,,,S,26.0,,,,,,,,,,,,,,,,,,,,,,,,,,,,,,,
BEE HONEY,,,,,,,S,,0.3,0.0,82.4,0.2,,0.0,6.0,2.0,0.42,0.22,0.0,0.038,0.121,0.024,0.0,,0.5,0.0,0.0,,,,,,,,,,,,
"BEEF AND VEGETABLE, NFS, LIGHT TEMPERED, W/ COCONUT MILK",,,,,,,R,,9.991214752,8.102972031,4.65024519,3.252089739,0.942959428,17.86788368,100.5686722,31.0278244,2.09272337,1.447312832,0.061405003,0.081497557,2.909851789,0.134500593,0.50545275,27.8414135,6.001820564,28.49456596,0.24871324,,,0.563917935,106.9444351,324.6075134,21.84728622,9.377565384,,,,,0.829020441
BEEF KOTTU,,,,,,,R,,7.3,17.2,16.6,1.618,14.8,37.7,42.0,30.1,1.73,0.86,0.05,0.06,0.8,0.1,0.26594999,13.7,4.1,200.0,0.4,1.0,0.1,,,,,,,,,,
"BEEF OFFALS (BABATH), BOILED AND FRIED",,,,,,,R,,17.065004,15.987584,2.5283999,1.613178,2.288202,436.30002,17.282066,24.850218,1.8611712,2.3400898,0.11802447,0.19101337,4.4824772,0.16133304,1.1512536,202.75883,0.0,4.8573799,0.34359413,,,3.1998961,212.26573,338.65515,79.290535,35.716286,,2314.4402,1459.2605,530.5578,0.044688001
"BEEF OFFALS (BABATH), BOILED, W/ COCONUT MILK",,,,,,,R,,12.9,8.3,3.1,1.28,2.2,27.6,23.0,26.5,1.98,2.42,0.01,0.05,1.5,0.12,0.62800199,6.7,2.3,106.0,0.2,2.7,0.3,,,,,,,,,,
"BEEF, BOILED, W/ COCONUT MILK",,,,,,,R,,15.584135,17.04241,1.836033,0.85503,0.526555,33.949501,77.729362,25.928045,2.14764,2.2158179,0.040581599,0.061977852,3.8505514,0.12171312,0.96037501,4.0950642,1.5204256,16.193647,0.32211298,,,0.61922199,152.3268,303.38312,35.191837,14.822715,,2032.0618,2138.5637,388.09668,0.42007601
"BEEF, COOKED W/ WATER",,,,,,,R,,13.070065,4.238555,1.836033,0.85503,0.526555,28.313883,77.211441,22.848579,1.887601,1.8586689,0.037344601,0.053345852,3.2329319,0.10444912,0.80095273,3.949291,1.5204256,16.193647,0.27895299,,,0.52211201,128.69669,263.78381,29.506586,12.437046,,1691.066,1784.8152,334.4259,0.42007601
"BEEF, ROAST OR BAKED",,,,,,,R,,31.070551,9.9345751,0.0,0,,248.23102,0.0,69.648705,5.7607198,32.349377,3.2137351,4.4138851,0.036671251,0.101346,1.8388965,0.21336,,2.4449723,0.0,59.722797,29.483685,0.0,0.5334,,,1.20015,,,,,
"BEEF, TEMPERED",,,,,,,R,,12.0,8.1,5.7,1.1,2.2,32.8,10.0,20.1,1.55,2.01,0.05,0.14,5.5,0.36,0.78795075,29.1,38.6,29.0,0.4,2.3,0.8,,,,,,,,,,
"BEEF, TEMPERED, W/ COCONUT MILK",,,,,,,R,,15.22170353,12.46599865,3.434812069,1.237185001,0.501372039,31.4633522,88.5202179,26.23406219,2.034845114,2.222404003,0.055639599,0.076804101,3.838986635,0.134523466,0.890046,7.37520504,2.414354086,17.97132301,0.291274011,,,0.617576957,146.9918823,307.3298035,32.89681625,13.92710304,,,,,0.486526012
BEER,,,,,,,S,,0.0,0.46,3.55,0,0.0,0.0,4.0,6.0,0.02,0.01,0.0,0.03,0.51,0.05,0.0,6.0,0.0,0.0,,,,,,,,,,,,,
"BEET ROOT, BOILED, W/ COCONUT MILK",,,,,,,R,,2.5,15.8,8.1,2.7,2.7,0.0,24.0,27.8,1.14,0.27,0.01,0.01,0.2,0.03,0.0,57.5,2.7,26.0,0.1,0.5,0.0,,,,,,,,,,
"BEET ROOT, SALAD",,,,,,,R,,1.9,0.2,6.4,3.2,1.6,0.0,18.0,32.4,0.73,0.3,0.01,0.01,0.2,0.06,0.0,84.7,4.0,2.0,0.1,1.9,0.2,,,,,,,,,,
"BEET ROOT, TEMPERED",,,,,,,R,,1.3,4.7,5.7,2,0.6,0.0,15.0,8.0,0.7,0.28,0.01,0.01,0.3,0.03,0.0,100.7,1.9,7.0,0.1,1.2,0.0,,,,,,,,,,
"BEET ROOT, TEMPERED, W/ COCONUT MILK",,,,,,,R,,2.7,14.0,8.4,3.2,3.1,0.0,27.0,32.8,1.28,0.34,0.02,0.02,0.2,0.05,0.0,68.4,3.6,31.0,0.1,1.0,0.2,,,,,,,,,,
BEETROOT CURRY,,,,,Side Dish,Yes,S,344.0,,,,,,,,,,,,,,,,,,,,,,,,,,,,,,,
BEETROOT CURRY,,,,,Beverage,Yes,S,246.0,,,,,,,,,,,,,,,,,,,,,,,,,,,,,,,
BEETROOT CURRY WITH COCONUT MILK,100.0,11.0,2.0,4.7,,,S,89.0,,,,,,,,,,,,,,,,,,,,,,,,,,,,,,,
BETEL / ARECA NUT,,,,,,,S,,0.0,0.0,0.0,0,0.0,0.0,0.0,0.0,0.0,0.0,0.0,0.0,0.0,0.0,0.0,0.0,0.0,0.0,0.0,0.0,0.0,0.0,0.0,0.0,0.0,0.0,0.0,0.0,0.0,0.0,0.0
BIRYANI W/ CHICKEN,,,,,,,R,,4.8,4.4,18.2,1.6,16.7,13.7,43.0,15.9,1.29,0.27,0.02,0.02,0.6,0.05,0.14040039,6.3,3.1,69.0,0.1,1.6,0.1,,,,,,,,,,
BIRYANI W/ VEGETABLES,,,,,,,R,,1.9,1.9,15.9,0.4,0.2,0.0,9.0,7.1,0.23,0.06,0.12,0.21,0.0,0.01,0.0,6.4,1.6,58.0,0.0,0.5,0.0,,,,,,,,,,
"BISCUIT, BRAN",,,,,,,S,,6.4,15.1,75.4,0,55.1,0.0,157.0,23.0,2.03,1.0,0.12,0.01,1.4,0.06,0.0,12.0,0.0,0.0,2.8,3.5,0.2,,,,,,,,,,
"BISCUIT, CHEESE FLAVORED",,,,,,,S,,10.5,28.1,53.2,0,50.5,0.0,263.0,34.0,2.08,1.4,0.25,0.1,2.1,0.07,0.0,35.0,0.0,49.0,8.7,0.0,0.0,,,,,,,,,,
"BISCUIT, CHOCOLATE CHIP",,,,,,,S,,5.4,24.9,60.0,0,30.0,0.0,117.0,34.0,2.3,0.7,0.13,0.08,0.9,0.03,0.0,36.0,0.0,0.0,2.2,6.4,0.2,,,,,,,,,,
"BISCUIT, CHOCOLATE, FULL COATED",,,,,,,S,,6.4,27.2,62.8,0,23.5,0.0,163.0,46.0,2.01,1.0,0.14,0.19,1.2,0.09,0.0,14.0,0.0,28.0,1.6,3.1,0.1,,,,,,,,,,
"BISCUIT, CREAM CRACKERS",,,,,,,S,,5.0,23.3,65.8,0,36.0,0.0,118.0,29.0,2.19,0.6,0.16,0.05,1.6,0.06,0.0,11.0,0.0,0.0,2.3,0.0,0.0,,,,,,,,,,
"BISCUIT, CREAM FILLED",,,,,,,S,,9.6,16.3,68.3,,,,,,,,,,,,,,,,,,,,,,,,,,,,
"BISCUIT, GINGER",,,,,,,S,,4.8,15.7,75.3,0,44.0,0.0,43.0,18.0,1.5,0.5,0.1,0.03,0.9,0.07,0.0,11.0,0.0,0.0,2.1,3.4,0.1,,,,,,,,,,
"BISCUIT, LEMON PUFF",,,,,,,S,,5.0,23.3,65.8,0,36.0,0.0,118.0,29.0,2.19,0.6,0.16,0.05,1.6,0.06,0.0,11.0,0.0,0.0,2.3,0.0,0.0,,,,,,,,,,
"BISCUIT, MARIE",,,,,,,S,,7.1,10.6,70.5,0,0.0,0.0,0.0,28.0,0.0,0.61,0.54,0.49,3.9,0.07,0.0,98.0,0.0,1.0,0.0,0.0,0.0,,,,,,,,,,
"BISCUIT, SAVORY",,,,,,,S,,6.6,32.4,54.6,,,,,,,,,,,,,,,,,,,,,,,,,,,,
"BISCUIT, SEMI SWEET",,,,,,,S,,6.4,15.1,75.4,0,55.1,0.0,157.0,23.0,2.03,1.0,0.12,0.01,1.4,0.06,0.0,12.0,0.0,0.0,2.8,3.5,0.2,,,,,,,,,,
"BISCUIT, SHORTIES",,,,,,,S,,5.6,20.9,71.7,0,48.0,0.0,95.0,20.0,1.64,0.7,0.17,0.02,1.3,0.05,0.0,9.0,0.0,0.0,2.7,3.9,0.1,,,,,,,,,,
"BISCUIT, SWEET, FLAVORED, NO FILLING",,,,,,,S,,6.6,14.2,72.7,0,0.0,0.0,31.0,53.0,4.01,1.09,0.2,0.27,2.9,0.05,0.0,39.0,0.0,3.0,0.0,0.0,0.0,,,,,,,,,,
"BISCUIT, WAFER, FILLED",,,,,,,S,,4.7,30.0,66.0,,,,73.0,,1.6,0.6,0.09,0.08,0.5,0.03,0.0,7.0,0.0,0.0,,,,,,,,,,,,,
"BITTER GOURD AND DRIED FISH, TEMPERED",,,,,,,R,,16.427172,6.6473227,3.7093101,3.517498,0.87094396,37.847267,66.360687,68.434906,2.4012198,1.1521312,0.04225808,0.088665657,1.4974798,0.31769592,0.85764325,116.17651,27.659698,40.22739,0.055943001,,,0.50519115,136.09486,467.18985,2945.8645,123.62455,,,,,
"BITTER GOURD, BOILED CURRY",,,,,,,R,,2.895509,12.091337,7.7576642,4.0376868,332.21939,46.282219,1.539322,0.0,130.08214,35.69302,2.5143261,0.599783,0.083304599,0.04873405,0.0,0.10490565,,44.373009,37.5686,12.113568,4.9451141,61.297974,0.082444996,,,0.37529901,,,,,
"BITTER GOURD, DEEP-FRIED",,,,,,,R,,1.870730996,13.43704414,3.815227032,4.904356003,1.498049021,0.0,29.62546158,44.46085739,2.467679977,0.334140807,0.061636325,0.065852724,0.423174053,0.064879976,,38.84122467,40.76124191,55.97129822,0.095802002,,,0.354368001,53.16101456,405.234436,14.07113171,6.788374901,,,,,0.149242997
"BITTER GOURD, TEMPERED",,,,,,,R,,3.1,3.2,12.5,0,2.0,0.0,86.0,45.3,2.06,0.66,0.12,0.13,0.4,0.08,0.0,20.6,99.5,100.0,0.1,1.3,0.2,,,,,,,,,,
"BITTER GOURD, TEMPERED & BOILED, W/ COCONUT MILK",,,,,,,R,,2.515836,19.01440811,6.509402752,2.616647005,0.773599029,0.0,121.6432571,23.47864342,2.175796032,0.593542993,0.062829502,0.032811102,0.73990941,0.069799051,,31.71823692,24.32664871,56.08591461,0.065568,,,0.199725002,29.06676483,219.6775055,8.31920433,2.996654987,,,,,0.611693978
"BITTER GOURD, TEMPERED, SALAD",,,,,,,R,,2.9312789,10.62128,8.1964159,7.7598701,2.416579,0.0,163.63164,65.63517,3.6447051,0.695337,0.13166161,0.094158702,0.76335621,0.111834,,75.947113,67.157219,61.234367,0.171661,,,0.66120404,73.732941,515.15076,21.691681,5.8523231,,293.69894,40.341515,225.27649,1.696732
"BITTER GOURD, W/ COCONUT MILK",,,,,,,R,,2.7,23.7,9.1,0,2.5,0.0,44.0,22.8,1.4,0.29,0.04,0.04,0.2,0.02,0.0,4.7,32.3,97.0,0.1,0.4,0.0,,,,,,,,,,
"BLACK GRAM, SPLIT, BOILED & TEMPERED",,,,,,,R,,7.801460266,5.394796371,18.49678802,4.347791195,16.94511414,0.0,16.40919495,51.85929871,1.615635037,0.999811172,0.0546804,0.0293651,0.475339442,0.064100951,,21.81975174,1.898029923,2.221201658,0.065935001,,,1.168722034,109.0961838,340.1612244,7.498131752,7.125395775,,,,,0.925099969
"BLACK GRAM, SPLIT, BOILED & TEMPERED, W/ COCONUT MILK",,,,,,,R,,6.6546879,13.020208,15.831752,3.4279039,12.661238,0.0,39.1688,40.380898,1.7964001,0.98190802,0.050913699,0.023724699,0.625835,0.064724401,,21.713665,3.7421486,8.3368397,0.063330002,,,0.87420398,83.146988,265.98041,5.745357,5.4293337,,84.894287,50.672607,210.69966,0.73092401
"BLACK GRAM, SPLIT, BOILED, W/ COCONUT MILK",,,,,,,R,,6.6546879,8.2202082,15.831752,3.4279039,12.661238,0.0,39.1688,40.380898,1.7964001,0.98190802,0.050913699,0.023724699,0.625835,0.064724401,,21.713665,3.7421486,8.3368397,0.063330002,,,0.87420398,83.146988,265.98041,5.745357,5.4293337,,80.522453,50.306366,210.6387,0.73092401
"BLACK GRAM, WHOLE, BOILED",,,,,,,R,,7.3643441,0.529616,14.745448,6.8414321,293.09888,109.8618,14.142088,0.0,26.091784,54.1348,1.8038195,0.92105401,0.075084798,0.029497599,0.0,0.133242,,29.195921,0.0,8.5341921,9.3788958,0.0,0.077096,,,1.334096,,,,,
"BLACK GRAM, WHOLE, BOILED & TEMPERED",,,,,,,R,,12.81832314,5.735946178,26.30349731,12.02272606,24.39634132,0.0,46.73707199,94.63764191,3.134781361,1.603716493,0.136062011,0.0561295,0.843974054,0.247671455,,52.45569611,2.761360407,2.068122387,0.142408013,,,2.33164382,192.5546112,528.5567017,15.15276337,16.00069427,,,,,0.84306699
"BLACK GRAM, WHOLE, BOILED, W/ COCONUT MILK",,,,,,,R,,6.5396876,8.192708,13.926752,5.5529041,10.831238,0.0,48.0788,43.780899,1.9809,0.95040798,0.071913704,0.0277247,0.65021002,0.1303494,,29.211414,3.7421486,7.9588399,0.078330003,,,1.044204,87.659485,250.78041,6.9827318,7.1593337,,74.022453,44.306366,203.1387,0.58342403
BOILED CHICKPEAS,100.0,27.0,9.0,2.6,,,S,164.0,,,,,,,,,,,,,,,,,,,,,,,,,,,,,,,
BOILED COWPEA,100.0,21.0,7.7,0.5,,,S,116.0,,,,,,,,,,,,,,,,,,,,,,,,,,,,,,,
BOILED JACKFRUIT SEED,5.0,2.5,0.6,0.1,,,S,13.0,,,,,,,,,,,,,,,,,,,,,,,,,,,,,,,
BOILED MUNG,100.0,19.0,7.0,0.4,,,S,105.0,,,,,,,,,,,,,,,,,,,,,,,,,,,,,,,
BOILED POTATOES,50.0,10.3,1.0,0.1,,,S,44.0,,,,,,,,,,,,,,,,,,,,,,,,,,,,,,,
BOILED SWEET POTATO,100.0,20.0,1.6,0.1,,,S,90.0,,,,,,,,,,,,,,,,,,,,,,,,,,,,,,,
BOONDI,50.0,38.0,3.0,10.0,,,S,240.0,,,,,,,,,,,,,,,,,,,,,,,,,,,,,,,
"BOTTLE GOURD, W/ COCONUT MILK",,,,,,,R,,1.6,11.2,5.4,2.862,2.1,0.0,27.0,18.7,0.82,0.24,0.03,0.01,0.2,0.02,0.0,46.0,3.3,32.0,0.1,0.7,0.2,,,,,,,,,,
"BREAD FRUIT, BOILED AND TEMPERED",,,,,,,R,,1.520608068,4.531563282,25.5548172,5.267781258,0.661677003,0.0,51.86138916,29.28027916,0.809082031,0.160689995,0.098721199,0.0198949,0.824958146,0.278159052,,10.45051765,23.04183197,15.42267513,0.918381989,,,0.595974028,38.56578445,500.1400757,2.833723068,0.440740973,,,,,0.51849097
"BREAD FRUIT, BOILED AND TEMPERED, W/ COCONUT MILK",,,,,,,R,,2.2645531,12.721217,23.386019,3.585562,0.36348501,0.0,181.12511,26.377901,2.3150971,0.45493999,0.1094522,0.01777235,0.86367768,0.1617189,,11.896067,13.386724,10.724582,0.44606,,,0.32745701,36.067867,334.08249,4.8330112,0.55067301,,23.661156,14.85712,58.997177,6.174787
"BREAD FRUIT, BOILED, PLAIN",,,,,,,R,,1.3,0.2,13.4,1.8,13.4,0.0,34.0,0.4,0.43,0.0,0.02,0.05,0.0,0.0,0.0,0.0,9.8,1.0,0.0,0.0,0.0,,,,,,,,,,
"BREAD FRUIT, BOILED, W/ COCONUT MILK",,,,,,,R,,1.9,11.8,13.3,1.7,1.2,0.0,32.0,3.7,0.6,0.04,0.02,0.04,0.0,0.0,0.0,0.9,8.1,13.0,0.0,0.2,0.0,,,,,,,,,,
"BREAD, WHOLEMEAL",,,,,,,S,,9.4,2.5,42.0,0,39.3,0.0,106.0,66.0,2.4,1.6,0.25,0.05,3.8,0.11,0.0,40.0,0.0,0.0,0.3,3.1,0.0,,,,,,,,,,
"BREAD,WHITE",,,,,,,S,,8.7,2.1,48.7,0,45.8,0.0,155.0,22.0,1.5,0.7,0.22,0.07,1.6,0.07,0.0,29.0,0.0,0.0,0.1,0.0,0.0,,,,,,,,,,
"BRINJAL AND DRIED FISH, TEMPERED",,,,,,,R,,42.2,9.4,13.8,10.1,6.9,91.7,161.0,141.4,3.83,1.72,0.25,0.4,6.4,0.53,1.8571914,37.3,7.5,309.0,1.9,2.3,0.2,,,,,,,,,,
"BRINJAL AND DRIED FISH, W/ COCONUT MILK",,,,,,,R,,8.2,12.5,5.6,2.1,2.7,15.4,31.0,26.6,0.92,0.33,0.04,0.06,0.7,0.09,0.31178904,9.7,2.1,44.0,0.4,0.6,0.1,,,,,,,,,,
BRINJAL MOJU,,,,,,,R,,3.3,35.7,9.7,5.9,3.8,0.0,38.0,36.6,1.37,0.41,0.07,0.15,0.8,0.09,0.0,12.3,4.8,68.0,0.3,1.6,0.1,,,,,,,,,,
"BRINJAL, TEMPERED",,,,,,,R,,1.7,11.3,5.0,0,1.9,0.0,20.0,18.9,0.92,0.21,0.05,0.07,0.5,0.06,0.0,9.2,2.4,20.0,0.2,1.9,0.1,,,,,,,,,,
"BRINJAL, TEMPERED, W/ COCONUT MILK",,,,,,,R,,1.9,14.3,5.7,2.9,2.6,0.0,22.0,20.1,0.92,0.23,0.03,0.06,0.3,0.04,0.0,7.5,2.0,44.0,0.1,1.3,0.1,,,,,,,,,,
"BRINJAL, W/ COCONUT MILK",,,,,,,R,,1.8,11.6,5.2,2.5,2.2,0.0,18.0,16.6,0.69,0.18,0.02,0.05,0.2,0.03,0.0,4.6,1.5,34.0,0.1,0.8,0.1,,,,,,,,,,
BROWN RICE,80.0,19.0,2.0,1.0,,,S,90.0,,,,,,,,,,,,,,,,,,,,,,,,,,,,,,,
BUFFALO MILK,,,,,,,S,,3.7,6.6,8.4,0,0.0,0.0,121.0,10.1,0.16,0.3,0.05,0.13,0.1,0.04,0.36,8.6,2.4,0.0,0.2,1.3,0.3,,,,,,,,,,
BULATH VITA,,,,,,,S,,0.0,0.0,0.0,0,0.0,0.0,0.0,0.0,0.0,0.0,0.0,0.0,0.0,0.0,0.0,0.0,0.0,0.0,0.0,0.0,0.0,0.0,0.0,0.0,0.0,0.0,0.0,0.0,0.0,0.0,0.0
"BUN, CREAM",,,,,,,S,,8.0,5.6,52.6,0,36.6,0.0,110.0,27.0,1.9,0.6,0.22,0.16,2.1,0.11,0.0,12.0,1.0,0.0,0.4,3.1,0.7,,,,,,,,,,
"BUN, CURRY FILLED",,,,,,,S,,,,,,,,,,,,,,,,0.0,,,,,,,,,,,,,,,,
"BUN, ICED OR SUGAR GLAZED",,,,,,,S,,8.0,5.6,52.6,0,36.6,0.0,110.0,27.0,1.9,0.6,0.22,0.16,2.1,0.11,0.0,12.0,1.0,0.0,0.4,3.1,0.7,,,,,,,,,,
"BUN, JAM",,,,,,,S,,8.0,5.6,52.6,0,36.6,0.0,110.0,27.0,1.9,0.6,0.22,0.16,2.1,0.11,0.0,12.0,1.0,0.0,0.4,3.1,0.7,,,,,,,,,,
"BUN, WHITE, PLAIN",,,,,,,S,,8.4,1.9,49.3,,,,110.0,,1.6,0.6,0.2,0.06,1.7,0.07,0.0,29.0,0.0,0.0,,,,,,,,,,,,,
"BUN,CURRANT",,,,,,,S,,8.0,5.6,52.6,0,36.6,0.0,110.0,27.0,1.9,0.6,0.22,0.16,2.1,0.11,0.0,12.0,1.0,0.0,0.4,3.1,0.7,,,,,,,,,,
BUTTER,,,,,,,S,,0.6,82.2,0.6,0,0.0,0.0,18.0,2.0,0.0,0.1,0.0,0.07,0.0,0.0,0.0,0.0,0.0,0.0,1.9,1.3,0.7,,,,,,,,,,
BUTTER CAKE,50.0,27.0,2.0,12.0,,,S,220.0,,,,,,,,,,,,,,,,,,,,,,,,,,,,,,,
"CABBAGE AND POTATO, W/ COCONUT MILK",,,,,,,R,,2.4,12.9,10.6,2.6,5.8,0.0,40.0,24.5,0.89,0.23,0.03,0.03,0.4,0.07,0.0,31.0,14.9,25.0,0.1,0.6,0.2,,,,,,,,,,
"CABBAGE LEAVES, FRESH OR WATER-COOKED MALLUM W/ SCRAPED COCONUT",,,,,,,R,,2.2,9.2,5.0,4.9,0.6,0.0,46.0,27.3,0.66,0.3,0.03,0.05,0.2,0.09,0.0,45.4,17.6,4.0,0.6,1.6,0.3,,,,,,,,,,
"CABBAGE LEAVES, TEMPERED",,,,,,,R,,4.5,14.8,8.1,4.4,5.0,0.0,148.0,53.3,3.06,0.54,0.06,0.1,0.6,0.25,0.0,65.9,29.3,75.0,0.3,2.2,0.3,,,,,,,,,,
"CABBAGE LEAVES, TEMPERED MALLUM W/ SCRAPED COCONUT",,,,,,,R,,2.1,17.8,4.8,4.7,0.5,0.0,41.0,25.9,0.65,0.29,0.02,0.05,0.2,0.08,0.0,40.3,15.6,3.0,0.7,1.6,0.2,,,,,,,,,,
"CABBAGE, TEMPERED",,,,,,,R,,2.0,6.23,5.4,,,,37.8,,7.1,0.99,0.06,0.08,0.39,0.03,0.0,1.86,88.4,148.1,,,,,,,,,,,,,
"CABBAGE, TEMPERED, W/ COCONUT MILK",,,,,,,R,,2.619921,16.215216,6.7833629,2.567554,0.58514303,0.0,130.88342,19.821177,1.453778,0.53793198,0.0581812,0.045664601,0.67500442,0.13469487,,44.887177,24.481897,12.343535,0.072273999,,,0.217351,29.560331,216.2697,15.107229,1.129855,,64.862381,32.439102,123.64568,0.97190797
"CABBAGE, W/ COCONUT MILK",,,,,,,R,,2.2,11.8,6.4,3.1,1.9,0.0,56.0,23.4,0.98,0.22,0.02,0.04,0.2,0.07,0.0,39.1,16.7,27.0,0.1,0.7,0.3,,,,,,,,,,
"CAKE, BUTTER",,,,,,,R,,5.6236701,29.090473,41.14719,1.100886,15.845852,65.429359,35.344532,24.477068,1.064239,0.65593714,0.069641538,0.04152479,0.21787441,0.054331541,0.13122734,11.384727,0.0,195.0697,1.0340192,,,0.42303574,95.815796,130.00682,363.48572,12.174986,,992.31708,1930.7869,641.74036,0.5492897
"CAKE, ICED",,,,,,,R,,5.6236701,29.090473,41.14719,1.100886,15.845852,65.429359,35.344532,24.477068,1.064239,0.65593714,0.069641538,0.04152479,0.21787441,0.054331541,0.13122734,11.384727,0.0,195.0697,1.0340192,,,0.42303574,95.815796,130.00682,363.48572,12.174986,,992.31708,1930.7869,641.74036,0.5492897
"CAKE,CHOCOLATE",,,,,,,R,,7.3,24.1,51.3,0,22.8,0.0,58.421196,48.0,1.8,1.0,0.09,0.15,0.6,0.07,0.088507339,12.0,0.0,0.0,0.0,0.0,0.0,,,,,,,,,,
"CAKE,COCONUT",,,,,,,R,,6.7,22.1,52.6,0,31.3,0.0,34.280571,21.0,1.42,0.7,0.1,0.13,0.7,0.08,0.088507339,9.0,0.0,0.0,0.0,0.0,0.0,,,,,,,,,,
"CAKE,DATE",,,,,,,R,,4.5,12.1,55.2, ,,,32.902992,20.0,1.55,0.4,0.09,0.06,1.0,0.08,0.088507339,0.0,0.0,39.0,,,,0.56,113.0,385.0,193.0,4.0,39.0,4.54,4.72,1.88,
"CAKE,FRUIT",,,,,,,R,,4.5,12.1,55.2,0,15.6,0.0,34.537594,20.0,1.55,0.4,0.09,0.06,1.0,0.08,0.088507339,0.0,0.0,0.0,1.5,4.0,1.1,,,,,,,,,,
"CAKE,SPONGE",,,,,,,R,,6.4,26.4,53.1,0,22.8,0.0,32.902992,12.0,1.04,0.6,0.08,0.15,0.5,0.07,0.088507339,9.0,0.0,0.0,1.1,0.0,0.0,,,,,,,,,,
"CANDY, GINGELLY",,,,,,,S,,11.6,33.3,50.3,7.7,,,639.0,251.0,4.27,3.76,0.444,0.159,3.7,0.491,0.0,51.0,0.0,0.0,,,,0.033,412.0,307.0,167.0,4.0,0.0,4.66,12.6,14.6,
"CANDY, TOFFEE",,,,,,,S,,2.2,18.6,66.7,,,,73.0,,0.2,0.3,0.0,0.0,0.0,0.0,0.0,0.0,0.0,0.0,,,,,,,,,,,,,
"CAPSICUM AND DRIED FISH, W/ COCONUT MILK",,,,,,,R,,5.0,12.5,4.5,1.4,1.7,8.2,25.0,17.5,0.85,0.22,0.03,0.03,0.5,0.07,0.16558982,22.0,24.4,40.0,0.2,0.6,0.1,,,,,,,,,,
"CAPSICUM AND SPRATS, W/ COCONUT MILK",,,,,,,R,,2.6,12.4,4.5,1.4,1.7,1.6,18.0,14.1,0.75,0.17,0.02,0.02,0.2,2.03,0.086887002,83.8,24.3,38.0,0.1,0.7,0.2,,,,,,,,,,
"CAPSICUM, TEMPERED",,,,,,,R,,2.5,15.8,7.8,4.1,4.0,0.0,47.0,30.7,1.79,0.42,0.05,0.06,0.6,0.13,0.0,50.9,47.8,143.0,0.2,2.8,0.2,,,,,,,,,,
"CAPSICUM, TEMPERED, W/ COCONUT MILK",,,,,,,R,,2.2,18.1,6.7,2.9,2.7,0.0,32.0,24.0,1.37,0.3,0.04,0.04,0.4,0.09,0.0,35.0,36.7,124.0,0.2,1.8,0.1,,,,,,,,,,
"CAPSICUM, W/ COCONUT MILK",,,,,,,R,,1.3,8.0,3.6,1.6,0.8,0.0,19.0,13.9,0.82,0.15,0.02,0.02,0.2,0.05,0.0,24.4,30.8,59.0,0.1,1.1,0.2,,,,,,,,,,
"CARP, FRESH, BOILED, W/ COCONUT MILK",,,,,,,R,,12.512734,12.42201,4.1620331,1.36043,0.53485501,0.0,64.227058,22.576145,1.6933399,0.67981797,0.0259682,0.021982851,1.3412395,0.11817087,0.3876,15.863834,2.4795806,16.195127,0.368613,,,0.72535205,108.3698,204.4931,11.456737,37.818916,,,,,
"CARP, FRESH, TEMPERED",,,,,,,R,,11.002125,7.3104072,1.564873,1.046944,0.31004101,0.0,50.189865,19.013609,0.54677099,0.35528103,0.02053304,0.02481525,1.0065629,0.10846198,0.36844799,10.19839,2.6063035,16.797201,0.31778699,,,0.71068698,101.21425,181.0602,11.20927,35.714832,,,,,
"CARP, FRESH, TEMPERED & BOILED, W/ COCONUT MILK",,,,,,,R,,13.061934,18.315411,4.4370327,1.36043,0.53485501,0.0,66.73806,23.075546,1.78494,0.72621799,0.0271782,0.02238285,1.4128695,0.12301588,0.40279999,16.773834,2.5915806,16.195127,0.380613,,,0.75195205,112.10979,209.4731,11.848736,39.269917,,,,,
"CARROT AND BROAD BEANS, W/ COCONUT MILK",,,,,,,R,,2.2,12.0,6.0,3.7,2.2,0.0,36.0,22.0,1.1,0.28,0.03,0.03,0.3,0.06,0.0,13.4,4.4,313.0,0.1,1.1,0.1,,,,,,,,,,
"CARROT AND DRIED FISH, W/ COCONUT MILK",,,,,,,R,,7.9,4.2,5.8,3,1.9,16.0,43.0,30.6,1.06,0.4,0.04,0.04,0.7,0.11,0.32410052,21.1,3.3,495.0,0.4,1.8,0.2,,,,,,,,,,
"CARROT AND GREEN BEANS, BOILED, PLAIN",,,,,,,R,,1.4,0.4,4.2,2.1,1.2,0.0,41.0,21.3,0.8,0.3,0.07,0.06,0.5,0.08,0.0,37.3,6.5,452.0,0.3,4.3,0.5,,,,,,,,,,
"CARROT AND GREEN BEANS, BOILED, W/ COCONUT MILK",,,,,,,R,,2.702482,12.483504,6.3891311,3.592958,0.90676999,0.0,61.092461,26.695084,1.623049,0.64120901,0.045483898,0.032203101,0.81992126,0.20901982,,26.401108,7.2828255,433.63403,0.13452201,,,0.228652,46.680508,266.02789,21.994526,0.16759001,,66.084389,15.106068,154.68581,1.7342999
"CARROT AND LEEK, BOILED & TEMPERED, W/ COCONUT MILK",,,,,,,R,,2.644751072,16.44133186,8.126159668,3.067286968,2.630091906,0.0,73.05853271,14.7056675,2.115152121,0.706278026,0.033958402,0.02596635,0.737894475,0.153054774,,33.11538696,6.475384712,418.4212952,0.336796016,,,0.254456997,34.4231987,257.7163086,26.27851105,2.851680994,,,,,1.822815061
"CARROT AND POTATO, W/ COCONUT MILK",,,,,,,R,,2.0,17.1,9.1,2.4,4.4,0.0,27.0,18.6,1.0,0.21,0.02,0.02,0.3,0.04,0.0,12.5,4.5,313.0,0.1,0.8,0.1,,,,,,,,,,
CARROT AND TOMATO SALAD,,,,,,,R,,1.0,0.4,5.6,3.6,1.1,0.0,29.0,18.4,0.56,0.24,0.04,0.03,0.3,0.11,0.0,22.0,13.3,668.0,0.2,6.6,0.7,,,,,,,,,,
CARROT SALAD,,,,,,,R,,1.1,0.4,5.8,3.9,1.2,0.0,31.0,18.9,0.6,0.26,0.04,0.03,0.3,0.11,0.0,22.4,11.1,711.0,0.2,6.7,0.7,,,,,,,,,,
"CARROT, BOILED",,,,,,,R,,0.6,0.4,4.4,2.7,0.2,0.0,30.0,6.0,0.4,0.2,0.05,0.01,0.2,0.05,0.0,17.0,2.0,735.0,0.6,0.0,0.0,,,,,,,,,,
"CARROT, RAW, PLAIN",,,,,,,S,,0.9,0.5,5.6,4.2,1.2,0.0,35.0,16.7,0.6,0.25,0.04,0.03,0.2,0.11,0.0,24.0,6.2,903.0,0.2,7.5,0.8,,,,,,,,,,
"CARROT, SALAD W/ SCRAPED COCONUT",,,,,,,R,,1.5,6.5,5.9,4.509,0.9,0.0,26.0,20.7,0.69,0.28,0.04,0.04,0.3,0.11,0.0,22.4,11.7,533.0,0.6,2.8,0.2,,,,,,,,,,
"CARROT, TEMPERED",,,,,,,R,,2.256705046,10.29977989,10.41388798,6.633108139,3.519582987,0.0,166.7333984,27.02144623,1.427105069,0.412690997,0.087704599,0.064030848,0.513911605,0.176512599,,25.46794128,11.41138077,1044.32605,0.319461018,,,0.485919982,60.5033493,412.7461853,53.21521378,0.871899009,,,,,4.440197945
"CARROT, W/ COCONUT MILK",,,,,,,R,,2.1,17.0,8.5,3.4,3.0,0.0,39.0,22.1,1.35,0.28,0.02,0.02,0.2,0.05,0.0,16.8,2.7,530.0,0.2,1.1,0.1,,,,,,,,,,
"CASHEW APPLE, RAW",,,,,,,S,,,,,,,,,,,,,,,,,,,,,,,,,,,,,,,,
"CASHEW NUTS, DRIED",,,,,,,S,,18.8,45.2,25.5,3.9,20.1,0.0,34.0,307.0,5.95,5.34,0.61,0.03,1.0,0.16,0.0,25.2,0.0,0.0,1.0,11.6,0.1,,,,,,,,,,
"CASHEW NUTS, ROASTED, SALTED",,,,,,,R,,18.839399,46.063202,25.642799,4.3248,20.512199,0.0,34.98,277.44,6.4247999,5.3783998,0.50286001,0.048450001,1.07559,0.15504,,12.46848,0.0,0.0,1.581,,,1.7136,547.73999,657.90002,9.1188002,11.7708,,7806.0601,28744.619,7484.7598,3.1926
"CASHEWS, W/ COCONUT MILK",,,,,,,R,,8.5,26.7,13.6,2.4,9.3,0.0,28.0,129.7,2.96,2.21,0.16,0.02,0.4,0.05,0.0,13.4,1.0,29.0,0.4,8.3,0.1,,,,,,,,,,
"CASSAVA AND TOMATO, BOILED, W/ COCONUT MILK",,,,,,,R,,1.84914,5.629077,13.717,4.101953,9.360323,0.0,25.226326,23.827887,1.466929,0.40345299,0.057995602,0.0296039,0.5974018,0.11130125,,22.591177,15.406446,35.254406,0.151281,,,0.23863199,42.774418,260.52341,9.5898838,0.41502503,,73.048386,31.267096,152.45815,2.3080649
"CASSAVA CHIPS,FRIED,SUGAR COATED",,,,,,,R,,0.36,8.8,53.0,,,,11.0,,0.3,0.4,0.04,0.01,0.3,0.15,0.0,11.5,18.8,0.0,,,,,,,,,,,,,
"CASSAVA LEAVES, FRESH OR WATER-COOKED MALLUM W/ SCRAPED COCONUT",,,,,,,R,,8.0,8.3,8.8,3.1,1.1,0.0,215.0,18.2,18.95,3.03,0.2,1.39,0.5,0.05,0.0,17.5,34.4,23.0,0.5,1.0,0.1,,,,,,,,,,
"CASSAVA LEAVES, TEMPERED",,,,,,,R,,5.801773548,7.523952007,6.201632977,3.992795944,4.507010937,0.0,178.9590302,27.67990112,2.615865946,1.598688006,0.0068918,0.132108897,0.934130251,0.259722412,,63.10897446,52.52313232,1112.880981,0.015151001,,,0.345133007,57.68714905,490.0536194,13.15183258,7.624312878,,,,,0.910764992
"CASSAVA LEAVES, TEMPERED MALLUM W/ SCRAPED COCONUT",,,,,,,R,,6.7,21.0,6.7,4.381,0.1,0.0,156.0,17.7,14.77,2.4,0.16,1.08,0.4,0.04,0.0,12.9,26.8,1.0,1.1,1.2,0.0,,,,,,,,,,
"CASSAVA ROOT, FRESH, DEEP-FRIED",,,,,,,R,,1.868054032,16.03806877,28.32001877,8.581903458,24.64680672,0.0,44.34097672,44.24850845,2.870497704,0.407877505,0.087701775,0.029471299,0.665067792,0.14718011,,26.05888176,18.89478111,4.857379913,0.384647012,,,0.304591984,70.85147095,481.101532,16.56005478,0.514793992,,,,,3.257637024
"CASSAVA ROOT, FRESH,BOILED",,,,,,,R,,0.5,0.2,33.5,1.5,32.1,0.0,17.0,18.0,0.5,0.3,0.04,0.02,0.4,0.0,0.0,11.0,17.0,0.0,0.0,0.0,0.0,,,,,,,,,,
"CASSAVA, BOILED AND TEMPERED",,,,,,,R,,1.455864072,8.711854935,19.02280045,5.61216116,15.45666981,0.0,56.26021194,30.54736328,1.295941949,0.287185997,0.074713998,0.038340099,0.568944573,0.122207046,,25.59797096,16.39490318,12.28779507,0.212617993,,,0.267654002,56.0307045,341.3888855,11.52822304,0.440740973,,,,,2.644542933
"CASSAVA, W/ COCONUT MILK",,,,,,,R,,1.2,7.7,30.4,0.7,0.8,0.0,41.0,3.1,0.88,0.04,0.03,0.06,0.2,0.0,0.0,1.4,10.5,9.0,0.0,0.1,0.0,,,,,,,,,,
"CATFISH, DRIED, TEMPERED",,,,,,,R,,33.407948,14.044325,5.532794,2.6848149,1.538873,51.385681,52.719791,86.805946,2.6188271,1.794384,0.02876248,0.11882851,1.8873882,1.4838635,2.796876,177.75378,7.6027465,18.585676,0.088514999,,,0.36954001,270.58762,585.47656,5542.8662,424.55951,,,,,
"CATFISH, DRIED, TEMPERED, W/ COCONUT MILK",,,,,,,R,,8.0545034,13.19938,3.6249828,1.249688,0.14838301,10.8284,23.305115,22.55928,1.3187621,0.68083,0.016561421,0.032973651,0.74350327,0.32409266,0.58938003,42.945358,2.5629385,12.202394,0.030092999,,,0.080743998,62.084438,147.81891,1168.5962,89.991081,,,,,
"CATFISH, FRESH, BOILED, W/ COCONUT MILK",,,,,,,R,,12.752435,10.871611,4.1620331,1.36043,0.53485501,9.3635998,23.421959,22.943344,1.76474,0.68491799,0.039738201,0.037282851,1.1038344,0.13194087,0.72675002,14.193074,2.4795806,16.195127,0.062613003,,,0.679452,141.51979,296.29309,19.728935,22.406715,,,,,
"CATFISH, FRESH, FRIED",,,,,,,R,,23.297873,14.437351,0.0,0,0.0,19.285343,6.1042156,26.984776,0.76483798,0.612082,0.044642001,0.052519999,1.4495521,0.2079792,1.1817,10.739289,0.0,0.0,0.0,,,1.302496,264.70081,450.62161,37.625328,44.463432,,,,,
CAVENDISH BANANA,150.0,34.2,1.7,0.5,,,S,134.0,,,,,,,,,,,,,,,,,,,,,,,,,,,,,,,
"CEYLON OLIVE, FRESH",,,,,,,S,,1.03,15.32,3.84,3.3,,,52.0,11.0,0.49,0.04,0.021,0.007,0.237,0.031,0.0,3.0,0.0,20.0,0.0,,,,,,,,,,,,
"CHICK PEAS AND EGGPLANT, BOILED & TEMPERED, W/ COCONUT MILK",,,,,,,R,,7.1822343,10.78095,15.936284,9.0211515,11.201033,0.0,74.521614,49.983505,2.5508678,1.2047709,0.1059198,0.081549749,0.89666152,0.11989168,,57.998123,1.9911611,13.91298,0.55681902,,,0.78204501,87.022263,276.12674,8.7916651,13.221499,,164.98923,302.93503,756.5188,0.59243798
"CHICK PEAS, BOILED",,,,,,,R,,9.7,2.4,22.5,6.1,19.8,0.0,73.0,62.9,2.51,1.36,0.11,0.07,1.8,0.14,0.0,81.6,0.0,5.0,1.3,1.2,0.0,,,,,,,,,,
"CHICK PEAS, BOILED & TEMPERED",,,,,,,R,,8.102856636,5.252151966,22.42178345,4.813622952,17.79558563,0.0,30.93433952,66.18287659,1.790923953,1.21915102,0.143314004,0.039911103,0.539144814,0.099298194,,71.20597839,2.761360407,2.400935173,0.29261899,,,0.685205996,145.6900635,411.1635132,5.692287922,8.675303459,,,,,1.072144032
"CHICK PEAS, BOILED & TEMPERED, W/ COCONUT MILK",,,,,,,R,,7.4230752,12.57994,17.190855,9.2248077,12.267808,0.0,83.922699,53.244522,3.3702836,1.262015,0.1086598,0.073764503,0.88803178,0.1257301,,56.78405,2.4469323,14.081141,0.61269802,,,0.79123104,92.634895,313.53955,9.28162,13.523345,,190.54491,312.13559,787.28894,0.68234599
"CHICK PEAS, BOILED, W/ COCONUT MILK",,,,,,,R,,6.961248875,8.995635986,15.89795113,8.750461578,11.03310013,0.0,86.98451996,49.74417496,2.506868362,1.13951695,0.108347297,0.075534947,0.862325668,0.133006394,,55.21491623,6.213227749,33.28407288,0.542358994,,,0.782272995,87.26346588,295.7431641,10.21587658,12.6846056,,,,,0.965572
"CHICK PEAS, BOILED, W/ SCRAPED COCONUT & SUGAR",,,,,,,R,,10.19696426,7.407123089,26.13928795,14.66397858,18.14784622,0.0,75.39173126,70.57942963,2.735293627,1.522440553,0.117125772,0.095088124,0.725983083,0.133981884,,53.06000137,0.0,11.98678493,0.910995007,,,1.271174908,128.6762085,372.1258545,17.73695183,25.51993179,,,,,0.391725004
"CHICK PEAS, SALAD",,,,,,,R,,10.38610077,2.893427134,23.57131958,14.45419693,18.01681137,0.0,197.3493652,71.93041992,2.720099688,1.449706554,0.158502176,0.105036326,0.914541304,0.148990482,,57.20906448,4.024041176,19.60059357,0.895417988,,,1.239566922,130.1658478,407.6621399,13.59042358,21.66928673,,,,,1.34119904
CHICKEN BREAST,100.0,0.0,31.0,3.6,,,S,165.0,,,,,,,,,,,,,,,,,,,,,,,,,,,,,,,
CHICKEN CURRY,100.0,0.0,27.0,8.0,,,S,180.0,,,,,,,,,,,,,,,,,,,,,,,,,,,,,,,
"CHICKEN GIBLETS, TEMPERED",,,,,,,R,,15.31875229,6.341222763,0.517425001,0.171407998,0.200113997,47.69809341,5.420742989,12.72058201,2.693912029,2.22565794,0.0101438,0.094974704,2.177861452,0.075397849,0.75621974,6.269272327,1.22150147,0.4052248,0.529537022,,,0.612618029,101.8027115,216.8795013,42.42908096,45.56362915,,,,,0.210199997
"CHICKEN GIZZARDS, TEMPERED",,,,,,,R,,16.836697,7.2457328,1.037064,0.66927397,0.43025801,132.6976,11.496055,17.158676,5.6953583,2.260494,0.099881865,0.13529995,2.7887218,0.25334847,5.4113097,170.76416,1.2418674,8.2461243,0.59608901,,,2.916724,156.07971,240.8219,47.336327,42.564533,,,,,0.232092991
CHICKEN GRAVY,50.0,0.0,3.5,1.5,,,S,25.0,,,,,,,,,,,,,,,,,,,,,,,,,,,,,,,
CHICKEN GRAVY W/ COCONUT MILK,,,,,,,R,,11.586333,14.093225,3.0320685,0.54230189,0.41298395,53.862144,100.34262,18.108482,1.3582898,1.45022,0.075801738,0.08325015,2.2661743,0.19001696,0.23642789,10.223163,3.2629807,3.4330037,0.34808937,,,0.57838196,144.24593,238.13998,30.860291,10.873442,,376.13324,446.96411,245.58267,0.579032
CHICKEN KOTTU,,,,,Dessert,No,R,711.0,10.13679218,11.14574242,17.02129555,1.302634358,0.62527436,43.19093323,156.4949493,14.65272903,1.313417315,0.607939303,0.114443734,0.043360516,2.082950115,0.185999453,0.11434144,21.36367989,3.272261143,94.03885651,0.329658002,,,0.381200999,90.60656738,208.7476349,24.69810295,10.76525402,,,,,0.525551319
CHICKEN KOTTU,,,,,Beverage,Yes,R,485.0,10.13679218,11.14574242,17.02129555,1.302634358,0.62527436,43.19093323,156.4949493,14.65272903,1.313417315,0.607939303,0.114443734,0.043360516,2.082950115,0.185999453,0.11434144,21.36367989,3.272261143,94.03885651,0.329658002,,,0.381200999,90.60656738,208.7476349,24.69810295,10.76525402,,,,,0.525551319
CHICKEN KOTTU,,,,,Dessert,Yes,R,325.0,10.13679218,11.14574242,17.02129555,1.302634358,0.62527436,43.19093323,156.4949493,14.65272903,1.313417315,0.607939303,0.114443734,0.043360516,2.082950115,0.185999453,0.11434144,21.36367989,3.272261143,94.03885651,0.329658002,,,0.381200999,90.60656738,208.7476349,24.69810295,10.76525402,,,,,0.525551319
"CHICKEN MEAT W/ BONE, DEEP-FRIED",,,,,,,R,,18.56464577,25.09938049,1.668400049,1.064477921,1.509902,54.49456024,20.96029663,20.83045578,1.833059311,0.711547554,0.065512352,0.031248249,3.755392075,0.397112459,0.1823913,7.083724022,0.0,3.205209732,0.386348009,,,0.675864995,154.2052307,317.9765015,16.31215096,16.94472885,,,,,0.029488001
"CHICKEN MEAT W/ BONE, TEMPERED",,,,,,,R,,18.5,10.2,1.1,0.6,0.6,51.3,20.0,22.5,1.1,0.71,0.07,0.05,5.4,0.37,0.18415929,11.0,1.4,25.0,0.3,2.0,0.1,,,,,,,,,,
"CHICKEN MEAT W/ BONE, TEMPERED, BOILED",,,,,,,R,,18.7,7.7,2.1,0.8,0.7,51.4,21.0,24.0,1.12,0.75,0.04,0.04,3.4,0.23,0.18415929,14.4,1.9,24.0,0.3,2.0,0.1,,,,,,,,,,
"CHICKEN MEAT W/ BONE, TEMPERED, W/ COCONUT MILK",,,,,,,R,,18.1,12.9,3.0,1.3,1.6,48.8,29.0,27.1,1.54,0.75,0.04,0.05,3.3,0.22,0.1331304,11.4,2.6,46.0,0.3,2.0,0.1,,,,,,,,,,
"CHICKEN MEAT W/ BONE, W/ COCONUT MILK",,,,,,,R,,14.2,9.8,3.1,1.3,2.2,37.2,28.0,24.0,1.32,0.63,0.03,0.05,2.7,0.17,0.1331304,9.7,2.3,109.0,0.2,2.3,0.1,,,,,,,,,,
"CHICKEN MEAT, BONES REMOVED, BOILED, PLAIN",,,,,,,R,,22.72500038,10.45919991,0.726999998,0.662199974,0.700999975,67.3506012,19.71183968,17.49361992,1.184620023,0.818599999,0.062909998,0.04016,3.456439972,0.306300014,0.1734,8.427160263,0.0,3.140000105,0.396599978,,,0.83160001,161.0479889,258.7399902,17.0936203,20.7670002,,,,,0.0064
"CHICKEN MEAT, BONES REMOVED, COOKED W/ WATER",,,,,,,R,,18.857018,8.6045609,2.025167,0.721183,0.52700597,55.0228,40.827736,23.397343,1.197724,0.71266699,0.083472155,0.041726202,4.5479722,0.34675851,0.18415929,12.463428,1.6081327,8.315258,0.33278799,,,0.75059801,194.35684,358.35471,20.342047,17.027861,,368.97049,386.55566,256.91956,0.86081499
"CHICKEN MEAT, BONES REMOVED, TEMPERED",,,,,,,R,,18.5,10.2,1.1,0.6,0.6,51.3,20.0,22.5,1.1,0.71,0.07,0.05,5.4,0.37,0.18415929,11.0,1.4,25.0,0.3,2.0,0.1,,,,,,,,,,
"CHICKEN MEAT, BONES REMOVED, TEMPERED, W/ COCONUT MILK",,,,,,,R,,18.1,12.9,3.0,1.3,1.6,48.8,29.0,27.1,1.54,0.75,0.04,0.05,3.3,0.22,0.1331304,11.4,2.6,46.0,0.3,2.0,0.1,,,,,,,,,,
"CHICKEN MEAT, BONES REMOVED, W/ COCONUT MILK",,,,,,,R,,14.2,9.8,3.1,1.3,2.2,37.2,28.0,24.0,1.32,0.63,0.03,0.05,2.7,0.17,0.1331304,9.7,2.3,109.0,0.2,2.3,0.1,,,,,,,,,,
"CHICKEN MEAT, W/ BONE, COOKED W/ WATER",,,,,,,R,,15.965468,12.729396,2.025167,0.721183,0.52700597,76.60527,45.494217,24.147312,1.031064,1.22098,0.1022214,0.1083902,5.5058503,0.20051438,0.18415929,10.182686,1.6081327,8.315258,0.48278198,,,1.11725,159.35825,268.35831,42.79948,17.052858,,877.28351,1183.1906,487.74365,0.86081499
CHILI SAMBOL,,,,,,,R,,1.3,0.23,8.2,,,,25.7,,0.38,0.22,0.1,0.01,0.61,0.19,0.0,17.8,10.7,1.6,,,,,,,,,,,,,
"CHILI SAMBOL, W/ ONION",,,,,,,R,,1.488193,0.246792,7.991982,2.3907671,0.68623298,0.0,15.536249,16.646751,0.400002,0.227983,0.050221998,0.012101,0.37371001,0.080105007,,26.027134,20.094193,4.8649669,0.085957006,,,0.290878,33.026466,196.96759,3.9644592,0.377289,,61.36047,38.058044,108.5946,4.9084492
"CHILI, FRIED",,,,,,,R,,11.412,17.269001,25.857,28.052999,4.0050001,0.0,96.300003,207.89999,4.8509998,1.485,0.37485,0.71820003,5.3783998,0.34020001,0.0,29.502899,0.0,334.30499,1.062,,,0.648,310.5,1965.6,20.205,15.075,,993.27417,554.37744,3079.0459,3.8970001
"CHILI, GREEN, FRESH",,,,,,,S,,2.4,0.7,5.9,4.8,2.0,0.0,18.0,29.5,1.2,0.27,0.09,0.11,0.9,0.28,0.0,2.5,94.1,0.0,0.3,8.8,1.0,0.22,50.91,341.0,2.5,0.0,,0.129,0.0322,0.413,0.67
"CHILI, RED, DRIED",,,,,,,S,,12.69,6.4,29.46,31.15,,,99.83,231.0,6.23,1.66,0.46,0.83,6.94,0.42,0.0,51.5,0.0,,,,,0.57,280.0,2245.0,19.45,18.83,,1.141,0.718,3.263,4.7
"CHILI, RED, FRESH",,,,,,,S,,2.4,0.7,5.9,4.8,2.0,0.0,18.0,29.5,1.2,0.27,0.09,0.11,0.9,0.28,0.0,2.5,94.1,0.0,0.3,8.8,1.0,0.22,50.91,341.0,2.5,0.0,,0.129,0.0322,0.413,0.67
"CHINESE ROLL, FISH",,,,,,,S,,10.9,15.2,40.3,2.7,36.8,55.4,88.0,27.9,1.7,0.71,0.19,0.1,5.4,0.24,0.72666872,31.7,3.8,190.0,0.5,1.9,0.2,,,,,,,,,,
"CHINESE ROLL, VEGETABLE",,,,,,,S,,7.3927488,12.953424,43.233631,4.3601542,35.245422,37.458961,55.842339,47.522408,1.8303673,0.85000038,0.17513797,0.072936974,1.6480993,0.1805106,0.079824522,31.262402,21.459167,116.65749,0.35148835,,,0.86953759,135.0849,737.3396,84.106316,9.045846,,518.87311,578.84125,499.7742,2.0115962
CHOCO BAR,10.0,6.0,0.5,4.0,,,S,60.0,,,,,,,,,,,,,,,,,,,,,,,,,,,,,,,
CHOCOLATE,20.0,12.9,0.6,5.5,,,S,104.4,,,,,,,,,,,,,,,,,,,,,,,,,,,,,,,
CHOCOLATE CAKE,60.0,35.0,3.0,12.0,,,S,250.0,,,,,,,,,,,,,,,,,,,,,,,,,,,,,,,
CHOCOLATE CREAM BISCUIT,11.5,8.0,1.0,2.0,,,S,53.0,,,,,,,,,,,,,,,,,,,,,,,,,,,,,,,
CHOCOLATE FLAVORED MILK DRINK,,,,,,,S,,3.6,1.5,11.7,0,0.3,0.0,115.0,19.0,0.62,0.5,0.03,0.17,0.1,0.03,0.38,2.0,0.0,0.0,0.0,0.0,0.0,,,,,,,,,,
CHOCOLATE ICE CREAM,52.0,14.0,2.6,10.0,,,S,154.0,,,,,,,,,,,,,,,,,,,,,,,,,,,,,,,
CHOCOLATE MARIE BISCUIT,4.0,2.8,0.3,0.4,,,S,15.0,,,,,,,,,,,,,,,,,,,,,,,,,,,,,,,
"CHOCOLATE, DARK, PLAIN",,,,,,,S,,5.0,28.0,63.5,0,0.9,0.0,33.0,89.0,2.3,1.3,0.04,0.06,0.4,0.03,0.0,12.0,0.0,0.0,1.4,1.7,0.1,,,,,,,,,,
"CHOCOLATE, MILK, PLAIN",,,,,,,S,,7.3,31.1,56.0,0,0.0,0.0,226.0,57.0,2.05,1.1,0.12,0.53,0.3,0.21,0.75,9.0,0.0,0.0,1.6,1.8,0.2,,,,,,,,,,
"CHOCOLATE, MILK, W/ CREAM OR CARAMEL FILLING",,,,,,,S,,7.3,31.1,56.0,0,0.0,0.0,226.0,57.0,2.05,1.1,0.12,0.53,0.3,0.21,0.33,9.0,0.0,0.0,1.6,1.8,0.2,,,,,,,,,,
"CHOCOLATE, MILK, W/ NUTS OR FRUIT",,,,,,,S,,7.3,31.1,56.0,0,0.0,0.0,226.0,57.0,2.05,1.1,0.12,0.53,0.3,0.21,0.33,9.0,0.0,0.0,1.6,1.8,0.2,,,,,,,,,,
"CLAMS, FRESH, TEMPERED, W/ COCONUT MILK",,,,,,,R,,11.3,9.5,4.8,1.335,3.1,43.3,66.0,23.3,5.94,1.88,0.03,0.05,3.8,0.04,4.5022588,5.8,5.6,84.0,0.1,1.4,0.7,,,,,,,,,,
CLEAR RASAM (NO VEGETABLES OR DAL),,,,,,,R,,1.1,1.0,2.6,2.9,1.5,0.0,57.0,26.5,1.22,0.28,0.02,0.02,0.1,0.02,0.0,4.6,1.6,3.0,0.1,6.8,0.3,,,,,,,,,,
COCKTAIL MIX,,,,,,,S,,18.8,32.9,35.1,0,32.8,0.0,58.0,100.0,3.8,2.5,0.38,0.1,4.3,0.54,0.0,0.0,0.0,0.0,4.7,17.4,2.8,,,,,,,,,,
COCONUT CAKE,50.0,30.0,3.0,14.0,Main Dish,No,S,250.0,,,,,,,,,,,,,,,,,,,,,,,,,,,,,,,
"COCONUT KERNEL, DRIED, UNSWEETENED",,,,,,,S,,7.3,63.3,8.0,15.2,0.0,0.0,32.0,97.2,3.13,1.41,0.04,0.04,0.7,0.15,0.0,24.3,0.0,0.0,6.1,1.3,0.0,,,,,,,,,,
"COCONUT KERNEL, GREEN, FRESH",,,,,,,S,,3.8,41.4,6.3,10.4,0.0,0.0,8.0,35.0,1.3,0.58,0.03,0.08,0.3,0.1,0.0,25.4,0.8,0.0,2.7,1.4,0.0,,,,,,,,,,
"COCONUT KERNEL, MATURE, FRESH",,,,,,,S,,3.8,41.4,6.3,10.4,0.0,0.0,8.0,35.0,1.3,0.58,0.03,0.08,0.3,0.1,0.0,25.4,0.8,0.0,2.7,1.4,0.0,,,,,,,,,,
"COCONUT KERNEL, MATURE, FRESH, SWEETENED",,,,,,,S,,2.88,35.5,47.7,4.5,,,15.0,50.0,1.92,1.82,0.031,0.02,0.474,0.271,0.0,8.0,0.7,0.0,0.39,,,,,,,,,,,,
COCONUT MILK,,,,,Dessert,Yes,S,861.0,,,,,,,,,,,,,,,,,,,,,,,,,,,,,,,
COCONUT MILK 1ST 2ND 3RD EXTRACTIONS,10.0,1.0,0.2,1.4,,,S,15.0,,,,,,,,,,,,,,,,,,,,,,,,,,,,,,,
COCONUT MILK 1ST 2ND EXTRACTIONS,10.0,1.3,0.2,1.9,,,S,20.0,,,,,,,,,,,,,,,,,,,,,,,,,,,,,,,
COCONUT MILK 1ST EXTRACTION,10.0,1.5,0.3,2.7,,,S,30.0,,,,,,,,,,,,,,,,,,,,,,,,,,,,,,,
COCONUT MILK GRAVY,,,,,,,R,,2.9,27.9,7.5,,,,24.3,,2.2,0.9,0.02,0.001,0.7,0.03,0.0,20.7,2.1,6.8,,,,,,,,,,,,,
"COCONUT MILK, FRESH",,,,,,,S,,1.1,16.9,3.3,0,1.3,0.0,0.0,0.0,0.0,0.0,0.0,0.0,0.0,0.0,0.0,0.0,0.0,0.0,0.0,0.0,0.0,,,,,,,,,,
COCONUT OIL,,,,,,,S,,0.0,99.1,0.0,0,,,1.0,0.0,0.05,0.02,0.0,0.0,0.0,0.0,0.0,0.0,0.0,0.0,,,,0.0,0.0,0.0,0.0,0.0,0.0,82.5,6.33,1.7,
COCONUT ROTI,100.0,49.2,6.7,6.3,,,S,284.0,,,,,,,,,,,,,,,,,,,,,,,,,,,,,,,
COCONUT SAMBAL,50.0,6.4,2.0,13.7,,,S,157.0,,,,,,,,,,,,,,,,,,,,,,,,,,,,,,,
COCONUT SAMBOL,,,,,Beverage,No,S,942.0,,,,,,,,,,,,,,,,,,,,,,,,,,,,,,,
COCONUT SAMBOL,,,,,Dinner,No,S,450.0,,,,,,,,,,,,,,,,,,,,,,,,,,,,,,,
COCONUT SAMBOL,,,,,Breakfast,Yes,S,625.0,,,,,,,,,,,,,,,,,,,,,,,,,,,,,,,
COCONUT SAMBOL,,,,,Main Dish,No,S,852.0,,,,,,,,,,,,,,,,,,,,,,,,,,,,,,,
"COCONUT SAMBOL, W/ COCONUT OIL",,,,,,,R,,2.9,27.6,6.9,7.2,0.4,0.0,12.0,28.7,0.99,0.46,0.03,0.06,0.3,0.08,0.0,23.5,6.8,2.0,1.7,1.5,0.0,,,,,,,,,,
"COCONUT SAMBOL, WITHOUT COCONUT OIL",,,,,,,R,,3.0,25.3,7.1,7.4,0.4,0.0,13.0,29.6,1.02,0.48,0.04,0.06,0.4,0.11,0.0,24.2,10.1,2.0,1.7,1.5,0.0,,,,,,,,,,
COCONUT TOFFEE,,,,,Snack,Yes,S,769.0,,,,,,,,,,,,,,,,,,,,,,,,,,,,,,,
"COCONUT WATER, BOTTLED, SWEETENED",,,,,,,S,,0.0,0.28,7.43,0,,,7.14,,0.0,,,,,,0.0,,,,,,,,,96.57,11.43,,,,,,
"COCONUT WATER, FRESH, UNSWEETENED",,,,,,,S,,0.3,0.2,3.2,0,0.0,0.0,27.0,18.2,0.06,0.04,0.01,0.01,0.0,0.06,0.0,10.9,0.6,0.0,0.5,0.2,0.0,,,,,,,,,,
COFFEE FLAVORED MILK DRINK,,,,,,,S,,3.6,1.5,11.7,0,0.3,0.0,115.0,19.0,0.62,0.5,0.03,0.17,0.1,0.03,0.51,2.0,0.0,0.0,0.0,0.0,0.0,,,,,,,,,,
"COFFEE, BREWED",,,,,,,S,,0.2,0.0,0.3,0,0.0,0.0,3.0,8.0,0.1,0.0,0.0,0.01,0.7,0.0,0.0,0.0,0.0,0.0,0.0,0.0,0.0,,,,,,,,,,
"COFFEE, MADE FROM INSTANT COFFEE POWDER",,,,,,,S,,0.0,0.0,0.0,0,0.0,0.0,1.0,3.0,0.0,0.0,0.0,0.0,0.2,0.0,0.0,0.0,0.0,0.0,0.0,0.0,0.0,,,,,,,,,,
COLA,,,,,,,S,,0.0,0.0,10.9,0,0.0,0.0,6.0,1.0,0.0,0.0,0.0,0.0,0.0,0.0,0.0,0.0,0.0,0.0,0.0,0.0,0.0,,,,,,,,,,
"COOLING DRINK,CHINESE,INFUSION",,,,,,,S,,0.0,0.0,0.0,,,,3.0,,0.0,0.0,0.0,0.0,0.0,0.0,0.0,0.0,0.0,0.0,,,,,,,,,,,,,
"COWPEAS, WHOLE, BOILED",,,,,,,R,,10.8,0.6,29.1,6.1,24.2,0.0,44.0,118.3,3.16,1.82,0.11,0.03,0.5,0.1,0.0,123.1,0.0,1.0,0.4,1.0,0.6,,,,,,,,,,
"COWPEAS, WHOLE, BOILED & TEMPERED",,,,,,,R,,8.102856636,5.252151966,22.42178345,4.813622952,17.79558563,0.0,30.93433952,62.44643021,1.69558692,1.21915102,0.133684009,0.0377925,0.506788015,0.094097994,,55.43204498,2.761360407,2.400935173,0.29261899,,,0.685205996,138.3327484,387.3774109,5.692287922,8.675303459,,,,,1.072144032
"COWPEAS, WHOLE, BOILED & TEMPERED, W/ COCONUT MILK",,,,,,,R,,7.929451,11.304261,22.147497,4.5927649,15.90982,0.0,59.333275,58.09729,2.9715126,1.3496569,0.125539,0.035624001,0.75608188,0.097002998,,52.35326,2.4469323,6.4738159,0.31406599,,,0.58348703,123.43944,379.70923,5.371489,7.5214911,,134.0645,31.49292,234.1705,0.84789199
"COWPEAS, WHOLE, BOILED, W/ COCONUT MILK",,,,,,,R,,13.9,4.7,38.2,8.4,30.5,0.0,67.0,145.9,4.48,2.3,0.15,0.06,0.9,0.14,0.0,152.5,2.5,37.0,0.5,1.2,0.5,,,,,,,,,,
"CRAB, BOILED",,,,,,,R,,19.5,5.5,0.0,0,0.0,72.0,0.0,58.0,1.6,5.5,0.7,0.86,5.1,0.16,4.2259202,20.0,0.0,0.0,0.0,3.0,14.2,,,,,,,,,,
"CRAB, TEMPERED",,,,,,,R,,7.923645,5.094871,1.564873,1.046944,0.31004101,11.237664,170.15363,45.711544,0.74069101,1.567281,0.033622641,0.044207249,0.59205902,0.077919573,2.6159809,7.0307074,2.6063035,16.797201,0.026907001,,,0.80764699,104.12305,182.5146,153.44958,18.814703,,,,,
"CRAB, TEMPERED, W/ COCONUT MILK",,,,,,,R,,9.6044359,13.94131,4.2170329,1.36043,0.53485501,12.2854,197.24657,52.262646,1.93294,2.0232179,0.040808201,0.043582853,0.93083948,0.088485874,2.85988,12.798814,2.5019805,16.195127,0.062613003,,,0.857952,115.28979,211.0631,167.35074,20.794115,,,,,
CREAM BUN,100.0,40.0,4.0,15.0,,,S,300.0,,,,,,,,,,,,,,,,,,,,,,,,,,,,,,,
CREAM CRACKER BISCUIT,8.4,6.0,0.9,1.2,,,S,37.0,,,,,,,,,,,,,,,,,,,,,,,,,,,,,,,
CREAM SODA,,,,,,,S,,0.0,0.0,13.3,0,0.0,0.0,5.0,1.0,0.05,0.07,0.0,0.0,0.0,0.0,0.0,0.0,0.0,0.0,0.0,0.0,0.0,,,,,,,,,,
"CRISPS, MAIZE PUFF",,,,,,,S,,5.76,35.8,54.1,2.2,,4.0,58.0,20.0,1.1,0.6,0.155,0.2,5.74,0.064,0.0,180.0,0.0,0.0,,,,0.374,108.0,197.0,896.0,3.0,0.0,5.51,10.4,18.6,
"CRISPS, POTATO",,,,,,,S,,6.39,33.95,53.83,3.1,,,21.0,63.0,1.28,1.09,0.213,0.088,4.762,0.531,0.0,29.0,21.6,0.0,10.45,,,,,,,,,,,,
CUCUMBER & TOMATO SALAD,,,,,,,R,,0.8,0.2,4.0,2.1,0.5,0.0,16.0,20.1,0.44,0.18,0.03,0.02,0.4,0.07,0.0,16.6,11.8,35.0,0.1,3.5,0.5,,,,,,,,,,
CUCUMBER FLESH,50.0,1.5,0.3,0.05,,,S,6.0,,,,,,,,,,,,,,,,,,,,,,,,,,,,,,,
CUCUMBER SALAD,100.0,7.0,1.0,0.0,,,R,35.0,0.9,0.2,4.2,2.3,0.6,0.0,17.0,21.9,0.49,0.19,0.03,0.01,0.4,0.07,0.0,17.3,10.0,2.0,0.0,3.3,0.4,,,,,,,,,,
"CUCUMBER, RAW, PLAIN",,,,,,,S,,0.8,0.2,2.8,2.1,0.6,0.0,19.0,18.5,0.59,0.19,0.02,0.01,0.3,0.07,0.0,14.7,6.2,1.0,0.0,2.1,0.9,,,,,,,,,,
"CUCUMBER, W/ COCONUT MILK",,,,,,,R,,1.8,11.2,7.2,2.9,1.9,0.0,28.0,28.4,1.02,0.26,0.02,0.01,0.3,0.05,0.0,20.2,4.3,25.0,0.1,0.8,0.1,,,,,,,,,,
CURD RICE,,,,,,,R,,6.2,4.0,24.6,1,23.1,0.0,23.0,10.5,0.33,0.51,0.01,0.04,1.1,0.03,0.34929839,4.8,0.6,55.0,0.2,0.8,0.2,,,,,,,,,,
"CURD, COW'S MILK, PLAIN, UNSWEETENED",,,,,,,S,,3.1,4.0,3.0,0,0.0,0.0,149.0,0.0,0.2,0.0,0.05,0.16,0.1,0.0,0.43,12.5,1.0,31.0,0.0,0.0,0.0,,,,,,,,,,
"CUSTARD APPLE, RAW",,,,,,,S,,1.6,0.7,20.4,5.1,0.3,0.0,28.0,38.5,0.42,0.22,0.13,0.09,0.7,0.07,0.0,7.6,21.5,0.0,0.2,0.8,0.5,,,,,,,,,,
CUSTARD CREAM BISCUIT,12.0,9.0,0.6,2.0,,,S,54.0,,,,,,,,,,,,,,,,,,,,,,,,,,,,,,,
"CUTTLE FISH, FRESH, W/ COCONUT MILK",,,,,,,R,,9.7,11.3,4.2,1.1,1.8,58.3,49.0,10.9,2.75,0.76,0.02,0.21,3.5,0.2,0.65455002,10.2,1.9,44.0,0.1,0.6,0.1,,,,,,,,,,
"CUTTLEFISH, FRESH, TEMPERED, W/ COCONUT MILK",,,,,,,R,,8.9593611,13.458135,4.3735299,1.41794,0.71955997,57.8214,24.604971,26.116316,1.278144,0.80562299,0.033480369,0.02677865,0.76498878,0.090422228,0.44742751,15.621469,5.1112847,24.780399,0.047375999,,,0.53733897,91.365021,148.9959,58.204441,22.43487,,,,,
DAN,,,,,,,S,,,,,,,,,,,,,,,,,,,,,,,,,,,,,,,,
DARK CHOCOLATE,50.0,29.0,3.0,18.0,,,S,282.0,,,,,,,,,,,,,,,,,,,,,,,,,,,,,,,
DATE CHUTNEY,,,,,,,R,,0.3,0.1,60.6,0,0.0,0.0,19.0,4.0,0.43,0.05,0.01,0.07,0.0,0.02,0.0,0.0,7.7,0.0,0.0,0.0,0.0,,,,,,,,,,
"DATES, FRESH",,,,,,,S,,1.2,0.4,33.8,,,,22.0,24.0,0.3,0.2,0.06,0.07,0.9,0.12,0.0,25.0,14.0,3.0,,,,0.21,28.0,410.0,7.0,1.0,0.0,0.0,0.0,0.0,
"DATES,DRIED",,,,,,,S,,2.4,0.3,72.7,9.1,1.0,0.0,66.0,75.2,4.79,0.58,0.02,0.03,1.1,0.15,0.0,12.8,3.8,0.0,0.0,0.4,0.1,,,,,,,,,,
DHAL CURRY,100.0,14.0,7.0,2.0,,,S,100.0,,,,,,,,,,,,,,,,,,,,,,,,,,,,,,,
DHAL CURRY WITH COCONUT MILK,50.0,12.0,5.0,3.5,,,S,80.0,,,,,,,,,,,,,,,,,,,,,,,,,,,,,,,
DHODOL,,,,,,,R,,2.4,14.0,59.8,1.7,11.5,0.0,18.0,27.0,1.33,0.64,0.02,0.01,1.0,0.04,0.0,12.6,1.6,0.0,0.1,0.3,0.0,,,,,,,,,,
DODOL,100.0,75.0,2.0,12.0,,,S,380.0,,,,,,,,,,,,,,,,,,,,,,,,,,,,,,,
"DOSA, PLAIN",,,,,,,R,,12.9,10.3,26.0,0.2,24.5,0.0,64.0,74.0,3.15,1.43,0.16,0.15,3.5,0.01,0.0,64.5,0.0,3.0,0.1,0.7,0.0,,,,,,,,,,
"DRESSING,FRENCH",,,,,,,S,,0.3,32.2,11.7,0,5.0,0.0,0.0,0.0,0.0,0.0,0.0,0.0,0.0,0.0,0.0,0.0,0.0,0.0,0.0,0.0,0.0,,,,,,,,,,
DRIED PALMYRA SPROUTS,,,,,,,S,,2.92,1.73,85.1,2.79,,,53.0,,1.7,,,,,,,,,,,,,,,,,,,,,,
"DRINKING YOGHURT, FLAVORED OR SWEETENED",,,,,,,S,,3.0,1.2,12.7,0,,,,,,,,,,,0.5,,,,,,,,,,20.0,,,0.78,,,
"DRINKING YOGHURT, PLAIN, UNSWEETENED",,,,,,,S,,4.8,1.0,7.8,0,0.3,0.0,162.0,16.0,0.08,0.6,0.12,0.22,0.1,0.01,0.56,18.0,1.0,0.0,0.0,0.5,0.0,0.56,143.0,228.0,63.0,2.0,8.0,0.66,0.24,0.0,0.0
"DRUMSTICK LEAVES, BOILED",,,,,,,R,,5.396572113,8.852272034,4.780105114,8.4708004,2.610606909,0.0,231.2885132,84.04637146,4.530988216,0.709923983,0.046991199,0.3493568,0.766699374,0.691485822,,35.63906479,61.98711777,1767.942749,0.312287986,,,0.510695994,102.1540527,396.4772949,15.29378891,11.18749046,,,,,0.697174013
"DRUMSTICK LEAVES, BOILED, W/ COCONUT MILK",,,,,,,R,,5.81202507,14.6266861,7.391931057,6.246074677,1.991219997,0.0,306.0354004,71.59122467,5.033140182,0.855172992,0.067184903,0.322077543,1.07374227,0.649237752,,34.05423355,48.58143234,1778.207031,0.236301005,,,0.334034026,78.75984192,313.2337952,6.701914787,4.554542065,,,,,0.511521995
"DRUMSTICK LEAVES, FRESH OR WATER-COOKED MALLUM W/ SCRAPED COCONUT",,,,,,,R,,6.4,13.6,7.3,9.9,2.1,0.0,253.0,91.2,4.06,0.78,0.04,0.31,0.6,0.44,0.0,43.9,48.5,2309.0,1.1,2.0,1.8,,,,,,,,,,
"DRUMSTICK LEAVES, TEMPERED",,,,,,,R,,7.6,18.9,10.4,9.5,4.4,0.0,325.0,112.1,5.25,0.9,0.08,0.48,1.0,0.73,0.0,55.0,82.1,2891.0,0.5,2.2,1.8,,,,,,,,,,
"DRUMSTICK LEAVES, TEMPERED MALLUM W/ SCRAPED COCONUT",,,,,,,R,,6.07666111,18.33315849,6.820098877,9.213152885,3.936672926,0.0,239.5034485,89.97357941,4.966945171,0.797392964,0.062910147,0.367339849,0.846933782,0.740863383,,38.87808609,64.27639771,1775.441162,0.354203999,,,0.641502976,116.1587219,451.9901733,16.1429348,11.49265289,,,,,1.180255055
"DRUMSTICKS, BOILED",,,,,,,R,,2.1054952,0.1018788,3.5148187,6.0448089,0.94237888,0.0,18.007856,22.994471,0.40465623,0.21016252,0.035020836,0.049665917,0.46800575,0.089143947,,34.659168,60.750114,2.3916049,0.30563641,,,0.49241421,32.145309,256.73459,17.735826,2.7592175,,24.179235,37.041435,20.282372,1.5876113
"DRUMSTICKS, BOILED & TEMPERED",,,,,,,R,,2.6,6.2,5.2,6.136,2.2,0.0,40.0,38.9,1.32,0.36,0.03,0.06,0.5,0.08,0.0,51.2,31.6,42.0,0.3,2.2,0.1,,,,,,,,,,
"DRUMSTICKS, BOILED, W/ COCONUT MILK",,,,,,,R,,3.9552441,8.3172693,9.1312084,7.703836,2.487438,0.0,129.54872,34.337551,1.4969569,0.57801598,0.086535998,0.075664647,0.94970167,0.17121297,,58.217823,76.548782,15.034182,0.386062,,,0.69484097,55.271111,394.33258,21.88361,3.368973,,56.152588,51.784405,83.855782,2.544003
"DRUMSTICKS, TEMPERED, W/ COCONUT MILK",,,,,,,R,,2.3,10.1,5.1,4.5,2.2,0.0,33.0,30.0,1.15,0.29,0.03,0.05,0.4,0.06,0.0,36.5,22.3,42.0,0.2,1.5,0.1,,,,,,,,,,
"DUBAI PUMPKIN, BOILED, W/ COCONUT MILK",,,,,,,R,,1.4504369,6.1286364,5.2671981,2.0965519,0.640827,0.0,46.696217,12.063478,0.819493,0.304939,0.033639401,0.020748949,0.51331729,0.057485949,,22.897797,6.0179329,24.652082,0.14822501,,,0.15516999,22.06039,154.90181,3.96209,0.39089099,,61.756985,21.382942,71.058495,2.159502
"DUCK EGG, WHOLE, BOILED",,,,,,,R,,14.6,13.83,0.0,0,0.0,839.0,52.459999,12.0,2.46,1.49,0.153,0.066500001,0.1235,0.1425,4.5900002,56.610001,0.0,0.0,2.47,,,0.50999999,247.0,228.0,113.0,46.330002,,3373.0,6063.0,1684.0,0.0
"DUCK MEAT, TEMPERED",,,,,,,R,,16.1701889,9.711867332,1.025843978,0.493714005,0.430258006,68.1306076,48.67466736,25.49134636,3.80975008,2.469974995,0.14779675,0.115041949,1.835130215,0.183749452,0.35206926,18.30509949,1.239903927,8.246124268,0.614090025,,,0.651748002,203.0231018,262.3365173,69.11043549,19.85900497,,,,,0.232092991
"EEL, DRIED, TEMPERED, W/ COCONUT MILK",,,,,,,R,,23.905003,15.66808,3.815783,1.302888,0.164983,16.3262,35.296715,46.373482,1.556162,0.62422997,0.017281421,0.02976365,1.6917932,0.14806268,0.80237001,77.628197,2.6804285,12.205353,0.031093,,,0.385144,71.970436,406.82892,4341.2251,59.420086,,,,,
EGG,47.0,0.4,6.0,5.0,,,S,70.0,,,,,,,,,,,,,,,,,,,,,,,,,,,,,,,
EGG DOSA,,,,,,,R,,11.6,8.5,10.8,0.395,10.2,175.8,21.498501,38.1,2.26,1.18,0.09,0.12,1.4,0.07,0.12860499,41.353413,0.0,97.0,0.8,3.2,0.3,,,,,,,,,,
EGG HOPPERS,,,,,,,R,,9.9,5.2,37.2,1.31,36.0,183.8,40.0,20.2,1.9,1.23,0.07,0.12,1.5,0.12,0.060755,46.6171,0.0,101.0,0.8,2.6,0.2,,,,,,,,,,
EGG KOTTU,,,,,,,R,,5.7,7.1,22.9,1.9,22.0,51.2,66.0,19.8,1.65,0.55,0.07,0.06,1.5,0.06,0.10591,18.3,2.5,170.0,0.4,3.0,0.2,,,,,,,,,,
EGG ROTI,,,,,Breakfast,Yes,S,793.0,,,,,,,,,,,,,,,,,,,,,,,,,,,,,,,
EGG YOLK,16.0,0.55,2.5,4.2,,,S,52.0,,,,,,,,,,,,,,,,,,,,,,,,,,,,,,,
"EGG, POULTRY, WHOLE, BOILED",,,,,,,R,,13.4,10.5,0.0,0,0.0,365.0,55.0,13.8,1.87,1.31,0.0,0.0,0.0,0.0,0.75650001,0.0,0.0,182.0,1.3,7.3,0.6,,,,,,,,,,
"EGG, WHITE ONLY, BOILED",,,,,,,R,,12.4,0.3,0.0,0,0.0,0.0,8.0,11.6,0.15,0.09,0.02,0.18,0.0,0.0,0.076499999,4.2,0.0,0.0,0.0,0.0,0.0,0.18,23.0,147.0,144.0,14.86,0.0,0.0,0.0,0.0,0.0
"EGG, WHOLE, BOILED & TEMPERED, W/ COCONUT MILK",,,,,,,R,,6.1,12.2,2.6,0,1.2,144.1,34.0,13.5,1.32,0.6,0.03,0.08,0.2,0.07,0.41462401,10.7,2.6,127.0,0.6,3.6,0.3,,,,,,,,,,
"EGG, WHOLE,OMELET",,,,,,,R,,16.5,14.8,0.0,0,0.0,316.0,53.0,14.8,2.16,1.31,0.11,0.2,0.3,0.14,0.71943152,37.7,0.0,183.0,1.9,14.2,0.4,,,,,,,,,,
"EGG, WHOLE,PAN-FRIED",,,,,,,R,,13.6,13.9,0.0,0,0.0,385.0,65.0,14.0,2.2,1.5,0.07,0.31,4.1,0.14,0.733805,40.0,0.0,190.0,1.1,5.6,0.6,,,,,,,,,,
"EGG, YOLK ONLY, BOILED",,,,,,,R,,16.1,27.5,0.0,0,0.0,1085.0,120.0,15.5,4.92,3.59,0.17,0.15,0.4,0.27,1.6575,110.0,0.0,467.0,2.8,8.9,0.7,2.57,586.0,106.0,44.83,38.57,456.0,8.819,10.643,3.333,0.0
EGGPLANT CURRY,,,,,Dessert,Yes,S,772.0,,,,,,,,,,,,,,,,,,,,,,,,,,,,,,,
EGGPLANT CURRY,,,,,Side Dish,No,S,795.0,,,,,,,,,,,,,,,,,,,,,,,,,,,,,,,
"EMPEROR FISH (VILAI), FRESH, BOILED & TEMPERED, W/ COCONUT MILK",,,,,,,R,,13.454135,16.592911,4.4370327,1.36043,0.53485501,10.5894,24.921059,26.335045,1.6259401,0.60961801,0.074878201,0.02238285,1.8911945,0.065775879,0.96671999,13.568394,2.5915806,16.195127,0.062613003,,,0.20075199,144.96979,325.01309,17.641636,7.363915,,,,,
"EMPEROR FISH (VILAI), FRESH, BOILED, W/ COCONUT MILK",,,,,,,R,,12.890135,10.76451,4.1620331,1.36043,0.53485501,10.1898,23.988058,25.712645,1.5403399,0.56761801,0.071868204,0.021982851,1.8015144,0.063090876,0.93023998,12.779354,2.4795806,16.195127,0.062613003,,,0.194952,139.98979,315.6731,17.031036,7.1169152,,,,,
"EMPEROR FISH (VILAI), FRESH, TEMPERED, W/ COCONUT MILK",,,,,,,R,,13.454135,16.592911,4.4370327,1.36043,0.53485501,10.5894,24.921059,26.335045,1.6259401,0.60961801,0.074878201,0.02238285,1.8911945,0.065775879,0.96671999,13.568394,2.5915806,16.195127,0.062613003,,,0.20075199,144.96979,325.01309,17.641636,7.363915,,,,,
ENERGY DRINK,,,,,,,S,,0.0,0.0,7.2,0,0.0,0.0,7.0,7.0,0.0,0.0,0.0,0.0,0.0,0.0,0.0,1.0,1.0,0.0,0.0,0.0,0.0,,,,,,,,,,
FALOODA,,,,,Snack,Yes,S,447.0,,,,,,,,,,,,,,,,,,,,,,,,,,,,,,,
FISH & CHILI SAMBOL,,,,,,,R,,17.446064,1.1568199,2.5985579,1.515871,0.104085,19.716984,33.540745,38.711708,1.1601419,0.56714702,0.099997997,0.055217002,1.023046,0.51063299,0.82811111,55.54269,74.366745,30.659071,0.143177,,,0.61326998,71.491386,324.80319,2022.6422,159.53166,,509.53595,199.75069,290.62781,0.829961
FISH AMBUL THIYAL,,,,,Dinner,Yes,S,860.0,,,,,,,,,,,,,,,,,,,,,,,,,,,,,,,
FISH GRAVY,,,,,,,R,,13.4,6.6,31.4,7.3,23.6,0.0,91.0,100.6,4.11,1.54,0.13,0.08,1.0,0.1,0.0,55.7,0.9,143.0,0.2,2.0,0.4,,,,,,,,,,
"FISH GRAVY, W/ COCONUT MILK",,,,,,,R,,0.7,7.2,22.7,0.7,0.0,0.0,7.0,13.1,0.54,0.22,0.01,0.0,0.2,0.01,0.0,4.8,0.6,0.0,0.0,0.0,0.0,,,,,,,,,,
FISH PATTIES,,,,,Main Dish,Yes,S,652.0,,,,,,,,,,,,,,,,,,,,,,,,,,,,,,,
FISH ROLL,,,,,Side Dish,Yes,S,662.0,,,,,,,,,,,,,,,,,,,,,,,,,,,,,,,
"FISH, LARGE, NFS, DRIED, FRIED",,,,,,,R,,52.577297,17.534277,0.0,0,0.0,62.001942,67.832298,74.970886,2.5863459,1.1165479,0.0,0.082306184,2.4764805,1.165217,3.0501797,148.35886,0.0,0.0,0.0,,,1.1903454,152.86288,681.7063,7974.6201,494.00455,,,,,
"FISH, LARGE, NFS, DRIED, TEMPERED",,,,,,,R,,30.537756,12.832444,5.604393,2.7949731,1.498841,34.350502,63.095188,59.649288,2.2387381,0.83241224,0.03003828,0.072578922,1.6467552,0.73189765,2.1405015,95.499016,10.24964,35.901924,0.087095,,,0.88087463,113.69498,558.95526,4423.0127,274.73062,,,,,
"FISH, LARGE, NFS, DRIED, W/ COCONUT MILK",,,,,,,R,,19.145929,10.667101,4.0925612,1.266714,0.50873798,20.8241,41.388454,33.312492,1.8269626,0.7429378,0.02070226,0.044920225,1.2131261,0.43472278,1.2976235,59.405399,2.9839594,15.012181,0.034991998,,,0.48662186,64.048752,293.939,2679.7939,166.65495,,,,,
"FISH, LARGE, NFS, FRESH, COOK METHOD NFS",,,,,,,R,,14.35137,9.9684992,3.6170714,1.4971792,0.79156917,18.752428,68.990486,27.580935,2.106704,0.73527545,0.042562764,0.1123986,1.546549,4.4123721,1.0224812,94.851692,4.7859273,20.999569,0.045799401,,,0.65813547,151.4315,286.28543,34.025028,19.761065,,,,,
"FISH, LARGE, NFS, FRESH, FRIED",,,,,,,R,,21.396095,14.757527,0.0,0,0.0,30.281372,85.732971,28.66321,2.2636003,0.82559711,0.033598665,0.15248971,2.1414886,7.0473275,1.3035001,139.09146,0.0,0.0,0.0,,,0.86756939,219.11186,315.64545,50.962292,30.817284,,,,,
"FISH, LARGE, NFS, FRESH, TEMPERED",,,,,,,R,,13.794909,9.8448734,6.8315539,3.0341311,2.245712,17.095211,75.218613,35.712688,2.2318375,0.71883714,0.059641216,0.11820052,1.4893872,4.0875039,0.93212098,94.115349,12.555714,43.757439,0.094162002,,,0.80357337,156.96346,381.15012,35.033916,18.394152,,,,,
"FISH, LARGE, NFS, FRESH, TEMPERED, W/ COCONUT MILK",,,,,,,R,,10.428298,13.543042,4.3735299,1.41794,0.71955997,12.632838,53.758873,21.672998,2.099596,0.71290314,0.035795171,0.081216581,1.3325599,2.9891381,0.54379648,68.27877,5.1112847,24.780399,0.047375999,,,0.4633182,106.13821,219.18484,23.93808,13.525653,,,,,
"FISH, NFS, DRIED",,,,,,,S,,53.93037513,5.949571275,,,,135.8248446,139.4998178,138.6628832,2.992722401,3.210450161,,0.192143623,4.546795284,1.030825295,3.239871383,337.4825295,,,,,,0.842250804,355.7138264,729.2132905,10537.76635,427.6538049,,2185.090032,979.56806,1279.848875,
"FISH, NFS, DRIED, COOK METHOD NFS",,,,,,,R,,31.003939,14.891319,2.0462806,0.63335699,0.25436899,76.211319,87.733887,81.870049,2.163094,1.9869241,0.01035113,0.11645014,2.7626858,0.54224175,1.3634188,175.21396,1.4919797,7.5060906,0.017495999,,,0.51600194,205.94499,441.65143,5913.4512,240.32532,,,,,
"FISH, NFS, DRIED, FRIED",,,,,,,R,,44.762211,18.658144,0.0,0,0.0,112.73462,116.01985,115.09019,2.4910097,2.6670237,0.0,0.1594792,3.7738402,0.7700265,2.01682,252.09946,0.0,0.0,0.0,,,0.69906819,295.24246,605.24701,8746.3457,354.95267,,,,,
"FISH, NFS, DRIED, W/ COCONUT MILK",,,,,,,R,,17.245665,11.124495,4.0925612,1.266714,0.50873798,39.688019,59.446934,48.64991,1.8351485,1.3068146,0.02070226,0.073421068,1.6851029,0.314457,0.89935589,98.328438,2.9839594,15.012181,0.034991998,,,0.33293569,116.64748,278.05582,3080.5566,125.698,,,,,
"FISH, NFS, FRESH, BOILED",,,,,,,R,,14.497057,2.0904799,3.9197609,1.854828,0.47996199,20.431255,72.161377,32.814896,1.9119283,0.70633173,0.04034001,0.11464965,1.3441415,3.5976577,1.0762171,79.824036,2.9348452,20.207815,0.051893998,,,0.67519623,154.63094,293.29099,39.632931,29.914207,,,,,
"FISH, NFS, FRESH, COOK METHOD NFS",,,,,,,R,,14.076381,10.553845,3.6170714,1.4971792,0.79156917,19.411118,66.940788,28.635679,1.9156289,0.76271534,0.037576869,0.10386311,1.3352865,3.4283061,1.0224812,78.196678,4.6611028,20.997522,0.045799401,,,0.66209799,144.67262,268.51447,37.842098,28.133467,,,,,
"FISH, NFS, FRESH, FRIED",,,,,,,R,,20.952044,15.702744,0.0,0,0.0,31.345022,82.596024,30.580004,1.9607064,0.87372363,0.027191028,0.13900486,1.7848685,5.4594336,1.3035001,113.303,0.0,0.0,0.0,,,0.87396806,209.34239,292.66339,57.196217,44.337017,,,,,
"FISH, NFS, FRESH, TEMPERED",,,,,,,R,,13.544222,10.378491,6.8315539,3.0341311,2.245712,17.69569,73.447662,36.794804,2.0608399,0.74600673,0.055811025,0.11058771,1.2981253,3.1910653,0.93212098,79.556587,12.555714,43.757439,0.094162002,,,0.80718565,151.44815,368.17569,38.553249,26.026655,,,,,
"FISH, NFS, FRESH, TEMPERED, W/ COCONUT MILK",,,,,,,R,,10.243048,13.937369,4.3735299,1.41794,0.71955997,13.076573,52.450195,22.472651,1.9732341,0.73298061,0.033122022,0.075590946,1.1837845,2.3266976,0.54379648,57.52029,5.1112847,24.780399,0.047375999,,,0.46598759,102.06256,209.59715,26.538761,19.16584,,,,,
"FISH, NFS, FRESH, W/ COCONUT MILK",,,,,,,R,,11.182292,10.650544,4.0925612,1.266714,0.50873798,14.504197,56.77264,22.282814,1.8639909,0.77169794,0.03402441,0.081598029,1.20757,2.5695992,0.764009,62.005676,2.9839594,15.012181,0.034991998,,,0.49123883,109.57634,200.40305,27.887581,21.253506,,,,,
"FISH, SMALL, NFS, DRIED, MALLUM, TEMPERED, W/ SCRAPED COCONUT",,,,,,,R,,28.352234,10.644944,4.206244,3.3039961,1.843758,87.000969,105.93135,104.7774,2.4963915,2.4764211,0.01634015,0.14545205,2.8762627,0.46290064,1.2964573,202.80351,4.4428282,14.465297,0.1451,,,0.59433556,265.27957,542.24261,5890.811,198.45255,,,,,
"FISH, SMALL, NFS, FRESH, BOILED",,,,,,,R,,13.637585,3.9199686,3.9197609,1.854828,0.47996199,22.489975,66.089745,36.524895,1.3256698,0.79948163,0.027208339,0.08854939,0.68840724,0.52425116,1.0694056,29.909868,2.9348452,20.207815,0.051893998,,,0.68758094,135.72189,248.80865,51.698841,56.08197,,,,,
"FISH, SMALL, NFS, FRESH, COOK METHOD NFS",,,,,,,R,,14.614378,11.459613,2.6722817,1.0415961,0.330174,24.318659,63.900482,32.500957,1.2764018,0.88380659,0.01986303,0.083587632,0.70444006,0.55179781,1.1563599,30.877748,1.9008124,11.669244,0.028995,,,0.69357729,137.10454,212.39462,54.604618,60.129627,,,,,
"FISH, SMALL, NFS, FRESH, FRIED",,,,,,,R,,19.633469,18.509491,0.0,0,0.0,34.503448,73.281105,36.27177,1.0612862,1.0166315,0.008164043,0.098962627,0.72591281,0.74430507,1.2952501,36.726173,0.0,0.0,0.0,,,0.8929683,180.33273,224.41994,75.707382,84.482819,,,,,
"FISH, SMALL, NFS, FRESH, W/ COCONUT MILK",,,,,,,R,,10.572151,11.949303,4.0925612,1.266714,0.50873798,15.965687,52.462372,24.91655,1.4478047,0.8378253,0.024702204,0.063069403,0.74206269,0.38778085,0.75917351,26.571491,2.9839594,15.012181,0.034991998,,,0.50003082,96.152771,168.82492,36.453205,39.830059,,,,,
FLATTENED RICE W/ SCRAPED COCONUT & SUGAR,,,,,,,R,,5.535181522,7.126628876,60.58890152,3.809961319,45.79607773,0.0,20.041605,72.1963501,4.011531353,0.936582327,0.079915218,0.030653628,1.183939815,0.097779967,,6.86886549,0.0,12.37098503,0.150480524,,,0.378786981,148.8360596,135.1177063,6.552560806,3.828617096,,,,,0.195007101
FRIED GRAMS SNACK,,,,,,,S,,,,,,,,,,,,,,,,,,,,,,,,,,,,,,,,
FRIED HALMESSO,15.0,0.0,7.5,4.5,,,S,75.0,,,,,,,,,,,,,,,,,,,,,,,,,,,,,,,
FRIED KARAWALA,15.0,0.0,9.0,5.0,,,S,85.0,,,,,,,,,,,,,,,,,,,,,,,,,,,,,,,
FRIED RICE,,,,,Breakfast,Yes,S,428.0,,,,,,,,,,,,,,,,,,,,,,,,,,,,,,,
FRIED RICE W/ CHICKEN & VEGETABLES,,,,,,,R,,5.1048002,2.9045939,17.004156,1.2010729,15.924093,8.1414986,10.371678,12.224802,0.62202799,0.47571999,0.01511595,0.0155615,0.82583565,0.11089885,0.027249301,6.9697108,1.4706353,71.523628,0.108723,,,0.26022199,60.286514,109.38325,7.0641341,4.5145469,,170.85565,127.92419,175.98769,0.475858
FRIED RICE W/ VEGETABLES,,,,,,,R,,2.5,2.2,21.8,0.427,0.2,0.0,9.0,4.9,0.22,0.06,0.17,0.29,0.0,0.01,0.031453717,6.4,1.6,61.0,0.0,0.4,0.0,,,,,,,,,,
FRIED RICE W/ VEGETABLES & EGG,,,,,,,R,,3.0,2.7,15.8,0.4,0.2,30.4,13.0,5.8,0.37,0.16,0.13,0.22,0.1,0.02,0.063016452,8.0,1.6,75.0,0.2,1.2,0.1,,,,,,,,,,
FRUIT & NUT ICE CREAM,,34.0,3.9,9.0,,,S,230.0,,,,,,,,,,,,,,,,,,,,,,,,,,,,,,,
FRUIT AND MILK DRINK,,,,,,,S,,3.6,1.5,11.7,0,0.3,0.0,115.0,19.0,0.62,0.5,0.03,0.17,0.1,0.03,0.0,2.0,0.0,0.0,0.0,0.0,0.0,,,,,,,,,,
"FRUIT CORDIAL, W/ WATER",,,,,,,R,,0.16,0.1,4.0250001,0.51749998,0.0,0.0,1.8173749,1.9475,0.063000001,0.0251,0.004,0.00469,0.098999999,0.01125,0.0,1.78625,0.3955,0.0,0.125,,,0.039999999,3.4575,36.470001,0.39749998,0.146,,5.0124998,42.5,14.77,2.5325
"FRUIT DRINK, BOTTLED, READY-TO-DRINK",,,,,,,S,,0.4,0.0,10.3,0,0.0,0.0,7.0,7.0,0.07,0.0,0.17,0.02,0.3,0.06,0.0,11.0,33.0,0.0,0.0,0.0,0.0,,,,,,,,,,
FRUIT FLAVORED MILK DRINK,,,,,,,S,,3.6,1.5,11.7,0,0.3,0.0,115.0,19.0,0.62,0.5,0.03,0.17,0.1,0.03,0.33,2.0,0.0,0.0,0.0,0.0,0.0,,,,,,,,,,
"FRUIT NECTAR, BOTTLED, READY-TO-DRINK",,,,,,,S,,0.4,0.0,10.3,0,0.0,0.0,7.0,7.0,0.07,0.0,0.17,0.02,0.3,0.06,0.0,11.0,33.0,0.0,0.0,0.0,0.0,,,,,,,,,,
FRUIT SALAD,,,,,,,S,,0.7,0.3,14.3,0,0.3,0.0,12.0,9.0,0.16,0.0,0.09,0.03,0.3,0.09,0.0,0.0,24.0,0.0,0.0,0.0,0.0,,,,,,,,,,
"FRUIT SALAD, W/ ADDED SUGAR",,,,,,,R,,0.6552,0.39360002,16.3384,2.4575999,1.6919999,0.0,8.9247999,13.548,0.278,0.61480004,0.021600001,0.046360001,0.3576,0.168,,28.471199,29.527201,85.610405,0.1752,,,0.27359998,13.3968,207.2,2.5120001,4.5504003,,128.43361,104.856,80.548798,9.3576002
"FRUIT SQUASH, W/ WATER",,,,,,,S,,0.1,0.0,9.8,0,0.0,0.0,6.0,3.0,0.0,0.0,0.0,0.0,0.1,0.01,0.0,2.0,0.0,0.0,0.0,0.0,0.0,,,,,,,,,,
FRUIT-FLAVORED SODA,,,,,,,S,,0.0,0.0,7.2,0,0.0,0.0,7.0,7.0,0.0,0.0,0.0,0.0,0.0,0.0,0.0,1.0,1.0,0.0,0.0,0.0,0.0,,,,,,,,,,
GAL BANIS,100.0,65.0,7.0,13.0,,,S,400.0,,,,,,,,,,,,,,,,,,,,,,,,,,,,,,,
"GAME MEAT, NFS, TEMPERED",,,,,,,R,,13.63659954,10.17633438,3.06932807,1.232617021,0.82603997,50.21606445,86.97073364,25.38654518,1.863908052,2.010153055,0.044300701,0.100981452,4.103133678,0.135737851,1.4294952,6.666642666,6.790707111,15.61944103,0.359263986,,,0.615293026,142.300293,305.9570923,32.78199387,16.67456245,,,,,1.067620039
"GAME MEAT, NFS, TEMPERED, W/ COCONUT MILK",,,,,,,R,,14.36135864,13.70445061,3.984812021,1.237185001,0.501372039,50.21606445,97.18637085,24.85456657,1.959909081,2.211079836,0.057339601,0.1163617,4.391751289,0.142795071,1.4294952,8.648880005,7.246714115,17.97132301,0.339466006,,,0.60552901,142.473877,299.1973877,32.3456192,16.76139641,,,,,0.486526012
"GAME MEAT, NFS, W/ COCONUT MILK",,,,,,,R,,14.1313591,8.744450569,3.434812069,1.237185001,0.501372039,50.21606445,95.58637238,24.85456657,1.799908996,2.141079903,0.055639599,0.1163617,4.319550991,0.139945075,1.4294952,7.368879795,7.022713661,17.97132301,0.339466006,,,0.60552901,142.473877,299.1973877,32.3456192,16.76139641,,,,,0.486526012
GARLIC MURUKKU,100.0,55.0,8.0,25.0,,,S,500.0,,,,,,,,,,,,,,,,,,,,,,,,,,,,,,,
"GARLIC, W/ COCONUT MILK",,,,,,,R,,3.6,5.3,11.4,2.8,7.7,0.0,16.0,16.9,0.85,0.45,0.06,0.1,0.3,0.15,0.0,37.5,3.7,51.0,0.0,1.1,0.1,,,,,,,,,,
GELATIN,,,,,,,S,,,,,,,,,,,,,,,,,,,,,,,,,,,,,,,,
GHEE,,,,,,,S,,0.1,97.6,0.0,,,246.0,1.0,0.0,0.0,0.0,0.0,0.0,0.0,0.0,0.0,0.0,0.0,1233.0,,,,0.0,0.0,0.0,1.0,0.0,922.0,58.42,25.7,4.56,
GINGER BEER,,,,,,,S,,0.0,0.0,7.2,0,0.0,0.0,7.0,7.0,0.0,0.0,0.0,0.0,0.0,0.0,0.0,1.0,1.0,0.0,0.0,0.0,0.0,,,,,,,,,,
GINGER FINGER BISCUIT,4.0,2.8,0.2,0.5,,,S,18.0,,,,,,,,,,,,,,,,,,,,,,,,,,,,,,,
"GINGER, FRESH, GRATED",,,,,,,S,,1.8,0.8,8.1,,,,16.0,43.0,0.6,0.3,0.02,0.03,1.0,0.16,0.0,11.0,5.0,0.0,,,,0.2,34.0,415.0,13.0,,0.0,0.2,0.15,0.15,
"GOAT MEAT, TEMPERED",,,,,,,R,,17.3,7.7,1.1,0.56,0.6,73.9,15.0,23.4,1.97,4.03,0.02,0.08,2.3,0.13,0.65914029,3.5,1.5,21.0,0.2,1.8,0.1,,,,,,,,,,
"GOAT MEAT, TEMPERED & BOILED",,,,,,,R,,17.22886086,9.861896515,0.861999035,0.421905994,0.289084017,72.95541382,35.65383911,19.28949738,1.458037972,4.236588001,0.050160401,0.115010597,4.699228764,0.132093951,0.70622176,2.960155964,1.239903927,8.220515251,0.128779992,,,0.893042028,152.8816071,304.2659912,46.90882111,19.72491837,,,,,0.228132993
GOAT MILK,,,,,,,S,,3.1,3.7,4.4,0,0.0,0.0,100.0,13.0,0.12,0.5,0.03,0.04,0.1,0.06,0.07,1.0,1.0,0.0,0.0,0.0,0.0,,,,,,,,,,
GOLD MARIE BISCUIT,4.0,2.8,0.29,0.4,,,S,17.0,,,,,,,,,,,,,,,,,,,,,,,,,,,,,,,
"GOTUKOLA, FRESH OR WATER-COOKED MALLUM W/SCRAPED COCONUT",,,,,,,R,,1.980798006,14.02437878,3.867722034,8.107066154,2.0613029,0.0,76.43804932,50.19051361,1.564435005,0.924907982,0.0059014,0.068745501,0.666813374,0.214816958,,51.90987396,6.930082321,149.6823425,0.700741053,,,0.588793039,57.1664505,433.2954102,49.49518204,25.26671982,,,,,1.228967071
"GOTUKOLA, TEMPERED",,,,,,,R,,2.0037789,9.9439945,7.3673201,7.563437,3.039211,0.0,111.28839,54.393845,1.865361,0.83533096,0.034765601,0.092845395,0.88768947,0.31266686,,71.710175,15.751106,218.85442,0.81905496,,,0.64472902,48.105164,519.81311,48.745014,18.566034,,190.65891,38.330925,296.06119,3.0104041
"GOTUKOLA, TEMPERED MALLUM W/SCRAPED COCONUT",,,,,,,R,,3.0,20.4,8.8,6.9,0.1,0.0,262.0,52.9,8.05,2.1,46.1,51.13,0.1,0.03,0.0,11.7,8.2,802.0,315.9,1.5,0.4,,,,,,,,,,
"GOURD MALLUM, NFS, TEMPERED, W/ SCRAPED COCONUT",,,,,,,R,,1.886078477,12.56531525,3.826502323,4.548282146,2.183493853,0.0,29.99140739,31.63127518,1.885488391,0.451550961,0.031835709,0.038137067,0.326398939,0.096719451,,22.14988518,12.78101158,32.27933502,0.1689246,,,0.410791755,50.29548645,247.2617493,13.62473869,10.28492641,,,,,0.869563103
GRAPEFRUIT,,,,,,,S,,0.69,0.1,8.41,1.1,,,12.0,9.0,0.06,0.07,0.037,0.02,0.269,0.043,0.0,0.0,33.3,2.0,0.0,,,,,,,,,,,,
"GRAPES,BLACK,SEEDED",,,,,,,S,,0.8,0.3,13.2,1.4,0.0,0.0,11.0,7.5,0.22,0.05,0.03,0.03,0.1,0.11,0.0,8.7,18.3,0.0,0.1,1.5,0.7,,,,,,,,,,
"GRAPES,FLESH ONLY",,,,,,,S,,0.4,0.1,15.4,,,,13.0,,0.3,0.1,0.05,0.01,0.2,0.1,0.0,2.0,3.0,2.8,,,,,,,,,,,,,
"GRAVY WITHOUT COCONUT MILK, THICK",,,,,,,R,,0.41448301,0.144798,1.911255,0.84060001,0.338357,0.0,8.2229643,6.3989339,0.343409,0.072563998,0.00866565,0.004826,0.10613115,0.023493575,,5.3889136,2.9427712,9.1821604,0.033087999,,,0.063597001,9.5830965,60.7859,1.4825001,0.19735301,,23.033009,46.58815,45.755798,1.03749
"GRAVY WITHOUT COCONUT MILK, THIN",,,,,,,R,,0.238683,0.115198,0.92985499,0.55659997,0.255357,0.0,6.6440639,4.555634,0.29530901,0.046364002,0.00478065,0.003591,0.061291151,0.013138575,,2.6085937,2.1123111,7.6411109,0.027788,,,0.029697001,5.7313962,37.485901,0.84810001,0.152353,,16.451609,41.881149,32.9258,0.42368999
"GRAVY, W/ COCONUT MILK, THICK",,,,,,,R,,3.338927,32.381237,8.4664869,0.40838802,0.25002098,0.0,25.991119,3.3283491,2.4149201,0.98705798,0.0274416,0.00240445,1.0358715,0.051791228,,20.104162,4.8531733,5.1101928,0.024800999,,,0.030550001,5.0113192,32.8755,0.58151001,0.138045,,13.423738,5.0746431,23.7925,0.48095399
"GRAVY, W/ COCONUT MILK, THIN",,,,,,,R,,2.5453432,24.428389,6.484479,0.36795598,0.23740499,0.0,20.416855,3.0708609,1.87353,0.74940801,0.0212164,0.00226005,0.78865868,0.040828224,,15.427805,4.0157208,5.1079431,0.024040999,,,0.025686001,4.4519591,29.6227,0.50642198,0.13120501,,12.494865,4.4664907,22.1661,0.39005798
GREEK YOGURT,150.0,4.0,10.0,5.0,,,S,100.0,,,,,,,,,,,,,,,,,,,,,,,,,,,,,,,
"GREEN BEANS, BOILED",,,,,,,R,,1.8,0.5,2.9,2.9,0.8,0.0,34.0,16.0,1.1,0.2,0.06,0.04,1.0,0.06,0.0,57.0,11.0,55.0,0.2,0.0,0.0,,,,,,,,,,
"GREEN BEANS, BOILED, W/ COCONUT MILK",,,,,,,R,,2.3,7.8,5.2,0.8,1.8,0.0,51.0,26.3,1.44,0.38,0.06,0.06,0.5,0.03,0.0,42.2,4.1,55.0,0.3,0.6,0.1,,,,,,,,,,
"GREEN BEANS, TEMPERED",,,,,,,R,,3.154071093,9.680864334,6.327641964,5.089822769,1.52896595,0.0,91.42945862,52.13354874,1.269519925,0.484685004,0.064717799,0.058737554,0.921622574,0.389871448,,31.30495834,11.72020054,59.94416809,0.124403,,,0.386115998,85.48801422,437.1098022,9.427093506,0.285200983,,,,,2.59847784
"GREEN BEANS, TEMPERED, W/ COCONUT MILK",,,,,,,R,,2.9,19.0,7.2,1.1,3.1,0.0,51.0,27.6,1.52,0.42,0.07,0.07,0.5,0.05,0.0,46.1,4.3,64.0,0.4,0.8,0.0,,,,,,,,,,
"GREEN EGG PLANT, TEMPERED",,,,,,,R,,2.3,14.4,9.2,1.3,1.5,0.0,79.0,35.9,2.1,0.76,0.11,0.15,0.2,0.04,0.0,6.3,9.7,152.0,0.2,1.9,0.1,,,,,,,,,,
"GREEN EGG PLANT, TEMPERED, W/ COCONUT MILK",,,,,,,R,,1.9,14.2,6.9,1.011,1.9,0.0,43.0,21.4,1.34,0.41,0.05,0.06,0.1,0.03,0.0,5.3,4.0,84.0,0.1,1.0,0.0,,,,,,,,,,
"GREEN GRAM SPROUTS, BOILED",,,,,,,R,,2.5,0.5,2.8,4.9,1.4,0.0,19.0,14.0,2.2,0.3,0.09,0.05,0.7,0.07,0.0,17.0,2.0,8.0,0.0,0.0,0.0,,,,,,,,,,
"GREEN GRAM, SPLIT, BOILED",,,,,,,R,,7.8436799,0.46592799,17.869513,3.254792,13.756608,0.0,11.167841,39.419521,1.1082796,0.74742043,0.073325001,0.029162399,0.384642,0.045251999,,16.496616,0.0,5.7439871,0.083800003,,,0.60671198,114.6384,305.45099,3.1012704,12.968888,,81.788803,14.239296,191.064,0.419
"GREEN GRAM, SPLIT, BOILED & TEMPERED",,,,,,,R,,8.12660408,5.294236183,19.06662941,3.610351086,14.10596943,0.0,14.08324146,44.16645813,1.232501388,0.82785356,0.089876406,0.037409898,0.470311433,0.069128953,,21.32516479,1.898029923,7.796247959,0.092751004,,,0.669273973,126.2919464,352.496582,3.896575212,13.03497219,,,,,0.995491982
"GREEN GRAM, SPLIT, BOILED & TEMPERED, W/ COCONUT MILK",,,,,,,R,,6.8971877,12.945209,16.256752,2.8779039,10.543738,0.0,37.434052,34.643398,1.51065,0.85365802,0.077163704,0.0297247,0.62208498,0.068474405,,21.34479,3.7421486,12.49484,0.083329998,,,0.50170398,95.971985,275.18039,3.059232,9.836834,,74.894287,15.042606,166.19966,0.78342402
"GREEN GRAM, SPLIT, BOILED, W/ COCONUT MILK",,,,,,,R,,6.8971877,8.1452084,16.256752,2.8779039,10.543738,0.0,37.434052,34.643398,1.51065,0.85365802,0.077163704,0.0297247,0.62208498,0.068474405,,21.34479,3.7421486,12.49484,0.083329998,,,0.50170398,95.971985,275.18039,3.059232,9.836834,,70.522453,14.676366,166.1387,0.78342402
"GREEN GRAM, WHOLE, BOILED",,,,,,,R,,7.6,0.4,15.5,5.7,13.2,0.0,31.0,67.3,1.65,0.9,0.1,0.07,0.5,0.07,0.0,48.8,0.0,8.0,0.1,1.4,0.6,,,,,,,,,,
"GREEN GRAM, WHOLE, BOILED & TEMPERED",,,,,,,R,,11.4,5.5,24.3,9.2,19.4,0.0,50.0,103.2,2.55,1.38,0.15,0.12,0.8,0.12,0.0,76.1,0.6,17.0,0.2,1.5,0.4,,,,,,,,,,
"GREEN GRAM, WHOLE, BOILED & TEMPERED, W/ COCONUT MILK",,,,,,,R,,9.000017166,10.86361885,20.11394882,6.864501953,16.56640244,0.0,72.2194519,46.84481049,1.993404508,1.192224026,0.119146399,0.085404798,0.883354962,0.120121695,,32.26168823,3.783575535,14.44518566,0.159814999,,,0.806468964,117.8376465,354.2409363,5.151568413,9.529382706,,,,,0.883904994
"GREEN GRAM, WHOLE, BOILED, W/ COCONUT MILK",,,,,,,R,,7.6,9.5,16.4,5.5,12.8,0.0,34.0,62.7,1.66,0.84,0.09,0.07,0.5,0.07,0.0,45.4,0.7,21.0,0.1,0.8,0.3,,,,,,,,,,
GREEN LEAF SAMBOL,,,,,,,R,,2.9,12.2,6.5,4,0.5,0.0,136.0,20.6,6.21,0.84,0.03,0.1,0.1,0.04,0.0,14.5,20.7,298.1263,0.8,1.4,0.0,,,,,,,,,,
GUAVA,50.0,9.2,1.0,0.2,,,S,37.0,,,,,,,,,,,,,,,,,,,,,,,,,,,,,,,
"GUAVA,PINK FLESH,RAW",,,,,,,S,,1.2,0.3,9.1,7.4,0.7,0.0,14.0,13.3,0.4,0.21,0.03,0.03,0.6,0.16,0.0,32.2,222.0,0.0,0.1,1.8,0.2,,,,,,,,,,
"GUAVA,WHITE FLESH,RAW",,,,,,,S,,1.4,0.3,5.1,8.6,0.6,0.0,19.0,15.3,0.32,0.23,0.05,0.04,0.6,0.11,0.0,29.8,214.0,50.0,0.1,5.3,0.4,,,,,,,,,,
"GYMNEMA LEAVES, TEMPERED MALLUM W/ SCRAPED COCONUT",,,,,,,R,,4.507966042,19.65065193,4.046452999,7.572259903,1.808789968,0.0,225.6841125,198.1896057,3.629083157,1.639875054,0.0115928,0.1902619,0.743808031,0.229161948,,61.37093735,61.38724899,1134.541504,0.58930999,,,0.663964033,113.5591431,679.7158813,32.14291,28.01921844,,,,,0.805815995
HALAPA,,,,,,,R,,4.6,8.4,55.9,1.3,11.5,0.0,11.0,43.8,1.67,1.06,0.1,0.04,2.2,0.11,0.0,19.2,0.1,0.0,0.5,0.4,0.0,,,,,,,,,,
"HALMASSA ANCHOVY (SPRAT), DRIED",,,,,,,S,,51.16,5.92,,,,171.0,117.8,162.0,3.06,4.2,,0.25,5.72,0.62,2.22,438.0,,,,,,0.63,419.0,694.0,10921.0,354.0,,2497.0,1164.0,1667.0,
"HALMASSA ANCHOVY (SPRAT), DRIED, BOILED",,,,,,,R,,39.681572,4.800508,3.251961,1.668628,0.42186201,130.21651,107.22873,135.11879,2.9397421,3.3203554,0.019263839,0.21377125,4.3496981,0.45754158,1.6060035,304.59558,2.5766902,20.197735,0.048393998,,,0.56287301,334.92786,617.52667,8318.3643,270.55405,,,,,
"HALMASSA ANCHOVY (SPRAT), DRIED, BOILED, W/ COCONUT MILK",,,,,,,R,,18.960007,16.487228,4.9229832,1.249688,0.14838301,57.1824,60.850235,62.102077,2.3412261,1.91831,0.02057342,0.096773647,2.3976698,0.22140388,0.70524961,142.93864,3.0915785,12.202394,0.030092999,,,0.25731599,151.48804,291.45248,3653.2585,119.15868,,,,,
"HALMASSA ANCHOVY (SPRAT), DRIED, FRIED",,,,,,,R,,44.91848,21.737761,0.0,0,0.0,150.138,103.4284,142.23599,2.6866801,3.6875999,0.0,0.21950001,5.0221601,0.48992401,1.46187,346.1076,0.0,0.0,0.0,,,0.55313998,367.88199,609.33197,9588.6377,310.81201,,,,,
"HALMASSA ANCHOVY (SPRAT), DRIED, TEMPERED",,,,,,,R,,27.46488,13.527148,3.4665232,1.31533,0.42163399,89.262001,74.270126,94.238632,1.902095,2.2999809,0.016458999,0.1396694,3.0407991,0.34212285,1.100898,215.55223,7.2564597,14.496631,0.050253998,,,0.45334002,235.14462,462.01151,5702.749,185.18091,,,,,
"HALMASSA ANCHOVY (SPRAT), FRESH, BOILED, W/ COCONUT MILK",,,,,,,R,,13.9,14.9,4.3,0.8,1.8,0.0,109.0,42.6,1.35,1.05,0.01,0.06,1.3,0.03,0.52724999,12.5,3.3,24.0,0.0,0.3,0.0,,,,,,,,,,
"HALMASSA ANCHOVY (SPRAT), FRESH, FRIED",,,,,,,R,,21.216,19.140322,0.0,0,0.0,57.87072,473.28,46.599041,1.5232,2.5023999,0.0,0.19584,6.27776,1.361088,1.3872,59.603905,0.0,0.0,0.0,,,0.15232,105.96032,308.992,94.2752,167.552,,,,,
"HALMASSA ANCHOVY (SPRAT), FRESH, TEMPERED",,,,,,,R,,10.610541,9.9280233,7.403954,3.1937311,2.295512,23.988689,224.05354,39.863735,1.617159,1.306659,0.041597478,0.11386315,2.8369644,0.67886817,0.728365,41.684608,12.896813,43.765598,0.097162001,,,0.39613098,79.395744,343.8779,45.638939,70.477394,,,,,
"HALMASSA ANCHOVY (SPRAT), FRESH, TEMPERED, W/ COCONUT MILK",,,,,,,R,,12.1,21.0,4.3,1.2,2.0,54.9,73.0,32.5,1.33,1.13,0.01,0.11,3.6,0.16,0.9543035,5.6,5.8,106.0,0.4,0.6,0.0,,,,,,,,,,
HAWAIIAN COOKIE,5.0,3.5,0.32,1.1,,,S,25.6,,,,,,,,,,,,,,,,,,,,,,,,,,,,,,,
HELAPA,100.0,80.0,11.0,17.0,,,S,440.0,,,,,,,,,,,,,,,,,,,,,,,,,,,,,,,
HOPPERS,30.0,20.0,3.0,4.0,,,R,120.0,4.6,5.2,55.4,1.8,53.4,0.0,19.0,22.0,1.52,0.97,0.04,0.02,1.8,0.08,0.0,15.7,0.4,0.0,0.1,0.6,0.0,,,,,,,,,,
"HURULLA OR KEERAMIN SARDINELLA, FRESH, BOILED, W/ COCONUT MILK",,,,,,,R,,9.0,4.2,3.1,0.8,1.3,7.8,15.0,17.7,0.87,0.3,0.02,0.03,1.4,0.06,3.401,6.3,2.8,55.0,0.2,1.1,0.6,,,,,,,,,,
"HURULLA OR KEERAMIN SARDINELLA, FRESH, TEMPERED",,,,,,,R,,13.952,21.9984,0.0,0,0.0,9.9840002,23.902399,24.992001,0.15912001,0.27063999,0.074879996,0.0128,0.52288002,0.057599999,6.0799999,8.2828798,0.0,0.0,0.0,,,0.39039999,146.56,233.60001,58.822399,20.4928,,,,,
"HURULLA OR KEERAMIN SARDINELLA, FRESH, TEMPERED, W/ COCONUT MILK",,,,,,,R,,8.5,13.1,4.5,1.3,1.7,6.9,22.0,22.1,1.15,0.34,0.03,0.03,1.3,0.07,0.50824052,9.6,5.9,76.0,0.3,1.0,0.3,,,,,,,,,,
"ICE CREAM, CHOCOLATE",,,,,,,S,,3.3,14.2,22.8,,,,110.0,,0.5,0.4,0.04,0.3,0.2,0.06,0.29,3.0,0.0,2.8,,,,,,,,,,,,,
"ICE CREAM, FRUIT FLAVOR",,,,,,,S,,3.2,8.4,27.6,0.9,,29.0,120.0,14.0,0.21,0.34,0.045,0.255,0.17,0.05,0.3,12.0,7.7,96.0,,,,0.72,100.0,188.0,60.0,1.9,96.0,5.19,,,
"ICE CREAM, VANILLA",,,,,,,S,,2.6,7.7,29.8,0,0.0,0.0,80.0,12.0,0.35,0.2,0.41,0.26,0.2,0.0,0.39,8.0,1.0,0.0,0.6,1.9,0.0,,,,,,,,,,
"ICE CREAM,W/CONE",,,,,,,S,,2.9,7.5,32.0,0,3.3,0.0,80.0,13.0,0.43,0.2,0.14,0.25,0.3,0.0,0.35,8.0,1.0,0.0,0.6,0.0,0.0,,,,,,,,,,
ICED COFFEE,,,,,Breakfast,Yes,S,918.0,,,,,,,,,,,,,,,,,,,,,,,,,,,,,,,
IDIYAPPAM,100.0,40.0,3.0,0.5,,,S,180.0,,,,,,,,,,,,,,,,,,,,,,,,,,,,,,,
"IDLI, MILLET",,,,,,,R,,12.151173,1.564721,54.321392,10.364388,51.386478,0.0,244.70097,126.07495,3.92396,2.3083863,0.20522599,0.10225958,1.0296532,0.06301035,0.0,25.244576,0.0,0.69816858,0.14137,,,1.313658,235.73116,514.38037,22.805834,18.445082,,262.17221,379.1564,524.19342,0.55640399
"IDLI, RICE & DAL",,,,,,,R,,12.656596,1.243006,60.012241,5.1767478,37.265926,0.0,38.46534,72.303955,2.7557981,1.931726,0.081844702,0.04938975,1.3100407,0.13240574,0.0,28.734274,0.0,0.62706554,0.083756998,,,1.366441,168.75444,460.94547,21.558355,10.013376,,226.2789,152.0466,413.74802,0.410748
"IDLI, SEMOLINA",,,,,,,R,,14.088119,1.020926,55.036095,9.5409269,45.72583,0.0,39.037693,69.473656,3.3537521,2.3135655,0.1513644,0.041665275,0.93177009,0.095638052,0.0,22.485723,0.0,0.70749074,0.167265,,,1.639935,164.93423,391.5863,22.303473,9.2730722,,152.48099,107.41427,457.90222,1.214137
"JACK FISH, FRESH, DEEP-FRIED",,,,,,,R,,24.923,11.8855,1.24125,0.54400003,1.0695,53.452,38.857998,48.731499,2.78005,0.83319998,0.069456249,0.11523125,3.1070373,0.10650625,2.371875,7.6210313,0.0,0.20542499,0.078249998,,,1.55525,272.31,410.36252,96.079239,73.824005,,,,,
"JACK FRUIT SEEDS AND VEGETABLE, NFS, TEMPERED",,,,,,,R,,3.823427916,8.870390892,7.61826086,6.518497944,3.499647856,0.0,36.7298317,37.52238464,0.673453808,0.311774999,0.052390605,0.055305548,0.894284785,0.125319749,,49.99983978,13.24593163,16.03080368,0.082246788,,,0.507568359,41.00344849,350.7660828,5.804380417,1.702697515,,,,,1.937668681
"JACK FRUIT SEEDS AND VEGETABLE, NFS, W/ COCONUT MILK",,,,,,,R,,3.690796852,10.43182945,8.269203186,4.772016048,2.61290741,0.0,99.10800934,29.62656212,1.60033226,0.533001125,0.055101529,0.03954947,0.932787836,0.092320301,,39.22044373,9.226873398,24.12059593,0.102913305,,,0.308053792,31.45910263,269.0618896,4.081532955,1.395635247,,,,,1.254726887
"JACK MACKEREL, CANNED, TEMPERED",,,,,,,R,,14.749747,7.388051,2.267751,1.195402,0.79106301,21.83004,118.68902,31.432699,1.907125,1.4535561,0.01292299,0.17462461,0.64134216,0.46040729,1.8209125,42.067554,2.2725194,10.708673,0.047699001,,,0.355896,180.49983,184.7345,51.457966,67.354675,,,,,
"JACK MACKEREL, CANNED, TEMPERED, W/ COCONUT MILK",,,,,,,R,,10.0,17.3,3.2,1,1.5,26.1,21.0,21.1,1.0,0.41,0.07,0.13,5.2,0.18,1.2665401,4.0,3.0,78.0,0.3,1.1,5.8,,,,,,,,,,
"JACK MACKEREL, FRESH, BOILED",,,,,,,R,,11.827334,2.135818,3.251961,1.668628,0.42186201,17.13204,102.30904,29.965414,1.6707323,1.1832354,0.019263839,0.14920625,0.61183774,0.36738858,1.4290375,33.841995,2.5766902,20.197735,0.048393998,,,0.290988,147.13934,176.56567,41.259193,53.385632,,,,,
"JACK MACKEREL, FRESH, BOILED AND TEMPERED, W/ COCONUT MILK",,,,,,,R,,10.0,17.3,3.2,1,1.5,26.1,21.0,21.1,1.0,0.41,0.07,0.13,5.2,0.18,1.2665401,4.0,3.0,78.0,0.3,1.1,5.8,,,,,,,,,,
"JACK MACKEREL, FRESH, BOILED, W/ COCONUT MILK",,,,,,,R,,14.2,14.6,1.8,0.5,1.0,39.5,14.0,22.0,0.85,0.51,0.07,0.18,7.1,0.19,1.7765,2.3,0.4,69.0,0.3,1.0,9.3,,,,,,,,,,
JACKFRUIT,35.0,8.2,0.6,0.2,,,S,33.0,,,,,,,,,,,,,,,,,,,,,,,,,,,,,,,
"JACKFRUIT SEED, TEMPERED, W/ COCONUT MILK",,,,,,,R,,4.224525,14.083085,10.116415,5.0717998,3.7617452,0.0,97.750648,32.021149,1.494935,0.56994998,0.052637301,0.0190285,0.51717907,0.066884153,,31.973072,8.6312618,15.367915,0.083884999,,,0.21107501,25.440689,290.34851,2.80512,0.4237,,110.5752,18.326443,153.27632,1.461275
"JACKFRUIT SEED, W/ COCONUT MILK",,,,,,,R,,4.2,13.3,10.3,5.3,5.2,0.0,36.0,29.0,1.08,0.26,0.03,0.02,0.2,0.03,0.0,30.1,3.7,42.0,0.1,0.9,0.1,,,,,,,,,,
"JACKFRUIT SEEDS, DRY",,,,,,,R,,5.4,13.4,11.3,8.2,7.3,0.0,52.0,39.9,0.93,0.35,0.05,0.05,0.5,0.06,0.0,47.5,8.2,138.0,0.2,2.6,0.2,,,,,,,,,,
"JACKFRUIT, RIPE, RAW",,,,,,,S,,2.7,0.2,14.0,3.6,0.5,0.0,35.0,31.8,0.36,0.14,0.05,0.01,0.4,0.22,0.0,32.2,6.7,0.0,0.1,0.3,0.2,,,,,,,,,,
JAGGERY,,,,,Main Dish,No,S,557.0,0.0,0.0,92.9,0,0.0,0.0,0.0,0.0,2.57,0.0,0.0,0.0,0.0,0.0,0.0,0.0,0.0,0.0,0.0,0.0,0.0,,,,,,,,,,
JAM,,,,,,,S,,0.6,0.0,69.0,0,0.0,0.0,12.0,5.0,0.2,0.1,0.0,0.0,0.0,0.0,0.0,0.0,10.0,0.0,0.0,0.0,0.0,0.02,19.0,77.0,32.0,2.0,0.0,0.01,0.038,0.0,48.5
JAM PAAN,100.0,55.0,7.0,8.0,,,S,300.0,,,,,,,,,,,,,,,,,,,,,,,,,,,,,,,
JELLY JUJUB,4.0,3.4,0.0,0.0,,,S,14.0,,,,,,,,,,,,,,,,,,,,,,,,,,,,,,,
"JUICE, SWEETENED",,,,,,,S,,0.4,0.0,10.3,0,0.0,0.0,7.0,7.0,0.07,0.0,0.17,0.02,0.3,0.06,0.0,11.0,33.0,0.0,0.0,0.0,0.0,,,,,,,,,,
"KANKUN, FRESH OR WATER-COOKED MALLUM W/ SCRAPED COCONUT",,,,,,,R,,3.7,13.1,5.5,4.5,0.1,0.0,92.0,15.9,3.58,0.22,0.04,0.11,0.4,0.03,0.0,10.7,18.3,261.0,0.8,1.3,0.0,,,,,,,,,,
"KANKUN, TEMPERED",,,,,,,R,,2.6,3.9,4.0,2,0.6,0.0,84.0,10.2,3.07,0.09,0.05,0.12,0.7,0.03,0.0,5.8,23.4,281.0,0.1,1.4,0.1,,,,,,,,,,
"KANKUN, TEMPERED MALLUM W/ SCRAPED COCONUT",,,,,,,R,,4.0,19.9,5.7,5,0.1,0.0,99.0,16.8,3.86,0.24,0.04,0.11,0.5,0.03,0.0,11.4,18.7,282.0,1.0,1.3,0.0,,,,,,,,,,
"KATHURUMURUNGA, FRESH OR WATER-COOKED MALLUM W/ SCRAPED COCONUT",,,,,,,R,,7.0,8.9,6.1,8.8,2.9,0.0,688.0,84.4,3.63,0.55,0.14,0.22,0.7,0.12,0.0,98.6,1.8,1593.0,1.9,1.6,2.1,,,,,,,,,,
"KATHURUMURUNGA, TEMPERED MALLUM W/SCRAPED COCONUT",,,,,,,R,,6.1,12.7,5.6,7.9,2.5,0.0,588.0,73.2,3.15,0.49,0.12,0.19,0.6,0.11,0.0,85.2,1.9,1359.0,1.7,1.6,1.5,,,,,,,,,,
KAVUM,,,,,Side Dish,Yes,S,600.0,,,,,,,,,,,,,,,,,,,,,,,,,,,,,,,
"KENDA, FINGER MILLET",,,,,,,R,,2.5487068,13.867081,11.381498,1.4856118,5.7235174,0.0,32.652157,15.039546,1.4581234,0.62726575,0.041737724,0.019885127,0.6119169,0.0684973,0.0,16.164854,2.9191108,6.3755531,0.03135138,,,0.17419195,28.882883,86.428879,1.8610671,0.99358928,,38.437717,48.486828,66.384285,1.4212532
"KENDA, LEAFY VEGETABLE & RICE",,,,,,,R,,1.4,0.3,11.6,0.8,9.8,0.0,83.0,51.1,2.52,0.59,13.51,14.96,0.6,0.0,0.0,0.0,2.0,235.0,92.1,0.3,0.5,,,,,,,,,,
KIBULA BANIS,50.0,30.0,3.0,4.0,,,S,175.0,,,,,,,,,,,,,,,,,,,,,,,,,,,,,,,
"KIDNEY BEANS, BOILED & TEMPERED",,,,,,,R,,7.690844059,5.297588348,15.97943687,0.355558991,13.08696175,0.0,32.52494049,45.02121735,1.992735028,0.942492008,0.160268411,0.056181099,0.570871413,0.11940895,,31.00121498,2.836589813,2.317739248,0.183254987,,,0.324018002,135.8451385,394.0614014,6.354931831,5.429284096,,,,,0.576492012
"KIDNEY BEANS, BOILED & TEMPERED, W/ COCONUT MILK",,,,,,,R,,10.3,9.3,21.8,10.9,17.6,0.0,55.0,73.0,3.35,1.4,0.19,0.08,2.2,0.13,0.0,60.4,3.0,30.0,0.3,1.3,1.0,,,,,,,,,,
"KIDNEY BEANS, BOILED, W/ COCONUT MILK",,,,,,,R,,10.3,3.9,21.8,10.9,17.6,0.0,55.0,73.0,3.36,1.4,0.19,0.08,2.2,0.13,0.0,60.3,3.0,31.0,0.3,1.2,1.3,,,,,,,,,,
KIRI HODHI,,,,,Lunch,No,S,245.0,,,,,,,,,,,,,,,,,,,,,,,,,,,,,,,
KIRI HODHI,,,,,Snack,No,S,247.0,,,,,,,,,,,,,,,,,,,,,,,,,,,,,,,
KIRI HODI,100.0,4.0,1.0,9.0,,,S,100.0,,,,,,,,,,,,,,,,,,,,,,,,,,,,,,,
KIRIBATH,100.0,16.0,1.9,7.0,Breakfast,No,S,150.0,,,,,,,,,,,,,,,,,,,,,,,,,,,,,,,
KIRIBATH,100.0,16.0,1.9,7.0,Lunch,No,S,150.0,,,,,,,,,,,,,,,,,,,,,,,,,,,,,,,
"KOHLRABI, BOILED, W/ COCONUT MILK",,,,,,,R,,3.150048,16.464243,6.1917391,2.7848771,0.74612302,0.0,115.90562,20.288019,1.6213369,0.63488299,0.060731199,0.053311151,0.87506306,0.1761965,,20.877323,48.818405,9.7819414,0.176911,,,0.330037,40.096474,308.02829,22.681339,0.24446499,,99.546188,32.921371,151.8131,0.23944899
KOKIS,,,,,Side Dish,Yes,S,420.0,,,,,,,,,,,,,,,,,,,,,,,,,,,,,,,
KOLA KENDA,,,,,Dessert,No,S,438.0,,,,,,,,,,,,,,,,,,,,,,,,,,,,,,,
KOLA MALLUM,50.0,5.0,1.0,5.0,,,S,80.0,,,,,,,,,,,,,,,,,,,,,,,,,,,,,,,
KOLUKKATTA / MOTHAGAM,,,,,,,R,,7.272830009,5.182547092,37.12477493,3.289150953,20.55449104,0.0,25.90342522,36.56858444,1.761094332,0.843169808,0.080696225,0.035573587,0.495792478,0.134200007,,16.37704468,0.0,3.6836133,0.093603775,,,0.560735881,97.80188751,272.8717041,5.634320736,10.31858444,,,,,0.574547172
KOTMALE VANILLA MILK,,21.0,3.4,3.0,,,S,124.0,,,,,,,,,,,,,,,,,,,,,,,,,,,,,,,
KOTTU,,,,,Side Dish,Yes,S,327.0,,,,,,,,,,,,,,,,,,,,,,,,,,,,,,,
KUKUL MAS CURRY,,,,,Breakfast,Yes,S,490.0,,,,,,,,,,,,,,,,,,,,,,,,,,,,,,,
KUKUL MAS CURRY,,,,,Breakfast,No,S,322.0,,,,,,,,,,,,,,,,,,,,,,,,,,,,,,,
"KUNISSA SHRIMP, FRESH, TEMPERED",,,,,,,R,,12.588754,15.32516,8.9233294,3.2072918,2.161869,50.175961,51.852383,53.711273,1.1377699,1.052865,0.056299951,0.055190001,1.142831,0.20503834,0.3508065,31.001633,15.64043,53.132305,0.087438002,,,1.6024081,160.21291,347.8009,141.1456,33.948509,,,,,
"KUNISSA SHRIMP, FRESH, TEMPERED, W/ COCONUT MILK",,,,,,,R,,10.6,9.4,3.4,1.5,1.5,45.7,42.0,40.4,1.16,0.84,0.03,0.03,0.7,53.77,0.3196215,998.5,5.7,54.0,2.1,1.3,0.3,,,,,,,,,,
KURAKKAN ROTI,,,,,Dessert,No,S,567.0,,,,,,,,,,,,,,,,,,,,,,,,,,,,,,,
KURAKKAN ROTI,,,,,Side Dish,No,S,569.0,,,,,,,,,,,,,,,,,,,,,,,,,,,,,,,
KURUMBA,650.0,8.9,2.2,4.1,,,S,75.0,,,,,,,,,,,,,,,,,,,,,,,,,,,,,,,
"LADDU,SEMOLINA",,,,,,,R,,4.2,17.9,60.0,4,18.6,0.0,16.0,19.4,1.23,0.81,0.07,0.02,0.3,0.03,0.0,10.1,0.0,0.0,0.3,0.9,0.0,,,,,,,,,,
"LADIES FINGERS AND DRIED FISH, TEMPERED",,,,,,,R,,17.000872,9.0506897,5.5440121,4.3181362,1.520384,37.148094,108.70194,86.623604,2.0257835,1.2897202,0.047958251,0.13438714,1.8357102,0.4738175,0.84179956,125.97701,16.022579,28.040438,0.405884,,,0.50824261,156.04526,494.03833,2888.9397,117.74208,,,,,
"LADIES FINGERS AND DRIED FISH, TEMPERED, W/ COCONUT MILK",,,,,,,R,,8.5,18.9,6.1,2.3,2.6,15.4,57.0,44.3,1.29,0.44,0.05,0.07,1.1,0.16,0.31178904,28.0,7.1,41.0,0.5,0.8,0.1,,,,,,,,,,
"LADIES FINGERS, TEMPERED",,,,,,,R,,3.3,11.7,10.6,6.5,2.1,0.0,98.0,81.2,1.93,0.69,0.07,0.1,1.1,0.24,0.0,75.0,21.4,109.0,0.7,2.1,0.3,,,,,,,,,,
"LADIES FINGERS, TEMPERED, W/ COCONUT MILK",,,,,,,R,,2.9,15.8,7.5,4.5,2.9,0.0,86.0,62.8,1.97,0.5,0.03,0.06,0.5,0.13,0.0,49.5,11.1,71.0,0.5,1.5,0.2,,,,,,,,,,
"LADIES FINGERS, W/ COCONUT MILK",,,,,,,R,,2.2,10.2,5.6,3.1,2.1,0.0,62.0,46.3,1.23,0.35,0.02,0.04,0.3,0.1,0.0,37.6,8.2,41.0,0.3,0.9,0.2,,,,,,,,,,
"LASIA STEM, RAW",,,,,,,S,,4.1,0.83,2.03,4.05,1.82,,19.5,20.32,0.25,0.3,,0.02,0.1,0.17,,56.76,5.56,300.0,0.02,,,0.54,12.77,120.0,13.87,6.68,,269.0,27.64,368.0,0.02
"LASIA STEM, TEMPERED MALLUM W/ SCRAPED COCONUT",,,,,,,R,,0.7,5.6,8.0,0.8,0.1,0.0,166.0,22.2,1.21,9.48,0.02,0.04,0.0,0.01,0.0,2.7,7.2,51.0,0.2,1.1,0.0,,,,,,,,,,
"LASIA STEM, W/ COCONUT MILK",,,,,,,R,,1.1,5.6,7.2,0.7,1.3,0.0,109.0,18.2,1.19,5.74,0.02,0.03,0.1,0.02,0.0,3.5,5.5,57.0,0.0,0.7,0.1,,,,,,,,,,
LAVARIYA,100.0,65.0,4.0,10.0,,,R,310.0,4.064278126,4.335048199,44.74222183,1.110843897,2.576849461,0.0,28.83132935,10.25750828,1.698128223,0.72465688,0.048479531,0.025168478,0.750081301,0.189755365,,10.91814137,0.0,1.046268106,0.036195289,,,0.142302543,25.93286324,75.8353653,2.700310469,3.899514198,,,,,0.083737321
"LEAFY GREENS, NFS, AND DRIED FISH, NFS, TEMPERED",,,,,,,R,,21.131659,7.5486746,6.2669487,5.2783079,2.5838006,45.351917,161.27927,99.742531,3.3043323,1.7166394,0.048267305,0.19031994,2.0789416,0.56163645,1.0277034,138.44347,27.646551,508.65421,0.28023785,,,0.65372384,175.88454,615.82806,3532.2305,150.85909,,,,,
"LEAVES, NFS, BOILED, W/ COCONUT MILK",,,,,,,R,,4.222723007,14.10889912,6.885292053,4.184862137,1.555563807,0.0,221.6204071,55.07598114,3.086734533,1.063493013,0.054128677,0.138166308,0.967351317,0.29992336,,46.06773758,27.4624939,745.2289429,0.284219116,,,0.312786549,48.49850464,332.1577454,15.87665272,10.0647459,,,,,0.7910344
"LEAVES, NFS, FRESH OR WATER-COOKED MALLUM, W/ SCRAPED COCONUT",,,,,,,R,,4.557992458,12.14378643,5.335762501,7.945581436,2.988070488,0.0,163.4723816,78.74659729,2.922147989,1.124038935,0.039828822,0.178876922,0.735677063,0.376783371,,55.44017792,37.2275238,816.8736572,0.447599977,,,0.640477777,87.13192749,492.8413696,30.98288345,21.46967125,,,,,1.140944362
"LEAVES, NFS, TEMPERED",,,,,,,R,,4.289451599,5.68130064,6.499809265,5.976947784,3.34094429,0.0,174.7946014,74.15625763,3.050265789,0.939578474,0.05336003,0.195261538,0.768937826,0.416922092,,59.84657288,43.00003052,905.7293091,0.377484858,,,0.552826285,72.58129883,479.1144714,21.55625153,12.92704201,,,,,1.685518622
"LEAVES, NFS, TEMPERED MALLUM, W/ SCRAPED COCONUT",,,,,,,R,,4.335134506,16.86618614,5.136384964,7.478957176,2.836349487,0.0,157.5724182,75.05489349,2.789301157,1.06170702,0.038768616,0.17165722,0.706038594,0.36212039,,53.33901215,35.98104477,786.9041138,0.424245447,,,0.60448879,82.21939087,469.5899963,29.01511192,20.00581932,,,,,1.128360033
"LEEKS AND DRIED FISH, TEMPERED",,,,,,,R,,17.4,6.5,5.6,0.2,0.5,0.0,109.0,14.4,7.56,1.39,0.07,0.06,4.5,0.0,0.9499796,1.4,8.6,32.0,0.0,1.0,1.3,,,,,,,,,,
"LEEKS AND POTATO, W/ COCONUT MILK",,,,,,,R,,3.6,18.2,13.0,,,,37.4,,2.5,0.8,0.16,0.03,0.76,0.26,0.0,54.45,8.2,89.26,,,,,,,,,,,,,
"LEEKS, FRESH OR WATER-COOKED MALLUM W/ SCRAPED COCONUT",,,,,,,R,,2.5,12.1,6.2,3.4,0.4,0.0,45.0,20.4,0.79,0.22,0.04,0.04,0.3,0.11,0.0,35.5,3.6,3.0,1.1,1.3,0.0,,,,,,,,,,
"LEEKS, TEMPERED",,,,,,,R,,2.851191044,11.89799595,10.31424999,4.126073837,4.322883129,0.0,45.92801285,29.46445465,2.316802979,0.575586021,0.033570051,0.035366599,0.727843463,0.237904698,,42.09104156,16.81974602,76.7702179,0.47212702,,,0.457247019,56.61819077,421.0506897,19.53344727,4.763164997,,,,,3.998188019
"LEEKS, TEMPERED MALLUM W/ SCRAPED COCONUT",,,,,,,R,,1.9,8.8,5.0,0.4,0.7,0.0,42.0,9.8,0.4,0.06,0.04,0.03,0.4,0.11,0.0,27.2,4.4,4.0,0.3,0.7,0.0,,,,,,,,,,
"LEEKS, W/ COCONUT MILK",,,,,,,R,,3.3,25.2,11.3,1.7,3.0,0.0,59.0,23.1,1.6,0.2,0.03,0.02,0.3,0.09,0.0,28.2,4.0,22.0,0.3,0.3,0.0,,,,,,,,,,
"LEGUME MALLUM, NFS, TEMPERED, W/ SCRAPED COCONUT",,,,,,,R,,11.96407795,14.35409927,23.74410057,6.656666756,19.12242126,0.0,26.19913864,40.14735413,2.881800413,1.593084455,0.094745673,0.061946869,0.609387636,0.089798152,,20.79128647,0.0,0.84943682,0.230671316,,,0.83606112,146.7363586,329.2052612,34.7702713,36.49905777,,,,,0.819954097
"LEGUME MALLUM, NFS, W/ SCRAPED COCONUT",,,,,,,R,,12.53009319,7.228633404,24.77280617,7.17110014,19.96100235,0.0,27.48178101,42.95594025,3.036232233,1.685214758,0.098518148,0.065634683,0.641223431,0.096060455,,21.98209381,0.0,0.8832587,0.249870434,,,0.888890982,155.0947876,350.8377075,37.22406769,38.79892731,,,,,0.852602065
"LEGUMES AND LEAFY GREENS, NFS, W/ COCONUT MILK",,,,,,,R,,9.487352371,7.470448494,18.49509048,5.507285595,12.78387928,0.0,104.1650162,50.40777206,3.29744339,1.506271601,0.094115093,0.11086192,0.909292042,0.212395653,,37.99980164,15.24610233,370.3963623,0.248769522,,,0.641195416,115.1189499,365.6530457,27.31802177,25.10972214,,,,,1.078934908
"LEGUMES AND VEGETABLE, NFS, TEMPERED",,,,,,,R,,9.392623901,5.262973309,18.87472916,6.245176792,13.97038937,0.0,35.13796997,41.03679276,2.492168665,1.189386487,0.108839102,0.085689679,1.157539368,0.143628463,,45.76593781,7.243593216,13.99197006,0.174828559,,,0.816882193,128.3092194,365.6378479,24.92850876,23.768013,,,,,1.54131794
"LEGUMES AND VEGETABLE, NFS, TEMPERED, W/ COCONUT MILK",,,,,,,R,,7.775320053,16.21855736,16.11279297,4.176191807,10.19503975,0.0,47.47312546,27.07975006,2.558449984,1.189436078,0.081325985,0.054553051,1.054738164,0.099473275,,32.14147949,4.299917698,10.82957077,0.129298121,,,0.534080803,86.31302643,237.4221497,17.64828682,17.26502419,,,,,0.839368224
"LEGUMES AND VEGETABLE, NFS, W/ COCONUT MILK",,,,,,,R,,7.751879692,11.76556969,16.0850544,4.125256062,10.18575668,0.0,47.13588715,26.80116272,2.551018953,1.187498212,0.08088094,0.053756244,1.03996408,0.098107331,,31.57051086,4.193703651,10.54722595,0.128329471,,,0.52839762,85.89043427,234.8513947,17.57964706,17.23367119,,,,,0.830489159
"LEGUMES AND WHITE ROOT/TUBER, NFS, W/ COCONUT MILK",,,,,,,R,,7.492612839,11.75051689,18.94931602,3.637251377,12.78822422,0.0,42.81030655,25.92764473,2.533285141,1.198969483,0.082643002,0.037526734,0.859033465,0.083354853,,22.10919189,5.297367573,4.549303532,0.129205599,,,0.456864268,87.76122284,274.0499268,17.53322983,16.61045647,,,,,0.842111111
"LEGUMES, NFS, AND DRIED FISH, NFS, LIGHT TEMPERED, W/ COCONUT MILK",,,,,,,R,,12.702579,10.481936,13.713758,2.9799318,9.0135889,15.973001,36.620445,36.344887,2.2857559,1.3439181,0.062800176,0.058325388,1.131766,0.17605425,0.28575665,52.696575,3.5046034,2.4490306,0.09429311,,,0.4861306,114.02755,261.7019,1254.0615,65.281143,,,,,
"LEGUMES, NFS, AND DRIED FISH, NFS, TEMPERED",,,,,,,R,,15.670551,9.6190367,13.709994,4.0850639,9.175931,24.264782,47.674194,53.789967,2.4841068,1.4029572,0.075536072,0.085907422,1.332842,0.25124729,0.54985547,73.918213,8.6681585,27.262997,0.13027094,,,0.6077978,149.88196,392.50699,1899.7659,91.378082,,,,,
"LEMON OR LIME JUICE,FRESH, W/ WATER & SUGAR",,,,,,,R,,0.03074473,0.063151337,0.89893711,0,0.0,0.0,1.8666689,0.77692759,0.010945885,0.005845307,0.003323755,0.000885538,0.007478448,0.003323755,0.0,1.191566,4.074923,0.035730362,0.003323755,,,0.008309386,0.83343142,11.971264,0.080981888,0.001724198,,17.532804,3.9660699,28.999758,0.21853685
"LEMON OR LIME JUICE,FRESH, W/ WATER (NO SWEETENER)",,,,,,,S,,0.4,0.8,7.0,0,0.0,0.0,23.0,8.9,0.12,0.08,0.04,0.01,0.0,0.03,0.0,12.4,48.2,0.0,0.1,7.0,2.2,,,,,,,,,,
LEMON PUFF,13.0,8.7,0.7,2.3,Dinner,Yes,S,59.0,,,,,,,,,,,,,,,,,,,,,,,,,,,,,,,
LEMON-LIME SODA,,,,,,,S,,0.0,0.0,7.2,0,0.0,0.0,7.0,7.0,0.0,0.0,0.0,0.0,0.0,0.0,0.0,1.0,1.0,0.0,0.0,0.0,0.0,,,,,,,,,,
"LIME JUICE,FRESH, W/ SODA & SWEETENER",,,,,,,R,,0.054841947,0.021604404,0.70200467,0.15954022,0.046532564,0.0,2.1633141,1.2671814,0.010114947,0.004183429,0.004985632,0.000885538,0.017449711,0.004154693,0.0,1.0054357,3.1617215,0.029913791,0.028251912,,,0.020773465,1.6170065,16.624519,0.070179686,0.035792682,,6.7846136,3.166707,7.3313713,0.28335008
"LIME JUICE,FRESH,RAW (100% JUICE)",,,,,,,S,,0.4,0.1,1.6,0,0.0,0.0,9.0,6.0,0.0,0.1,0.02,0.01,0.1,0.04,0.0,0.0,38.0,0.0,0.0,0.0,0.0,,,,,,,,,,
LIME PICKLE,,,,,,,R,,1.014500022,0.377700001,11.22980022,2.754799843,1.011000037,0.0,34.83000183,21.22500038,0.292400002,0.097499996,0.070710003,0.02458,0.441029996,0.082940005,,11.58334064,40.51224899,5.879199982,0.4005,,,0.314900011,27.62599945,264.7200012,2.204900026,0.92080003,,,,,3.797499895
"LIQUOR, ARAK",,,,,,,S,,0.0,0.0,0.0,0,0.0,0.0,0.0,0.0,0.0,0.0,0.0,0.0,0.0,0.0,0.0,0.0,0.0,0.0,0.0,0.0,0.0,,,,,,,,,,
"LIQUOR, HARD (>35% ABV), NON-SPECIFIC",,,,,,,S,,0.0,0.0,0.0,0,0.0,0.0,0.0,0.0,0.0,0.0,0.0,0.0,0.0,0.0,0.0,0.0,0.0,0.0,0.0,0.0,0.0,,,,,,,,,,
"LIQUOR, KASIPPU",,,,,,,S,,0.0,0.0,0.0,0,0.0,0.0,0.0,0.0,0.0,0.0,0.0,0.0,0.0,0.0,0.0,0.0,0.0,0.0,0.0,0.0,0.0,,,,,,,,,,
"LIQUOR, TODDY, COCONUT",,,,,,,S,,0.0,0.0,0.0,0,0.0,0.0,0.0,0.0,0.0,0.0,0.0,0.0,0.0,0.0,0.0,0.0,0.0,0.0,0.0,0.0,0.0,,,,,,,,,,
"LIQUOR, TODDY, KITUL",,,,,,,S,,0.0,0.0,0.0,0,0.0,0.0,0.0,0.0,0.0,0.0,0.0,0.0,0.0,0.0,0.0,0.0,0.0,0.0,0.0,0.0,0.0,,,,,,,,,,
"LIQUOR, TODDY, PALMYRA",,,,,,,S,,0.0,0.0,0.0,0,0.0,0.0,0.0,0.0,0.0,0.0,0.0,0.0,0.0,0.0,0.0,0.0,0.0,0.0,0.0,0.0,0.0,,,,,,,,,,
"LIVER,CALF,TEMPERED",,,,,,,R,,21.783152,8.5134249,3.5913889,1.973474,2.1231713,271.56497,28.833454,31.449528,19.10079,7.0646896,0.17087762,0.34342039,13.033937,0.059656713,45.923389,5.4229245,1.4118766,13.038739,0.70316225,,,0.12874687,355.47153,421.00232,55.689655,30.827974,,,,,
"LOBSTER, FRESH, TEMPERED",,,,,,,R,,9.4653082,5.1821351,1.564873,1.046944,0.31004101,19.939823,40.925339,31.225721,0.435267,1.009761,0.01616984,0.02481525,1.0065629,68.091476,0.57569999,874.98462,2.6063035,16.797201,0.27900299,,,0.67190301,137.08945,213.05701,94.303993,34.337997,,,,,
"LONG BEANS, BOILED",,,,,,,R,,2.7588961,0.24632999,1.633989,4.3600411,0.68972403,0.0,34.573593,25.874092,0.79024541,0.063203603,0.0,0.048034351,2.6295729,0.079030871,,55.413166,5.6826277,0.0,0.057477001,,,0.79646701,38.966942,224.65295,4.2590456,2.2005479,,100.1742,7.2174692,89.499901,0.80467802
"LONG BEANS, BOILED, W/ SCRAPED COCONUT",,,,,,,R,,4.112419128,6.987197876,5.007697105,7.260684013,1.992272019,0.0,46.48290253,43.88634109,1.432092071,0.354945004,0.016896799,0.072641745,3.125458956,0.149417892,,75.38471985,9.535747528,9.983178139,0.168342993,,,1.065338969,75.85352325,396.7096863,13.38389969,8.339692116,,,,,2.075737953
"LONG BEANS, TEMPERED",,,,,,,R,,3.622668028,8.095222473,5.111824036,5.759171009,1.528023958,0.0,45.98135757,36.88317871,1.197458982,0.179044008,0.0192768,0.065454997,3.104708195,0.13879405,,75.03614807,9.933697701,9.992697716,0.10407,,,0.955498993,61.40362167,354.0,6.492865086,2.641894102,,,,,2.494338036
"LONG BEANS, TEMPERED, W/ COCONUT MILK",,,,,,,R,,4.4,25.3,14.0,2.9,3.8,0.0,72.0,55.5,1.86,0.53,0.09,0.12,0.7,0.08,0.14788079,53.8,8.5,109.0,0.2,1.1,0.1,,,,,,,,,,
"LONG BEANS, TEMPERED, W/ SCRAPED COCONUT",,,,,,,R,,4.112419128,14.67719841,5.007697105,7.260684013,1.992272019,0.0,46.48290253,43.88634109,1.432092071,0.354945004,0.016896799,0.072641745,3.125458956,0.149417892,,75.38471985,9.535747528,9.983178139,0.168342993,,,1.065338969,75.85352325,396.7096863,13.38389969,8.339692116,,,,,2.075737953
"LONG BEANS, W/ COCONUT MILK",,,,,,,R,,2.7,10.2,8.5,1.1,2.2,0.0,42.0,33.5,0.93,0.33,0.05,0.06,0.3,0.02,0.0,36.2,1.1,68.0,0.0,0.9,0.0,,,,,,,,,,
"LOTUS ROOT, W/ COCONUT  MILK",,,,,,,R,,2.2,11.8,10.1,3,8.0,0.0,33.0,21.6,2.08,0.3,0.03,0.04,0.4,0.06,0.0,13.9,5.8,127.0,0.3,1.9,0.3,,,,,,,,,,
"LOTUS SEED, DRY",,,,,,,S,,,,,,,,,,,,,,,,,,,,,,,,,,,,,,,,
LUNU MIRIS,10.0,1.43,0.87,0.04,Snack,No,S,12.0,,,,,,,,,,,,,,,,,,,,,,,,,,,,,,,
"MAIZE KERNELS, BOILED",,,,,,,R,,2.8167579,1.151034,22.028732,3.2378681,14.261592,0.0,4.7369509,36.547199,0.62839699,0.81991923,0.1080849,0.10036455,0.92527223,0.36028299,,41.272991,2.9517472,6.6619601,0.084221996,,,0.402394,153.28404,154.12627,2.0536132,2.4705119,,97.323196,134.7552,332.20901,1.366268
"MAIZE KERNELS, FRIED",,,,,,,R,,5.6630058,6.8879528,23.356232,5.7657032,11.678116,0.0,9.5654917,50.923042,0.67486602,0.99762797,0.1247035,0.1951243,1.4920408,0.40932089,,65.993095,8.3925457,14.365843,0.132039,,,0.49881399,162.8481,437.1958,3.212949,5.5016251,,183.34894,257.10797,425.51984,6.8660278
"MAIZE ON THE COB, BOILED",,,,,,,R,,2.8167579,1.151034,22.028732,3.2378681,14.261592,0.0,4.7369509,36.547199,0.62839699,0.81991923,0.1080849,0.10036455,0.92527223,0.36028299,,41.272991,2.9517472,6.6619601,0.084221996,,,0.402394,153.28404,154.12627,2.0536132,2.4705119,,97.323196,134.7552,332.20901,1.366268
"MAIZE ON THE COB, ROASTED",,,,,,,R,,4.053,1.5015,16.716,4.1265001,8.3579998,0.0,7.2460003,36.445499,0.495,0.71799999,0.094499998,0.13965,1.127175,0.30922499,,53.978401,6.006525,10.8864,0.094499998,,,0.35699999,116.55,312.89999,2.2995,3.9375,,128.10001,183.75,304.5,4.914
"MALDIVES FISH, DRY",,,,,,,S,,61.32,6.26,,,,98.44,51.12,133.0,3.44,3.02,,0.18,3.19,2.99,5.64,352.0,,,,,,0.31,461.0,804.0,10612.0,811.0,,2713.0,1537.0,1379.0,
"MALTED DRINK MIX, POWDER ONLY",,,,,,,S,,8.7,8.7,73.9,0,0.0,22.0,435.0,0.0,11.7,0.0,0.0,1.11,17.4,1.74,0.8,0.0,52.2,0.0,0.0,0.0,0.0,1.5,470.0,1191.0,400.0,,0.0,3.8,,,
"MALTED DRINK, BOTTLED, READY-TO-DRINK",,,,,,,S,,3.4,1.4,10.0,0,0.0,0.0,160.0,0.0,1.0,0.0,0.0,0.2,1.3,0.2,0.42,0.0,0.0,0.0,0.0,0.0,0.0,,,,,,,,,,
"MALTED DRINK, FROM POWDER",,,,,,,S,,0.665,0.723333333,9.625,0,0.0,0.0,40.71666667,7.816666667,0.07,0.595,0.042,0.106166667,0.571666667,0.019833333,0.42,2.1,0.0,0.0,0.0,0.0,0.0,0.0,0.0,0.0,0.0,0.0,0.0,0.0,0.0,0.0,0.0
MALU PAN,,,,,Dinner,Yes,S,390.0,,,,,,,,,,,,,,,,,,,,,,,,,,,,,,,
MANDARIN,,,,,,,S,,0.81,0.31,13.3,1.8,0.0,0.0,37.0,12.0,0.15,0.07,0.058,0.036,0.376,0.078,0.0,16.0,26.7,34.0,0.0,,,,,,,,,,,,
MANGO CHUTNEY,100.0,15.0,0.5,0.0,,,S,60.0,,,,,,,,,,,,,,,,,,,,,,,,,,,,,,,
MANGO CHUTNEY WITH SUGAR,100.0,50.0,0.5,0.0,,,S,200.0,,,,,,,,,,,,,,,,,,,,,,,,,,,,,,,
MANGO JUICE,,,,,Beverage,Yes,S,656.0,,,,,,,,,,,,,,,,,,,,,,,,,,,,,,,
MANGO JUICE,,,,,Snack,No,S,909.0,,,,,,,,,,,,,,,,,,,,,,,,,,,,,,,
"MANGO JUICE, UNSWEETENED (100% JUICE)",,,,,,,S,,0.1,0.2,9.8,,,,2.0,,1.5,0.0,0.01,0.01,0.5,0.0,0.0,0.0,25.0,35.0,,,,,,,,,,,,,
"MANGO, GREEN",,,,,,,S,,0.7,0.1,10.6,3,5.8,0.0,27.0,17.5,0.4,0.09,0.02,0.02,0.3,0.13,0.0,25.9,90.2,0.0,0.9,0.4,0.3,,,,,,,,,,
"MANGO, SEMI-RIPE",,,,,,,S,,0.6,0.35,9.4,2.45,2.9,0.0,21.5,15.45,0.455,0.105,0.025,0.03,0.3,0.125,0.0,43.0,61.6,97.5,0.6,0.55,1.35,,,,,,,,,,
"MANGO, SEMI-RIPE, BOILED AND TEMPERED CURRY",,,,,,,R,,1.648000956,5.597820759,10.7886982,3.905819893,4.668174267,0.0,104.0413513,25.20288277,1.029806018,0.207664996,0.04792555,0.040376551,0.423140943,0.135108992,,18.12164116,43.80470276,27.82380676,0.498062015,,,0.235431999,32.35048294,237.6157074,21.31515121,0.783703983,,,,,2.955282927
"MANGO, SEMI-RIPE, BOILED CURRY",,,,,,,R,,1.648000956,8.597821236,10.7886982,3.905819893,4.668174267,0.0,104.0413513,25.20288277,1.029806018,0.207664996,0.04792555,0.040376551,0.423140943,0.135108992,,18.12164116,43.80470276,27.82380676,0.498062015,,,0.235431999,32.35048294,237.6157074,21.31515121,0.783703983,,,,,2.955282927
"MANGO, SEMI-RIPE, BOILED CURRY, W/ COCONUT MILK",,,,,,,R,,2.269304037,13.39301777,11.75326729,2.669825077,3.909528971,0.0,93.98002625,16.93261337,1.593987942,0.51157403,0.038244501,0.023635751,0.667488933,0.122409075,,21.88140488,41.69528198,17.43331146,0.463197023,,,0.151781008,19.14731407,151.2393036,20.85454559,0.325395018,,,,,2.272267103
"MANGO,RIPE",,,,,,,S,,0.5,0.6,8.2,1.9,0.0,0.0,16.0,13.4,0.51,0.12,0.03,0.04,0.3,0.12,0.0,43.0,33.0,195.0,0.3,0.7,2.4,,,,,,,,,,
"MANGOSTEEN, RAW",,,,,,,S,,0.6,0.2,11.4,1.9,0.5,0.0,5.0,12.0,0.28,0.21,0.01,0.01,0.6,0.18,0.0,13.5,26.3,0.0,0.1,0.4,1.3,,,,,,,,,,
"MANILA TAMARIND, RAW",,,,,,,S,,3.6,1.1,13.5,4.4,0.5,0.0,9.0,33.0,0.71,0.56,0.18,0.14,0.4,0.04,0.0,4.2,55.8,0.0,0.4,0.1,0.2,,,,,,,,,,
MARGARINE,,,,,,,S,,0.2,81.6,1.0,,,,4.0,,0.3,0.0,0.0,0.0,0.0,0.0,0.0,0.0,0.0,844.0,,,,,,,,,,,,,
MARIE BISCUIT,4.0,2.8,0.29,0.4,,,S,17.0,,,,,,,,,,,,,,,,,,,,,,,,,,,,,,,
MARMALADE,,,,,,,S,,0.1,0.0,69.5,0,0.0,0.0,26.0,3.0,0.2,0.1,0.0,0.0,0.0,0.0,0.0,5.0,10.0,0.0,0.0,0.0,0.0,0.0,6.0,35.0,64.0,1.0,0.0,0.0,0.0,0.0,
"MATURE JACKFRUIT, BOILED",,,,,,,R,,1.6,0.3,2.9,6.4,0.0,0.0,38.0,22.7,0.26,0.14,0.03,0.03,0.1,0.02,0.0,29.6,8.0,0.0,0.0,2.6,1.4,,,,,,,,,,
"MATURE JACKFRUIT, BOILED & TEMPERED",,,,,,,R,,4.020550728,5.665438652,16.09597778,5.141955853,2.116754055,0.0,111.4987335,41.91843033,0.907025993,0.258322984,0.077303149,0.037788149,0.674397588,0.223838195,,21.28829193,9.84888649,24.28838158,0.151482001,,,0.311455995,34.86096191,357.8349915,3.923048019,0.783703983,,,,,11.75359154
"MATURE JACKFRUIT, BOILED, W/ COCONUT MILK",,,,,,,R,,2.3,13.2,6.0,5.2,1.6,0.0,40.0,23.9,0.88,0.19,0.02,0.03,0.2,0.02,0.0,22.4,6.5,25.0,0.1,0.6,0.2,,,,,,,,,,
"MATURE JACKFRUIT, TEMPERED",,,,,,,R,,4.020550728,5.665438652,16.09597778,5.141955853,2.116754055,0.0,111.4987335,41.91843033,0.907025993,0.258322984,0.077303149,0.037788149,0.674397588,0.223838195,,21.28829193,9.84888649,24.28838158,0.151482001,,,0.311455995,34.86096191,357.8349915,3.923048019,0.783703983,,,,,11.75359154
"MATURE JACKFRUIT, TEMPERED, W/ COCONUT MILK",,,,,,,R,,1.6,7.8,3.9,4.4,0.9,0.0,33.0,19.1,0.56,0.16,0.02,0.03,0.1,0.02,0.0,20.5,5.8,25.0,0.1,1.5,0.2,,,,,,,,,,
MILK CREAM BISCUIT,12.0,8.5,0.6,2.5,,,S,56.0,,,,,,,,,,,,,,,,,,,,,,,,,,,,,,,
"MILK POWDER, WHOLE (FULL FAT)",,,,,,,S,,26.6,26.7,37.5,,,,959.0,92.0,0.7,3.71,0.31,1.37,6.8,0.27,1.2,38.0,10.7,238.0,0.59,,,,758.0,1180.0,365.0,,,,,,
MILK RICE,,,,,,,R,,5.4,6.2,50.5,1.9,47.8,0.0,13.0,14.1,0.68,0.77,0.02,0.02,0.6,0.05,0.0,5.8,0.0,0.0,0.0,0.5,0.0,,,,,,,,,,
MILK RICE W/ MUNG BEAN,,,,,,,R,,4.9,5.7,27.1,2.7,24.7,0.0,18.0,27.7,0.9,0.62,0.04,0.03,0.4,0.04,0.0,17.9,0.0,3.0,0.1,0.6,0.1,,,,,,,,,,
"MILK, LOW FAT, FRESH OR UHT",,,,,,,S,,3.71,1.31,6.27,,,,127.0,12.0,0.1,,0.04,0.23,0.13,,0.55,,,12.0,,,,,106.0,168.0,50.0,,,,,,
"MILK, LOW FAT, FROM POWDER",,,,,,,S,,4.386666667,0.116666667,5.81,0,0.0,0.0,159.8333333,12.83333333,0.128333333,0.548333333,0.0525,0.191333333,1.131666667,0.074666667,0.55,2.45,0.583333333,0.0,0.011666667,0.0,0.0,0.0,111.5333333,186.6666667,50.75,0.0,0.0,0.0,0.0,0.0,0.0
"MILK, NON FAT, FRESH OR UHT",,,,,,,S,,3.5,0.3,4.8,0,0.0,0.0,125.0,11.0,0.03,0.5,0.03,0.22,0.1,0.06,0.58,9.0,1.0,0.0,0.0,0.0,0.0,0.41,92.0,148.0,40.0,2.0,0.0,,,0.0,
"MILK, WHOLE, FRESH OR UHT",,,,,,,S,,3.3,4.5,4.9,0,0.0,0.0,118.0,8.3,0.15,0.33,0.03,0.11,0.1,0.04,0.54,0.4,7.0,2.0,2.0,1.4,0.3,,,,,,,,,,
"MILK, WHOLE, FROM POWDER",,,,,,,S,,3.115,3.115,4.666666667,0,0.0,11.66666667,97.18333333,9.333333333,0.0,0.35,0.0,0.131833333,0.0,0.0,0.54,0.14,0.0,0.0,0.0,0.0,0.0,0.0,0.0,0.0,0.0,0.0,0.0,0.0,0.0,0.0,0.0
"MUKUNUWENNA, BOILED, W/ COCONUT MILK",,,,,,,R,,3.3193929,11.496529,5.3897681,3.6009128,1.1622469,0.0,143.15495,30.991945,1.954721,1.0088251,0.022448199,0.057242248,0.81561017,0.1897576,,54.043739,4.0988431,55.906693,0.20850299,,,0.38068399,32.005527,311.95642,20.663378,20.133049,,47.96204,64.028915,70.01339,0.90558398
"MUKUNUWENNA, FRESH OR WATER-COOKED MALLUM W/ SCRAPED COCONUT",,,,,,,R,,5.3,12.5,7.0,8.5,0.2,0.0,299.0,75.9,3.4,0.97,0.02,0.08,0.3,0.12,0.0,47.1,44.4,666.0,1.2,1.6,0.6,,,,,,,,,,
"MUKUNUWENNA, TEMPERED",,,,,,,R,,3.837226868,10.58715916,3.884290934,7.082312584,2.045150995,0.0,129.4305878,54.15885544,1.96739006,1.20638299,0.0058718,0.092276596,0.751038313,0.276102841,,81.41691589,6.22454977,78.41910553,0.376435012,,,0.68650198,63.89846039,515.8811035,38.16573715,35.88796616,,,,,1.209604025
"MUKUNUWENNA, TEMPERED, W/ SCRAPED COCONUT",,,,,,,R,,3.864872932,16.5184803,4.444108009,7.352119923,2.46748805,0.0,117.1173706,53.31367874,1.925246,1.156186938,0.0114612,0.088470645,0.684056997,0.263396055,,71.55018616,6.003837109,79.14176941,0.379054993,,,0.712949991,68.07049561,488.0993958,36.78662872,33.64003754,,,,,1.314213991
MUN KAWUM,100.0,70.0,5.0,18.0,,,S,450.0,,,,,,,,,,,,,,,,,,,,,,,,,,,,,,,
MUNG KEVUM,,,,,,,R,,5.1,18.5,57.1,2,33.5,0.0,22.0,29.4,1.5,0.83,0.06,0.03,1.5,0.07,0.0,18.5,0.3,2.0,0.2,0.9,0.0,,,,,,,,,,
"MURAL (HALFBEAK), FRESH, BOILED, W/ COCONUT MILK",,,,,,,R,,11.41271,10.60254,4.0925612,1.266714,0.50873798,27.073709,240.10008,29.933083,1.673275,1.539421,0.02070226,0.1088967,3.2130415,0.68012959,0.82203501,37.461834,2.9839594,15.012181,0.034991998,,,0.15809,62.279415,209.53571,45.526184,79.123558,,,,,
MURUKKU,100.0,50.0,9.0,38.0,,,R,550.0,6.6,9.5,63.4,2.7,63.0,0.0,41.0,32.4,2.07,1.21,0.08,0.05,3.2,0.13,0.0,30.3,0.1,72.0,0.2,2.2,0.1,,,,,,,,,,
"MUSHROOM, TEMPERED",,,,,,,R,,3.098341227,4.493332863,5.299437046,4.007982254,2.605217218,0.331966221,21.92716599,25.99419975,1.474571228,0.730114043,0.031292628,0.12988846,0.778791547,0.17196396,0.018068621,16.26382256,25.52275085,58.624897,0.112588659,,,0.558154464,56.32362366,371.7218933,46.65463257,5.92182827,,,,,1.396407008
"MUSHROOM, TEMPERED, W/ COCONUT MILK",,,,,,,R,,4.2,19.4,7.2,3.1,3.2,0.0,25.0,22.0,0.88,0.25,0.02,0.04,0.6,0.1,0.0,12.9,3.0,28.0,0.1,1.2,0.0,,,,,,,,,,
"MUSK MELON, RIPE, RAW",,,,,,,S,,0.4,0.3,4.2,1.5,0.0,0.0,10.0,11.6,0.18,0.09,0.01,0.01,0.4,0.05,0.0,22.3,22.8,0.0,0.0,4.2,2.7,,,,,,,,,,
"MUSK MELON, TEMPERED, W/ COCONUT MILK",,,,,,,R,,2.12025,17.060745,8.8106213,1.687501,0.74797499,0.0,54.940483,12.330374,1.3663859,0.50276101,0.035399701,0.0205105,0.87520647,0.087415822,,27.275656,21.956263,123.16756,0.055376999,,,0.17467201,25.260157,183.25771,15.069043,0.97705299,,101.23134,30.306423,177.76369,3.1259689
MUTTON CURRY,,,,,Dinner,No,S,589.0,,,,,,,,,,,,,,,,,,,,,,,,,,,,,,,
NECTO,,7.3,0.0,0.0,,,S,30.0,,,,,,,,,,,,,,,,,,,,,,,,,,,,,,,
"NELLI, RAW",,,,,,,S,,0.5,0.1,13.7,,,,50.0,,1.2,0.0,0.03,0.01,0.2,0.0,0.0,0.0,600.0,1.5,,,,,,,,,,,,,
NICE BISCUIT,9.0,6.6,0.63,1.6,,,S,42.0,,,,,,,,,,,,,,,,,,,,,,,,,,,,,,,
"NOODLES,PLAIN,BOILED",,,,,,,R,,3.5807693,0.16153847,27.188461,3.773077,20.711538,0.0,7.9982691,12.655192,0.49615383,0.35384616,0.032499999,0.002884615,0.2225,0.009230769,0.0,4.1865387,0.0,0.12057693,0.011538462,,,0.23076923,31.711538,18.461538,0.72115386,5.8846154,,23.923077,13.0,80.0,0.64615387
"NOODLES,W/ VEGETABLES & EGG, W/ COCONUT OIL",,,,,,,R,,4.448864937,6.172211647,21.53450966,4.324066162,15.3614502,30.01199913,33.07682037,21.19361877,0.993497014,0.536323965,0.041425299,0.032652501,0.365914047,0.106413998,0.062033001,19.26814079,5.700253487,116.4348526,0.266470999,,,0.409843981,57.36374664,154.8894043,25.2593174,7.90920496,,,,,1.408270955
"NOODLES,W/ VEGETABLES,W/ COCONUT OIL",,,,,,,R,,4.0,3.4,22.7,3.2,19.1,0.0,42.0,25.5,0.86,0.52,0.08,0.03,1.5,0.08,0.0,31.1,10.6,174.0,0.2,5.1,0.4,,,,,,,,,,
OATS,80.0,27.0,5.0,3.0,,,S,150.0,,,,,,,,,,,,,,,,,,,,,,,,,,,,,,,
OLIVE OIL,,0.0,0.0,14.0,,,S,120.0,,,,,,,,,,,,,,,,,,,,,,,,,,,,,,,
"ONION LEAVES, TEMPERED",,,,,,,R,,3.8,9.9,9.6,8,3.1,0.0,52.0,88.9,3.94,1.27,0.06,0.11,0.6,0.21,0.0,76.6,24.2,141.0,1.0,1.8,0.4,,,,,,,,,,
"ONION LEAVES, TEMPERED MALLUM W/ SCRAPED COCONUT",,,,,,,R,,4.0,16.9,7.1,9.1,2.5,0.0,39.0,89.2,3.88,1.32,0.04,0.08,0.2,0.17,0.0,75.8,21.8,128.0,1.6,1.7,0.2,,,,,,,,,,
"ONION LEAVES, W/ COCONUT MILK",,,,,,,R,,2.9,13.3,7.6,4.8,2.1,0.0,42.0,58.8,2.89,0.84,0.02,0.04,0.2,0.09,0.0,46.3,12.2,89.0,0.6,0.6,0.2,,,,,,,,,,
ONION SAMBOL,,,,,,,R,,1.473649,0.226794,8.5292015,2.426218,0.75349897,0.0,15.453529,15.725935,0.40818301,0.22161999,0.039314002,0.009374,0.37461901,0.089195006,,29.025925,9.8752155,0.16816401,0.073230997,,,0.293605,32.920113,199.33099,4.2553387,0.418194,,59.1516,37.332664,98.595612,5.3720388
"ONION SAMBOL, W/ OIL",,,,,,,R,,5.5,13.2,21.3,3.8,1.2,0.0,44.0,35.9,1.24,0.49,0.08,0.08,1.1,0.13,0.27165061,30.2,4.5,20.0,0.3,1.3,0.1,,,,,,,,,,
"ONION, RAW",,,,,,,S,,1.1,0.1,9.34,1.7,,,23.0,10.0,0.21,0.17,0.046,0.027,0.116,0.12,0.0,19.0,7.4,0.0,,,,0.123,29.0,146.0,4.0,0.5,0.0,0.042,0.013,0.017,
"ONION, TEMPERED",,,,,,,R,,2.793833017,11.69314575,14.32931042,4.716042042,1.954817057,0.0,34.07948685,33.70075226,1.464627028,0.428094,0.06142965,0.027582301,0.720059156,0.167846009,,36.56173325,18.62037659,63.95479965,0.152560994,,,0.514604986,60.85448837,389.9135132,11.34764099,1.010312915,,,,,8.316426277
"ONION, TEMPERED, W/ COCONUT MILK",,,,,,,R,,2.302567,18.385317,7.0531669,0.91910803,0.409381,0.0,19.39156,6.5808287,1.5571699,0.62200803,0.024323599,0.00422845,0.68649942,0.053216226,,17.619427,4.6594772,5.1386089,0.034401,,,0.091990001,12.076919,73.963501,1.5299901,0.224445,,25.156858,12.756562,44.336502,1.6291139
ORANGE,130.0,15.4,1.2,0.2,,,S,62.0,1.1,0.1,8.5,,,,47.0,,0.1,0.1,0.11,0.04,0.4,0.1,0.0,31.0,54.0,4.7,,,,,,,,,,,,,
ORANGE CREAM BISCUIT,11.5,9.0,0.6,2.0,,,S,54.0,,,,,,,,,,,,,,,,,,,,,,,,,,,,,,,
"ORANGE JUICE, UNSWEETENED (100% JUICE)",,,,,,,S,,0.5,0.1,8.8,0.1,0.0,0.0,10.0,8.0,0.2,0.0,0.08,0.02,0.3,0.07,0.0,20.0,39.0,3.0,0.2,0.0,0.0,,,,,,,,,,
ORANGE SODA,,,,,,,S,,0.0,0.0,12.3,0,,,5.0,1.0,0.06,0.1,0.0,0.0,0.0,0.0,0.0,0.0,0.0,0.0,,,,0.0,1.0,2.0,12.0,0.0,0.0,0.0,0.0,0.0,12.3
"PALMYRA FRUIT, JELLY SEEDS, RAW",,,,,,,S,,0.6,0.1,6.9,0.3,,,43.0,,0.5,,0.01,0.01,0.2,,,,4.0,,,,,,20.0,,,,0.0,,,,
"PALMYRA TUBER, BOILED",,,,,,,R,,0.470550001,0.112931997,4.63021183,2.258640051,0.790524006,0.0,0.079999998,0.0,0.0024,0.045502249,0.007764075,0.0,0.40043804,0.060936224,,15.49991703,0.15881063,0.0,0.028232999,,,0.122342996,0.0,133.8244171,1.117556214,0.0,,,,,0.178809002
"PANCAKE,ROLL",,,,,,,R,,6.3,9.7,37.8,0,20.9,0.0,18.25378,15.0,0.77,0.7,0.07,0.2,0.4,0.08,0.050685499,10.0,1.0,0.0,3.2,0.0,0.0,,,,,,,,,,
PANEER,,,,,,,S,,,,,,,,,,,,,,,,,,,,,,,,,,,,,,,,
PANI MURUKKU,10.0,7.5,0.8,0.9,,,S,46.0,,,,,,,,,,,,,,,,,,,,,,,,,,,,,,,
PAPADAM,7.0,3.7,1.0,1.0,,,S,21.0,,,,,,,,,,,,,,,,,,,,,,,,,,,,,,,
PAPADUM,,,,,,,R,,17.5,16.9,39.1,9.1,39.1,0.0,69.0,170.0,11.0,2.5,0.13,0.09,3.3,0.0,0.0,28.0,0.0,10.0,0.1,2.8,0.2,,,,,,,,,,
"PAPAYA MALLUM, W/ SCRAPED COCONUT",,,,,,,R,,1.558405042,7.222690105,5.449654102,4.197441101,1.71925807,0.0,27.71798134,24.92568779,0.95134002,0.325208992,0.02061455,0.039609898,0.22471495,0.072940975,,16.31247139,11.47765255,24.77493286,0.39497,,,0.340007991,41.4623909,227.9600525,13.25041866,7.847826004,,,,,2.789130926
"PAPAYA, GREEN",,,,,,,S,,0.5,0.2,4.4,2.3,0.0,0.0,23.0,15.0,0.2,0.08,0.02,0.03,0.1,0.03,0.0,29.8,20.7,0.0,0.1,2.9,0.4,,40.0,257.0,3.0,600.0,0.0,0.0,0.0,0.0,
"PAPAYA, GREEN, TEMPERED CURRY",,,,,,,R,,1.911136985,20.35089493,13.04039288,1.804836035,0.322524011,0.0,92.20231628,12.76909828,1.343274951,0.470706016,0.036570203,0.026939452,0.563375771,0.044015151,,17.49136162,10.45721912,19.5723381,0.286298007,,,0.133550003,18.60406494,128.5488434,4.740725994,1.613668919,,,,,2.387310982
"PAPAYA, RIPE",,,,,,,S,,0.4,0.2,4.6,2.8,0.0,0.0,15.0,11.0,0.23,0.08,0.03,0.11,0.3,0.04,0.0,60.9,43.1,116.0,0.0,0.5,1.7,,,,,,,,,,
PARATA,,,,,,,R,,7.8,14.4,45.8,0,45.1,0.0,21.0,46.0,1.5,1.4,0.11,0.06,2.2,0.19,0.0,0.0,0.0,0.0,0.9,0.0,0.0,,,,,,,,,,
PARIPPU,,,,,Breakfast,No,S,273.0,,,,,,,,,,,,,,,,,,,,,,,,,,,,,,,
PASSION FRUIT JUICE,,,,,,,S,,0.8,0.1,10.7,0,0.0,0.0,7.0,29.0,0.5,0.8,0.01,0.07,0.7,0.0,0.0,0.0,21.0,0.0,0.0,0.0,0.0,,,,,,,,,,
"PASSION FRUIT, RAW",,,,,,,S,,0.9,0.1,12.4,,,,10.0,,2.0,0.0,0.07,0.14,1.6,0.0,0.0,0.0,25.0,9.0,,,,,,,,,,,,,
PASSIONFRUIT JUICE,,,,,Side Dish,Yes,S,305.0,,,,,,,,,,,,,,,,,,,,,,,,,,,,,,,
PASTA,250.0,79.0,14.0,1.7,,,S,393.0,,,,,,,,,,,,,,,,,,,,,,,,,,,,,,,
"PATTY, EGG",,,,,,,S,,9.1340466,17.274506,41.919922,2.7738111,37.713501,87.158958,44.478283,33.839195,1.6912417,0.84292805,0.11854877,0.05740656,0.62479293,0.12477426,0.18573453,22.753643,6.1979594,42.612476,0.59491742,,,0.80926901,122.35325,340.51016,43.256062,15.567343,,1024.9559,1283.946,668.18182,1.7942905
"PATTY, FISH",,,,,,,S,,10.634809,15.359921,41.919922,2.7738111,37.713501,22.529049,65.975311,38.401958,1.7578131,1.0134993,0.094748773,0.088985629,0.74697071,0.21504727,0.56578374,25.506285,6.1979594,42.612476,0.1749174,,,0.68055618,131.56619,349.65213,26.44503,22.585842,,521.60352,408.82904,560.1214,1.7942905
"PATTY, VEGETABLE",,,,,,,S,,6.868125,14.744318,42.738216,3.6687491,37.920277,16.15896,43.465042,37.982964,1.5349339,0.68838459,0.1028012,0.049967453,0.70454246,0.13928388,0.03443452,19.277719,7.6067438,154.94568,0.20725612,,,0.66121745,94.175285,382.32782,17.931463,3.1163425,,281.93097,274.92108,372.8714,2.226881
PEANUT BUTTER,32.0,7.0,8.0,16.0,,,S,190.0,,,,,,,,,,,,,,,,,,,,,,,,,,,,,,,
"PEANUT, TEMPERED",,,,,,,R,,25.7,49.8,10.3,0,6.5,0.0,52.0,190.0,2.1,3.3,0.18,0.13,19.1,0.54,0.0,0.0,0.0,0.0,1.1,0.0,0.0,,,,,,,,,,
"PEANUT,BOILED",,,,,,,R,,15.4,25.8,11.2,6.8,6.6,0.0,35.0,129.7,2.25,2.07,0.24,0.06,5.2,0.09,0.0,59.2,0.0,2.0,2.8,20.2,0.0,,,,,,,,,,
"PEANUT,DRY,ROASTED",,,,,,,S,,25.7,49.8,10.3,0,6.5,0.0,52.0,190.0,2.1,3.3,0.18,0.13,19.1,0.54,0.0,0.0,0.0,0.0,1.1,0.0,0.0,,,,,,,,,,
"PIGEON PEAS, SPLIT, BOILED & TEMPERED",,,,,,,R,,7.556764126,5.351220131,19.71021271,3.392471075,16.6166172,0.0,23.99644661,36.18869781,1.238535047,0.83087039,0.1133404,0.0347283,0.568357408,0.079184949,,26.20785522,1.898029923,1.714379191,0.072639003,,,0.488265991,109.7330627,400.7653809,6.358116627,4.879555702,,,,,1.273707986
"PIGEON PEAS, SPLIT, BOILED & TEMPERED, W/ COCONUT MILK",,,,,,,R,,6.472188,12.987708,16.736752,2.715404,311.18039,83.621986,12.416238,0.0,44.827549,28.693401,1.51515,0.85590804,0.094663702,0.0277247,0.0,0.075974405,,24.986414,3.7421486,4.8951073,3.754334,7.9588399,0.068329997,,,0.36670399,,,,,
PINEAPPLE JUICE,,,,,Main Dish,No,S,760.0,,,,,,,,,,,,,,,,,,,,,,,,,,,,,,,
PINEAPPLE JUICE,,,,,Main Dish,No,S,337.0,,,,,,,,,,,,,,,,,,,,,,,,,,,,,,,
"PINEAPPLE, RIPE, RAW",,,,,,,S,,0.5,0.2,9.4,3.5,0.0,0.0,11.0,12.7,0.28,0.03,0.05,0.03,0.1,0.13,0.0,18.2,36.4,5.0,0.4,0.4,0.7,,,,,,,,,,
PITTU,,,,,Lunch,No,S,789.0,,,,,,,,,,,,,,,,,,,,,,,,,,,,,,,
"PITTU,MILLET, W/ COCONUT",,,,,,,R,,4.1,11.2,42.5,4.7,41.5,0.0,26.0,80.0,0.61,1.52,0.23,0.06,1.4,0.14,0.0,7.4,0.9,0.0,0.2,,,,,,,,,,,,
"PITTU,RICE & WHEAT, W/ COCONUT",,,,,,,R,,3.5,2.1,30.8,1.4,29.7,0.0,9.0,12.8,0.79,0.45,0.04,0.02,0.8,0.04,0.0,8.3,0.0,0.0,0.1,0.9,0.0,,,,,,,,,,
"PITTU,RICE & WHEAT, WITHOUT COCONUT",,,,,,,R,,3.72559,0.49331999,31.719555,2.6842041,12.946516,0.0,10.233534,6.3546319,1.286396,0.99418998,0.087478399,0.040833,0.88599956,0.0942498,0.0,7.3533349,0.0,0.077455796,0.088388003,,,0.211666,26.9816,32.563999,0.26283801,14.030432,,46.985199,35.122601,173.287,0.43031001
"PITTU,RICE, W/ COCONUT",,,,,,,R,,2.709414,2.082864,32.030521,0.45128199,0.139672,0.0,10.028502,2.1896679,0.82931203,0.56976402,0.03184,0.020009499,0.76523685,0.076258898,0.0,6.0974498,0.0,0.0,0.018122001,,,0.035360001,4.5525999,15.4258,1.935076,1.5319721,,1363.1281,112.2238,23.1166,0.0
"PITTU,RICE, WITHOUT COCONUT",,,,,,,R,,2.83008,0.35376,35.420219,0,0.0,0.0,10.677799,0.0,0.84213001,0.57550997,0.035376001,0.019898999,0.83575797,0.079595998,0.0,6.1908002,0.0,0.0,0.0,,,0.0,0.0,0.0,0.0,0.0,,0.0,0.0,0.0,0.0
"PITTU,WHEAT, W/ COCONUT",,,,,,,R,,4.241714,2.3216641,25.698343,5.0442019,22.292351,0.0,9.268322,13.063027,1.589492,1.286164,0.120992,0.055829499,0.85120487,0.1013329,0.0,8.0866537,0.0,0.132534,0.16936201,,,0.39754,50.7206,71.145798,2.3848159,25.539333,,1443.524,172.32181,319.62662,0.73629999
PLAIN DOSA W/ FILLING,,,,,,,R,,8.5190678,1.8232425,36.421577,5.9251046,31.849222,0.0,65.611099,63.735096,2.3607082,1.1004531,0.090119824,0.054326471,0.9234975,0.10385787,0.0,23.725101,6.5450926,20.826601,0.16249837,,,1.0135605,149.40169,532.94,26.080172,6.348331,,207.51239,635.76776,582.10193,1.7154338
"PLANTAIN FLOWER, TEMPERED",,,,,,,R,,1.514021039,6.364370823,2.983571053,5.089453697,1.666486979,0.0,34.31702042,31.72495079,0.449517012,0.394161999,0.023072001,0.021094751,0.319282651,0.123089597,,32.62053299,10.07168007,4.755734444,0.087063,,,0.26423201,44.32949448,419.9393921,7.407862186,3.066890001,,,,,0.919753969
"PLANTAIN FLOWER, TEMPERED, W/ COCONUT MILK",,,,,,,R,,2.3,13.0,5.3,5.5,2.8,0.0,38.0,41.8,0.83,0.46,0.03,0.04,0.4,0.11,0.0,46.5,5.4,11.0,0.2,1.6,0.3,,,,,,,,,,
"PLANTAIN FLOWER, TEMPERED, W/ SCRAPED COCONUT",,,,,,,R,,2.716498852,14.33689213,4.248044014,8.56818676,3.06772995,0.0,49.81319427,50.92425537,0.878636956,0.735715985,0.033979498,0.040497553,0.433960021,0.185225308,,44.84910583,13.17094803,12.56789017,0.193801999,,,0.517171979,76.56577301,611.3886719,17.67277527,10.43820095,,,,,0.822521985
"PLANTAIN FLOWER, W/ COCONUT MILK",,,,,,,R,,2.3,7.9,5.3,5.4,2.8,0.0,38.0,43.7,0.82,0.46,0.02,0.03,0.3,0.09,0.0,46.5,4.2,9.0,0.2,1.5,0.4,,,,,,,,,,
"PLANTAIN STEM, TEMPERED, W/ COCONUT MILK",,,,,,,R,,1.3,12.7,10.8,2.691,5.6,0.0,21.0,35.0,0.8,0.23,0.02,0.03,0.3,0.09,0.0,14.8,3.0,45.0,0.1,1.1,0.1,,,,,,,,,,
POL ROTI,,,,,Breakfast,Yes,S,479.0,,,,,,,,,,,,,,,,,,,,,,,,,,,,,,,
POLOS CURRY,,,,,Dessert,No,S,137.0,,,,,,,,,,,,,,,,,,,,,,,,,,,,,,,
POLOS CURRY,,,,,Dessert,No,S,829.0,,,,,,,,,,,,,,,,,,,,,,,,,,,,,,,
"POMEGRANATE,RAW",,,,,,,S,,1.3,0.2,11.6,2.8,0.0,0.0,11.0,11.1,0.31,0.18,0.06,0.01,0.2,0.29,0.0,38.6,12.7,0.0,0.0,0.7,0.0,,,,,,,,,,
PONGAL,,,,,,,R,,6.5,25.6,54.5,1.7,5.8,0.0,41.0,59.3,1.92,0.53,0.1,0.15,0.1,0.14,0.0,16.8,0.0,2.0,0.1,0.5,0.0,,,,,,,,,,
"POPCORN, SALTY",,,,,,,S,,9.0,23.5,59.3,0,58.7,0.0,0.0,0.0,0.0,0.0,0.0,0.0,0.0,0.0,0.0,0.0,0.0,0.0,0.0,0.0,0.0,,,,,,,,,,
"POPCORN, SWEET",,,,,,,S,,9.0,23.5,59.3,0,0.0,58.7,0.0,0.0,0.0,0.0,0.0,0.0,0.0,0.0,0.0,0.0,0.0,0.0,0.0,0.0,0.0,45.0,7.7,47.3,0.0,0.0,0.0,0.0,0.0,0.0,
"PORK, BOILED, W/ COCONUT MILK",,,,,,,R,,9.8040352,4.9427099,1.5498329,0.77522999,0.50165498,22.549999,77.483765,11.318845,0.96351004,0.45710799,0.1107516,0.050192852,2.1984813,0.10586312,0.32624999,5.2776537,1.3441906,16.189207,0.115613,,,0.41462198,80.372787,179.9131,20.960136,0.43771499,,4172.9487,4110.9478,656.83429,0.240676
"PORK, TEMPERED",,,,,,,R,,11.9,4.5,3.8,0.8,2.2,32.2,10.0,18.8,0.79,0.95,0.48,0.14,5.0,0.24,0.3915,10.8,14.5,11.0,0.1,5.9,1.2,,,,,,,,,,
"PORK, TEMPERED, W/ COCONUT MILK",,,,,,,R,,12.528975,13.700918,3.4348121,1.237185,0.50137204,27.16824,89.58287,14.402926,1.058957,0.71038002,0.14683661,0.0774028,2.8973577,0.14775777,0.39306599,9.9801464,2.3439615,17.970791,0.11657801,,,0.54528898,101.20949,232.48419,25.451153,0.60803902,,5029.8267,4959.9097,826.89136,0.48652601
"POTATO AND CAPSICUM, W/ COCONUT MILK",,,,,,,R,,1.7,8.0,10.5,1.6,7.0,0.0,13.0,18.2,0.54,0.18,0.03,0.01,0.5,0.05,0.0,20.0,20.5,22.0,0.1,0.8,0.2,,,,,,,,,,
"POTATO AND DRIED FISH, TEMPERED",,,,,,,R,,16.385431,6.6358485,10.634164,1.9049531,7.3891459,37.847267,55.258717,59.244091,1.548293,1.1459203,0.035100281,0.063916259,1.7669721,0.32604548,0.85764325,95.32811,12.400393,9.1668482,0.063469,,,0.49824318,142.78012,582.32324,2939.7964,119.85933,,,,,
"POTATO AND DRIED FISH, W/ COCONUT MILK",,,,,,,R,,8.2,4.1,10.7,1.8,7.3,16.0,30.0,35.0,1.06,0.4,0.05,0.04,1.0,0.11,0.32410052,16.8,8.2,25.0,0.4,0.9,0.2,,,,,,,,,,
"POTATO AND GREEN BEANS, W/ COCONUT MILK",,,,,,,R,,2.1,9.0,8.8,0.9,5.3,0.0,29.0,21.8,0.85,0.28,0.05,0.04,0.5,0.04,0.0,30.1,6.7,28.0,0.2,0.4,0.1,,,,,,,,,,
"POTATO AND LEEKS, W/ COCONUT MILK",,,,,,,R,,2.4,12.9,11.0,1.2,5.7,0.0,40.0,18.9,0.93,0.15,0.04,0.02,0.4,0.08,0.0,24.2,6.5,25.0,0.2,0.5,0.1,,,,,,,,,,
"POTATO AND TOMATO, TEMPERED, W/ COCONUT MILK",,,,,,,R,,2.4357719,11.077349,11.929136,1.595327,6.2233291,0.0,35.607609,19.871618,1.097368,0.55380702,0.068209298,0.01522375,0.86193407,0.064740099,,14.087831,30.317354,13.922784,0.073895998,,,0.27221599,41.377041,344.4111,2.8322742,0.268406,,47.375568,20.625818,131.5732,0.586658
POTATO GRAVY,,,,,,,R,,1.8358827,6.7187858,11.884914,1.5513738,7.0892849,0.0,94.305786,18.284485,0.80682033,0.35314766,0.055561636,0.012556447,0.70563293,0.080016389,,13.499713,12.884363,3.4330037,0.054754522,,,0.27331373,42.147793,361.92731,3.2516136,0.28405395,,45.392311,15.732538,115.92867,0.77849972
"POTATO, BOILED (CURRY)",,,,,,,R,,2.0457499,0.30625001,18.48525,2.1070001,13.9405,0.0,11.519663,27.743799,0.53772497,0.3382875,0.058800001,0.0116375,0.95427501,0.1047375,,13.147312,18.834375,0.0,0.061250001,,,0.45324999,67.462585,596.45251,4.7480998,0.34299999,,56.644001,18.313749,170.27499,0.4165
"POTATO, DEEP FRIED",,,,,,,R,,2.450057,17.366776,22.138538,2.523412,16.695599,0.0,14.421593,34.975662,0.67486602,0.425459,0.074822098,0.01393745,1.0827198,0.1188351,,14.695941,25.564217,0.0,0.073354997,,,0.54282701,85.047791,793.70111,5.9857678,0.410788,,83.322304,23.230246,204.14279,0.49881399
"POTATO, FISH AND VEGETABLES, TEMPERED",,,,,,,R,,23.865257,8.9768419,11.79743,3.3235459,7.0955949,54.79174,76.362907,84.291718,2.1159251,1.6525216,0.0494573,0.12247804,2.5719094,0.53594238,1.2416159,142.12854,20.847948,29.305927,0.40880701,,,0.78947496,200.62936,753.59277,4256.2676,173.96088,,,,,
"POTATO, TEMPERED",,,,,,,R,,2.1,4.8,16.6,2.6,12.6,0.0,22.0,32.3,1.19,0.34,0.06,0.03,1.2,0.09,0.0,19.0,17.0,64.0,0.1,2.3,0.3,,,,,,,,,,
"POTATO, TEMPERED & BOILED, W/ COCONUT MILK",,,,,,,R,,2.5708399,13.320413,12.967556,2.1484849,7.2157073,0.0,21.284605,21.649504,1.452185,0.55734503,0.048616599,0.020050699,0.86105341,0.10000205,,18.109049,12.288014,12.360657,0.080109,,,0.304584,47.460609,379.25739,3.7780321,0.570593,,62.119061,23.739674,151.31816,1.043205
"POTATO, W/ COCONUT MILK",,,,,,,R,,1.8,4.1,11.5,2,7.9,0.0,16.0,23.1,0.9,0.25,0.03,0.02,0.5,0.06,0.0,15.2,8.5,33.0,0.1,1.3,0.3,,,,,,,,,,
"PRAWN & POTATO, BOILED, W/ COCONUT MILK",,,,,,,R,,4.781486,5.2371812,10.851427,2.242636,6.5207238,14.02548,29.976891,31.402925,1.464241,0.61676699,0.040290851,0.0227297,0.89289641,0.087731846,0.098059498,15.084487,11.078192,16.420748,0.089505002,,,0.57011896,76.894981,388.54941,40.776985,10.258159,,,,,
PRAWN CURRY,,,,,Breakfast,Yes,S,758.0,,,,,,,,,,,,,,,,,,,,,,,,,,,,,,,
PRAWN CURRY,,,,,Breakfast,Yes,S,610.0,,,,,,,,,,,,,,,,,,,,,,,,,,,,,,,
"PRAWN, FRESH, BOILED, W/ COCONUT MILK",,,,,,,R,,10.3,5.2,3.6,1.404,1.9,12.6,64.0,31.6,1.02,0.89,0.03,0.04,0.8,0.11,0.24255,11.0,5.4,80.0,1.9,1.5,0.8,,,,,,,,,,
"PRAWN, FRESH, TEMPERED",,,,,,,R,,12.588754,15.32516,8.9233294,3.2072918,2.161869,50.175961,51.852383,53.711273,1.1377699,1.052865,0.056299951,0.055190001,1.142831,0.20503834,0.3508065,31.001633,15.64043,53.132305,0.087438002,,,1.6024081,160.21291,347.8009,141.1456,33.948509,,,,,
"PRAWN, FRESH, TEMPERED, W/ COCONUT MILK",,,,,,,R,,10.6,9.4,3.4,1.5,1.5,45.7,42.0,40.4,1.16,0.84,0.03,0.03,0.7,53.77,0.3196215,998.5,5.7,54.0,2.1,1.3,0.3,,,,,,,,,,
PUMMELO,,,,,,,S,,0.7,0.4,10.6,0.8,0.5,0.0,14.0,6.8,0.06,0.06,0.06,0.02,0.2,0.04,0.0,13.4,48.9,0.0,0.5,2.5,1.0,0.05,13.99,189.0,1.06,,,0.115,0.041,0.187,
"PUMPKIN LEAVES, FRESH OR WATER-COOKED MALLUM W/ SCRAPED COCONUT",,,,,,,R,,4.6,14.7,6.9,5.6,1.7,0.0,205.0,80.2,4.62,0.91,0.05,0.1,0.9,0.11,0.0,37.0,6.8,178.0,2.2,1.3,1.1,,,,,,,,,,
"PUMPKIN LEAVES, TEMPERED",,,,,,,R,,2.5,4.2,2.9,0.3,0.1,0.0,32.0,31.9,1.67,0.18,0.07,0.07,0.7,0.14,0.0,28.6,4.3,4.0,0.1,1.3,0.0,,,,,,,,,,
"PUMPKIN LEAVES, TEMPERED MALLUM W/ SCRAPED COCONUT",,,,,,,R,,4.7,17.5,6.8,5.4,1.8,0.0,212.0,79.6,4.76,0.91,0.06,0.13,1.3,0.14,0.0,36.7,9.8,186.0,2.2,1.3,1.0,,,,,,,,,,
"PUMPKIN SEEDS, DRY",,,,,,,S,,,,,,,,,,,,,,,,,,,,,,,,,,,,,,,,
"PUMPKIN, BOILED, W/ COCONUT MILK",,,,,,,R,,1.5,7.2,5.8,2.5,1.5,0.0,26.0,13.8,0.73,0.17,0.02,0.03,0.3,0.05,0.0,20.8,3.8,44.0,0.4,0.7,0.2,,,,,,,,,,
"PUMPKIN, TEMPERED",,,,,,,R,,2.395774126,8.924293518,12.48462868,3.827404976,4.858082771,0.0,38.33042145,25.43445587,1.22220397,0.471350998,0.034570251,0.047189347,0.903830051,0.194794655,,30.08203506,17.10760307,49.14704132,2.736183167,,,0.512440979,55.39717865,426.2111816,9.505226135,4.242156029,,,,,4.961853981
"PUMPKIN, TEMPERED, W/ COCONUT MILK",,,,,,,R,,2.29406,14.582006,9.4060707,2.094301,2.9853752,0.0,62.735405,13.957574,1.509406,0.60135102,0.0260501,0.02856175,0.93893915,0.11588628,,22.751736,9.8647747,33.323658,2.0554771,,,0.250947,30.794331,262.9227,5.695693,3.0534282,,243.20454,65.020027,129.70195,2.236094
"PURPLE YAM, BOILED",,,,,,,R,,3.101759911,0.290789992,20.2486763,4.555709839,15.15015888,0.0,39.77780533,28.09031487,1.271169066,0.28155899,0.077544004,0.00920835,0.672209561,0.2025837,,19.35789108,10.10398293,32.12260056,0.474956989,,,0.222939,65.10787964,717.2819824,12.34888172,0.407106012,,,,,1.444257021
"PURPLE YAM, W/ COCONUT MILK",,,,,,,R,,2.4,7.1,17.4,2.7,8.2,0.0,30.0,21.0,1.25,0.25,0.04,0.04,0.5,0.06,0.0,8.9,4.5,89.0,0.2,1.1,0.2,,,,,,,1.0,0.5,1.3,
"QUEEN FISH, DRIED, TEMPERED, W/ COCONUT MILK",,,,,,,R,,6.8137026,13.42488,3.6249828,1.249688,0.14838301,8.3137999,27.202415,18.06798,1.102062,0.47623,0.016561421,0.016473651,0.59615827,0.062732674,0.28946501,16.056957,2.5629385,12.202394,0.030092999,,,0.11814401,29.194439,149.2489,1505.9662,81.741081,,,,,
"QUEEN FISH, FRESH, DEEP-FRIED",,,,,,,R,,26.51,10.77,1.24125,0.54400003,1.0695,24.978001,11.1775,40.244499,2.48105,0.72969997,0.040131249,0.046231251,5.1080375,0.12720625,1.3972501,8.6042805,0.0,0.20542499,0.078249998,,,0.81924999,314.86002,474.76251,71.871735,54.848999,,,,,
QUINOA,80.0,21.0,4.0,2.0,,,S,120.0,,,,,,,,,,,,,,,,,,,,,,,,,,,,,,,
"RABBIT FISH, FRESH, BOILED, W/ COCONUT MILK",,,,,,,R,,11.360642,10.614073,4.1620331,1.36043,0.53485501,14.039545,60.213341,23.130753,2.4430633,0.7705735,0.03328209,0.082482621,1.3784528,3.298358,0.76551002,73.466698,2.4795806,16.195127,0.062613003,,,0.44928873,114.58802,223.84781,25.088707,15.106428,,,,,
"RADISH LEAVES, TEMPERED",,,,,,,R,,2.296064138,6.301447868,4.197085857,2.19499588,1.783343911,0.0,261.6578369,60.66054153,4.081073284,0.448096007,0.055432402,0.157727554,0.584008694,0.140168697,,38.43731689,73.8099823,412.2783508,0.042118002,,,0.165353,39.41250992,311.1725159,19.56098938,0.055574998,,,,,1.054588914
"RADISH, TEMPERED",,,,,,,R,,1.792971015,7.851063251,9.10244751,3.571248055,1.618914962,0.0,97.29316711,30.80620384,0.829441011,0.286154002,0.0618909,0.04443055,0.49884975,0.113738745,,24.36790466,17.80887604,17.86125374,0.076728001,,,0.315302014,45.4968338,381.130188,29.32063484,0.774006009,,,,,2.161404848
"RADISH, TEMPERED, W/ COCONUT MILK",,,,,,,R,,2.1,17.3,10.3,3.1,2.5,0.0,36.0,21.5,0.57,0.29,0.02,0.03,0.4,0.07,0.0,30.0,13.9,23.0,0.1,0.6,0.1,,,,,,,,,,
"RADISH,BOILED, W/ COCONUT MILK",,,,,,,R,,2.1,14.1,10.3,3.1,2.5,0.0,36.0,21.4,0.56,0.29,0.02,0.03,0.3,0.06,0.0,30.0,10.9,22.0,0.0,0.4,0.2,,,,,,,,,,
RAISINS,100.0,79.2,3.1,0.5,,,S,299.0,2.6,0.3,71.3,3.9,1.3,0.0,73.0,33.8,6.81,0.22,0.09,0.04,0.5,0.17,0.0,38.3,2.0,0.0,0.0,0.5,0.0,,,,,,,,,,
"RAMBUTAN, RAW",,,,,,,S,,0.7,0.2,16.8,1,0.0,0.0,9.0,21.4,0.37,0.53,0.11,0.01,0.3,0.04,0.0,7.3,65.0,0.0,0.1,2.1,2.7,,,,,,,,,,
RAMONTCHI,,,,,,,S,,,,,,,,,,,,,,,,,,,,,,,,,,,,,,,,
RASAM W/ VEGETABLES,,,,,,,R,,0.85665798,0.76534396,3.4207509,2.4179299,1.165748,0.0,43.085594,21.578779,1.079055,0.204163,0.022949999,0.017279601,0.13725145,0.028635625,,2.5253572,0.81086582,2.6452725,0.067079999,,,0.069205999,20.9263,120.33717,4.2964921,0.412352,,44.201153,424.70969,142.24791,1.589038
RASAM W/ VEGETABLES & DAL,,,,,,,R,,5.474658,0.91934401,14.036751,4.5159302,9.9537477,0.0,50.514194,32.90588,2.4200549,0.805363,0.067749999,0.0428796,0.40725145,0.061635625,,9.6753578,0.81086582,2.8360724,0.10108,,,0.335206,79.446297,248.01717,6.2420921,14.264352,,62.813152,447.70969,211.44791,1.991038
"RAY, DRIED, TEMPERED",,,,,,,R,,30.067816,13.400931,5.4839292,2.643693,1.5154411,20.786039,46.889629,65.271126,1.556093,0.551009,0.02748068,0.0448118,1.916784,0.22886387,1.021554,100.01613,7.6027465,18.566446,0.084687002,,,0.62903202,104.00291,600.88428,5528.7637,75.695755,,,,,
"RAY, DRIED, TEMPERED, W/ COCONUT MILK",,,,,,,R,,8.3,13.8,4.6,1.6,2.1,51.8,32.0,22.4,1.69,0.65,0.02,0.04,0.9,0.05,0.30059519,7.1,5.5,37.0,0.1,1.1,0.5,,,,,,,,,,
"RAY, FRESH, BOILED, W/ COCONUT MILK",,,,,,,R,,13.206335,10.07091,4.1620331,1.36043,0.53485501,7.6550999,26.216759,24.356045,2.1013401,0.66961801,0.0351482,0.047482852,1.6464744,0.090630874,0.101745,15.101894,2.4795806,16.195127,0.062613003,,,0.27655199,130.80978,274.87311,31.566036,8.8203144,,,,,
"RAY, FRESH, TEMPERED",,,,,,,R,,11.661452,5.075479,1.564873,1.046944,0.31004101,7.2768478,14.057721,20.705561,0.93461096,0.34558502,0.029259441,0.049055252,1.2967157,0.082282774,0.096717604,9.4740992,2.6063035,16.797201,0.026907001,,,0.28406301,122.54545,247.9626,30.324936,8.1491041,,,,,
"RED BANANA, RIPE",,,,,,,S,,1.29,0.29,25.21,1.98,,,9.56,31.44,0.24,0.09,0.01,0.02,0.46,0.45,0.0,18.92,6.74,,,,,0.41,23.27,313.0,1.11,,0.0,0.106,0.01778,0.108,14.57
"RED LENTILS AND CABBAGE, BOILED, W/ COCONUT MILK",,,,,,,R,,11.42618465,8.171309471,26.80552673,5.46844101,19.61874771,0.0,51.50196838,31.10777855,3.60534811,1.612268567,0.120669,0.071159102,0.937929094,0.127099648,,32.11174774,8.900445938,2.084395409,0.093149997,,,0.678122997,139.4376068,352.9629211,8.695902824,30.71782494,,,,,1.494102001
"RED LENTILS AND CARROTS, BOILED, W/ COCONUT MILK",,,,,,,R,,2.091125011,10.35217571,5.937624931,2.922093153,0.978645027,0.0,82.25848389,18.95889664,1.521610022,0.505351007,0.044165101,0.02700945,0.640043497,0.127820566,,19.54072571,7.635403633,391.7966614,0.140937001,,,0.172768995,33.34438324,206.1813965,18.84544754,0.382239997,,,,,1.537702918
"RED LENTILS AND DRIED FISH, BOILED, W/ COCONUT MILK",,,,,,,R,,13.7,5.7,14.5,2.9,11.2,17.9,34.0,37.3,2.13,1.09,0.08,0.06,1.0,0.1,0.36195844,17.4,2.0,14.0,0.4,0.5,0.1,,,,,,,,,,
"RED LENTILS AND LEEKS, BOILED, W/ COCONUT MILK",,,,,,,R,,9.4830179,12.505146,22.726852,4.182888,15.611824,0.0,42.873257,23.925934,3.3444929,1.4489157,0.095671006,0.04954315,0.91006035,0.085951276,,21.844225,4.1010723,4.416986,0.077431001,,,0.49561301,108.13046,267.65552,5.8252454,24.420683,,45.679695,44.744644,144.89224,0.96318597
"RED LENTILS AND POTATO, BOILED",,,,,,,R,,7.4001937,0.342314,22.110947,3.8907549,17.821014,0.0,16.811489,27.460983,2.1629906,0.99677598,0.088642202,0.041178349,0.73966968,0.086605646,,15.46814,7.1382537,0.80712104,0.076168001,,,0.548204,110.30762,431.9841,4.7186117,20.010376,,49.715324,41.245533,165.2265,0.72971499
"RED LENTILS AND POTATO, BOILED & TEMPERED",,,,,,,R,,8.65007782,7.497983932,22.40568161,4.312652111,18.09176826,0.0,17.59747696,26.70066071,2.600406885,1.141151786,0.093324706,0.052005548,0.655929625,0.091470204,,16.82320404,4.354705334,3.440408468,0.085081004,,,0.585887015,118.2129669,352.9315186,4.66592741,24.43819809,,,,,1.025339961
"RED LENTILS AND POTATO, BOILED, W/ COCONUT MILK",,,,,,,R,,9.5714693,12.517781,23.470432,4.1002679,16.668388,0.0,40.679451,24.31279,3.3717089,1.4605798,0.098295406,0.048619751,0.95807713,0.086874679,,21.322456,3.4035168,4.416986,0.081319004,,,0.51505297,111.33224,296.1351,4.1038332,24.439152,,46.398003,45.34145,153.70441,0.90680999
"RED LENTILS AND RADDISH, BOILED, W/ COCONUT MILK",,,,,,,R,,8.173618317,12.47094536,20.2860527,3.810487986,13.02642345,0.0,43.88467789,22.51380348,2.960192919,1.28555584,0.084930994,0.04376315,0.857560337,0.083651274,,21.38082504,6.407472134,4.359745979,0.068231001,,,0.432812989,93.07746887,254.1515198,7.420565605,20.27408409,,,,,0.934585989
"RED LENTILS AND SNAKE GOURD, BOILED, W/ COCONUT MILK",,,,,,,R,,9.4,9.0,20.9,4.2,16.6,0.0,23.0,31.3,2.76,1.32,0.08,0.05,0.5,0.05,0.0,20.4,0.6,12.0,0.1,0.6,0.1,,,,,,,,,,
"RED LENTILS AND SPINACH, BOILED, W/ COCONUT MILK",,,,,,,R,,11.7,5.4,25.5,5.5,20.5,0.0,41.0,55.4,3.89,1.74,0.13,0.08,0.6,0.08,0.0,55.7,5.3,96.0,0.4,0.7,0.4,,,,,,,,,,
"RED LENTILS, SPLIT, BOILED",,,,,,,R,,7.27384,0.52291203,18.513096,3.036912,16.267256,0.0,20.530312,31.911039,1.113978,0.75026959,0.094274998,0.026732201,0.4728834,0.054302402,,20.81592,0.0,0.0,0.063688003,,,0.425704,98.951042,350.703,5.4332566,4.8134718,,86.1464,30.147888,218.21519,0.69721597
"RED LENTILS, SPLIT, BOILED & TEMPERED",,,,,,,R,,7.556764126,5.351220131,19.71021271,3.392471075,16.6166172,0.0,23.99644661,36.18869781,1.238535047,0.83087039,0.1133404,0.0347283,0.568357408,0.079184949,,26.20785522,1.898029923,1.714379191,0.072639003,,,0.488265991,109.7330627,400.7653809,6.358116627,4.879555702,,,,,1.273707986
"RED LENTILS, SPLIT, BOILED & TEMPERED, W/ COCONUT MILK",,,,,,,R,,8.0,10.3,18.3,3.6,14.4,0.0,20.0,27.4,2.45,1.14,0.07,0.05,0.4,0.05,0.0,18.0,1.2,15.0,0.1,0.8,0.1,,,,,,,,,,
"RED LENTILS, SPLIT, BOILED, W/ COCONUT MILK",,,,,,,R,,6.8,5.8,15.5,3.1,11.8,0.0,19.0,23.5,1.97,0.96,0.06,0.04,0.4,0.04,0.0,15.9,1.9,8.0,0.1,0.6,0.1,,,,,,,,,,
RED RICE,80.0,23.0,2.4,0.8,,,S,112.0,,,,,,,,,,,,,,,,,,,,,,,,,,,,,,,
"RED RICE, MEDIUM GRAIN, KEKULU (POLISHED), STEAMED OR BOILED",,,,,,,R,,2.4,0.4,32.2,0.9,31.9,0.0,1.0,4.8,0.19,0.48,0.02,0.01,0.7,0.0,0.0,10.8,0.0,0.0,0.0,0.0,0.0,,,,,,,,,,
"RED RICE, MEDIUM GRAIN, KEKULU (POLISHED), STEAMED OR BOILED",,,,,,,R,,2.7,1.0,24.2,0,24.2,0.0,0.0,0.4,0.01,0.01,0.08,0.18,0.0,0.0,0.0,0.0,0.0,0.0,0.0,0.0,0.0,,,,,,,,,,
"RED RICE, MEDIUM GRAIN, PARBOILED, STEAMED OR BOILED",,,,,,,R,,2.7,1.0,24.2,0,24.2,0.0,0.0,0.4,0.01,0.01,0.08,0.18,0.0,0.0,0.0,0.0,0.0,0.0,0.0,0.0,0.0,,,,,,,,,,
"RED RICE, SAMBA, KEKULU (POLISHED), STEAMED OR BOILED",,,,,,,R,,2.4,0.4,32.2,0.9,31.9,0.0,1.0,4.8,0.19,0.48,0.02,0.01,0.7,0.0,0.0,10.8,0.0,0.0,0.0,0.0,0.0,,,,,,,,,,
"RED RICE, SAMBA, PARBOILED, STEAMED OR BOILED",,,,,,,R,,3.0,1.2,28.2,0,28.1,0.0,24.0,43.0,0.39,0.6,0.13,0.0,2.1,0.02,0.0,10.0,0.0,0.0,0.1,0.0,0.0,,,,,,,,,,
RICE AND CURRY,,,,,Dinner,Yes,S,266.0,,,,,,,,,,,,,,,,,,,,,,,,,,,,,,,
RICE PORRIDGE,,,,,,,R,,2.1833353,0.77849513,26.261038,1.1551154,24.135094,0.0,4.9033513,13.240914,0.40971494,0.48516423,0.0006582,0.014578767,0.55232137,0.039206225,,2.7975996,0.0,0.024214661,0.029874094,,,0.20014605,57.508171,53.525295,0.77860236,3.5093908,,212.77969,192.90813,254.05893,0.077300191
"RICE PORRIDGE W/ BANANA, W/ COCONUT MILK",,,,,,,R,,3.3580694,12.817142,29.816803,1.2508154,23.736895,0.0,13.309401,14.792614,1.2233199,0.83208328,0.009818234,0.016018767,0.92894989,0.076328933,,9.8137398,1.289981,0.59908968,0.06267409,,,0.22104605,56.920368,68.505295,0.82280236,3.3986907,,214.3197,188.48293,254.60893,1.0368001
RICE PORRIDGE W/ CARROTS & LEEKS,,,,,,,R,,3.5590084,12.866909,29.02656,1.7445854,101.95699,63.324432,23.715963,0.0,19.242367,16.532778,1.388081,0.88697028,0.013599734,0.019348066,0.0,0.08665543,,13.411517,2.0596352,5.7941895,3.7199168,80.061836,0.076342091,,,0.24187204,,,,,
RICE PORRIDGE W/ COCONUT MILK,,,,,,,R,,3.5760696,13.819543,30.854002,1.2199154,25.677694,0.0,13.811702,13.986114,1.3055499,0.89708328,0.009938235,0.015478767,0.98164988,0.05723393,,9.9639797,1.2227809,0.024214661,0.031474091,,,0.21294604,61.15617,56.451298,0.82180232,3.7307909,,226.2197,204.92812,270.17892,0.080500185
"RICE PORRIDGE W/ GREEN GRAM, W/ COCONUT MILK",,,,,,,R,,7.1185989,13.46318,23.126539,4.5115843,18.140135,0.0,32.650646,34.345695,1.9184005,1.1512262,0.078866363,0.057445206,0.95761859,0.086305641,,28.437887,1.2227809,4.1388021,0.097119913,,,0.54586411,93.674278,233.53091,3.0927963,7.2428412,,129.62645,69.109154,229.61908,0.19069138
RICE PORRIDGE W/ SCRAPED COCONUT,,,,,,,R,,2.5040355,2.8234951,28.022139,1.7304153,25.835695,0.0,5.5430512,16.463114,0.51263493,0.57346421,0.0006582,0.017853767,0.60224634,0.046901226,,3.5710597,0.0,0.024214661,0.051974095,,,0.25294605,66.306168,73.901299,3.0108023,5.4637909,,1768.2197,331.87811,296.32892,0.080500185
"RIDGE GOURD, W/ COCONUT MILK",,,,,,,R,,1.9264439,7.8567381,5.3864222,2.4414079,1.117386,0.0,95.176689,19.240898,4.5545182,0.64986998,0.0428317,0.017890399,0.54116178,0.0813943,,25.441273,6.4044023,60.34589,0.081762001,,,0.298722,36.342609,170.56439,4.8553562,0.49462,,155.90645,16.721987,116.01256,1.2701939
"RIVER FISH, LARGE, NFS, FRESH, BOILED, W/ COCONUT MILK",,,,,,,R,,11.387767,10.213167,4.0925612,1.266714,0.50873798,14.012017,58.22419,21.395863,2.0041482,0.74942851,0.037163809,0.087837838,1.364337,3.3043611,0.764009,73.938698,2.9839594,15.012181,0.034991998,,,0.48827803,114.09693,211.03748,25.002974,14.997557,,,,,
ROAST GREEN PEA,50.0,32.0,14.0,4.5,,,S,190.0,,,,,,,,,,,,,,,,,,,,,,,,,,,,,,,
ROAST PAAN,100.0,55.0,8.0,3.0,,,R,280.0,6.8205833,16.647764,46.374153,1.7887818,42.547878,0.0,18.556694,27.213114,1.1942174,0.58589095,0.12173609,0.17701319,1.174449,0.066684373,0.006484988,41.353413,0.0,41.698284,0.1569484,,,0.49655145,77.3069,202.32719,103.70034,0.007781986,,58.238232,38.013638,214.94048,1.0948062
ROAST PEANUT,50.0,10.0,13.0,26.0,,,S,300.0,,,,,,,,,,,,,,,,,,,,,,,,,,,,,,,
ROASTED GRAM,50.0,30.0,12.0,2.0,,,S,200.0,,,,,,,,,,,,,,,,,,,,,,,,,,,,,,,
ROSE APPLE,,,,,,,S,,0.7,0.2,8.5,,,,10.0,,0.5,0.0,0.01,0.05,0.4,0.0,0.0,0.0,3.0,0.0,,,,,,,,,,,,,
"ROTI, COCONUT",,,,,,,R,,8.0,9.8,48.4,5.1,46.6,0.0,91.0,29.8,1.81,0.68,0.16,0.02,2.9,0.08,0.0,25.5,0.7,0.0,0.4,1.6,0.1,,,,,,,,,,
"ROTI, EGG",,,,,,,R,,7.9308395,4.4794049,43.558193,1.930995,40.803112,49.700001,23.51296,27.179331,1.389475,0.69546497,0.097874001,0.047659501,0.4709515,0.0802375,0.10591,15.869904,2.7859783,1.3356508,0.33744001,,,0.637375,91.474129,201.21599,23.37916,8.7410498,,592.09503,742.14978,453.358,1.276015
"ROTI, MILLET, PLAIN",,,,,,,R,,4.6,11.9,48.4,5,47.3,0.0,29.0,88.8,0.64,1.72,0.33,0.1,2.0,0.2,0.0,7.8,0.9,0.0,0.2,1.4,0.0,,,,,,,,,,
"ROTI, W/ VEGETABLES",,,,,,,R,,5.8,4.4,36.2,3.4,32.3,0.0,72.0,20.3,1.15,0.48,0.19,0.03,2.5,0.17,0.0,27.1,4.4,124.0,0.3,1.6,0.1,,,,,,,,,,
"ROTI, WHEAT, PLAIN",,,,,,,R,,6.9,15.5,42.9,,,,18.0,,1.4,,72.0,66.0,0.8,,0.0,,,,,,,,11.0,,,,,,,,
"RUSKS, PLAIN",,,,,,,S,,6.5,10.7,73.0,0,49.6,0.0,336.0,29.0,6.46,0.7,0.0,0.4,0.0,0.0,0.0,22.0,0.0,0.0,1.4,0.0,0.0,,,,,,,,,,
SAGO PAAYASAM (KHEER),,,,,,,R,,0.9,8.4,29.6,0.9,24.4,0.0,4.0,10.2,0.49,0.21,0.01,0.0,0.0,0.0,0.0,0.7,0.1,0.0,0.1,1.2,0.0,,,,,,,,,,
"SAILFISH, DRIED, TEMPERED, W/ COCONUT MILK",,,,,,,R,,23.905003,15.66808,3.815783,1.302888,0.164983,16.3262,35.296715,46.373482,1.556162,0.62422997,0.017281421,0.02976365,1.6917932,0.14806268,0.80237001,77.628197,2.6804285,12.205353,0.031093,,,0.385144,71.970436,406.82892,4341.2251,59.420086,,,,,
"SAILFISH, DRIED, W/ COCONUT OIL",,,,,,,R,,42.882195,16.007792,3.5513251,1.8298839,0.55627203,30.322929,59.322285,85.587242,1.644645,0.63437903,0.020845201,0.045686599,2.6269932,0.28944576,1.4902555,140.65269,11.379606,41.462448,0.099384002,,,0.755799,130.97881,762.87939,8062.8848,109.7846,,,,,
"SAILFISH, FRESH, BOILED, W/ COCONUT MILK",,,,,,,R,,9.6210346,11.25411,4.1620331,1.36043,0.53485501,2.9324999,24.492958,22.535345,1.75964,0.73081797,0.0167882,0.062782846,0.87611943,0.090630874,0.82365,44.881813,2.4795806,16.195127,0.062613003,,,0.184752,91.539795,221.3231,35.406334,60.998417,,,,,
"SAILFISH, FRESH, DEEP-FRIED",,,,,,,R,,19.300932,14.755504,0.0,0,0.0,6.9189749,9.1932116,29.950136,0.854343,0.80621099,0.0,0.12033,1.095003,0.1407861,1.5342075,84.709915,0.0,0.0,0.0,,,0.324891,185.3082,339.3306,80.091644,141.9894,,,,,
"SALAYA SARDINELLA, FRESH, BOILED, W/ COCONUT MILK",,,,,,,R,,10.7,9.6,4.1,1.1,1.5,26.7,42.0,23.5,1.1,0.62,0.02,0.05,0.6,0.1,0.87678349,16.8,4.9,68.0,0.2,1.3,2.1,,,,,,,,,,
"SALAYA SARDINELLA, FRESH, TEMPERED",,,,,,,R,,14.537046,12.580782,4.836813,2.0946031,0.94326699,36.850033,325.06467,44.503681,1.802663,1.7636441,0.02816374,0.15414625,4.0445399,0.92404342,1.118872,44.99646,3.7881665,22.66695,0.054405998,,,0.249878,89.714119,314.72443,62.943188,107.88152,,,,,
"SALAYA SARDINELLA, FRESH, TEMPERED, W/ COCONUT MILK",,,,,,,R,,7.1,14.6,4.1,1.2,1.6,16.2,32.0,19.9,0.97,0.43,0.02,0.03,0.4,0.07,0.53246552,14.2,5.9,72.0,0.2,1.1,1.1,,,,,,,,,,
SALMON,100.0,0.0,20.0,13.0,,,S,208.0,,,,,,,,,,,,,,,,,,,,,,,,,,,,,,,
SAMAPOSHA AGGALA,100.0,49.0,9.8,10.4,,,S,326.0,,,,,,,,,,,,,,,,,,,,,,,,,,,,,,,
"SAMAPOSHA CEREAL, PREPARED AS PORRIDGE",,,,,,,R,,7.0,4.2,29.7,0,0.0,0.0,107.0,7.3,4.66,0.27,0.1,0.21,1.3,1.02,0.0,0.7,8.7,136.0,0.1,0.2,0.1,,,,,,,,,,
SAMBAAR,,,,,,,R,,1.6,2.3,5.1,1.8,2.3,0.0,15.0,12.7,0.57,0.22,0.02,0.02,0.2,0.04,0.0,15.1,6.5,59.0,0.2,1.1,0.3,,,,,,,,,,
"SAMBAAR, W/ COCONUT MILK",,,,,,,R,,2.9497769,16.219677,8.3988495,1.818441,2.0127771,0.0,44.460125,11.599845,1.562461,0.66393578,0.04419145,0.021250051,0.77822721,0.069907703,,21.411425,12.055849,49.478004,0.077381,,,0.17974301,25.383696,141.19141,5.3691154,2.327791,,35.605751,22.381607,76.546127,1.497614
SAMOSA,,,,,Breakfast,Yes,S,558.0,,,,,,,,,,,,,,,,,,,,,,,,,,,,,,,
SAMPOSHA AGGALA,,,,,,,R,,13.06999969,4.375699997,70.20400238,5.762000084,5.748000145,0.0,134.572998,51.79999924,3.47149992,0.676530004,0.157440007,0.169902012,1.876370072,0.0266,,10.53810024,9.13599968,62.41849899,0.156000003,,,0.044,40.01879883,250.6559906,3.184000015,2.136800051,,,,,0.856000006
"SARDINELLA, DRIED, TEMPERED",,,,,,,R,,20.833307,19.091057,4.6765118,2.4450169,0.89915669,65.6297,70.367607,78.383278,1.9113698,1.8122405,0.025141798,0.11901158,2.3716853,0.28241837,0.80943298,162.52977,6.9778762,26.468128,0.074337654,,,0.42180791,186.51341,404.90027,4194.563,137.10175,,,,,
"SARDINELLA, DRIED, TEMPERED, W/ COCONUT MILK",,,,,,,R,,7.0676069,15.863411,4.8086963,1.407411,1.082478,17.937901,33.558552,25.981234,1.478223,0.84509903,0.02274386,0.042525202,1.0169383,0.1108344,0.2212341,52.089779,4.1785927,11.14854,0.052575,,,0.167761,59.107872,155.72701,1147.2097,37.856251,,,,,
"SARDINES, CANNED, TEMPERED",,,,,,,R,,14.537046,13.990782,4.836813,2.0946031,0.94326699,36.850033,325.06467,44.503681,1.802663,1.7636441,0.02816374,0.15414625,4.0445399,0.92404342,1.118872,44.99646,3.7881665,22.66695,0.054405998,,,0.249878,89.714119,314.72443,62.943188,107.88152,,,,,
"SARDINES, CANNED, TEMPERED, W/ COCONUT MILK",,,,,,,R,,7.1,14.6,4.1,1.2,1.6,16.2,32.0,19.9,0.97,0.43,0.02,0.03,0.4,0.07,0.53246552,14.2,5.9,72.0,0.2,1.1,1.1,,,,,,,,,,
"SAUSAGES,BEEF,GRILLED",,,,,,,S,,13.3,19.5,13.1,0.8,11.7,42.0,80.0,15.0,1.4,2.0,0.0,0.11,5.0,1.8,0.67581499,7.0,0.0,0.0,0.7,0.9,0.3,,,,,,,,,,
"SAUSAGES,LOW FAT,GRILLED",,,,,,,R,,18.15045929,14.80083656,0.453761488,0,0.0,72.40875244,15.59201717,13.75766277,0.734224737,2.215707779,0.048320774,0.16943647,3.330802441,0.249665365,,1.448174953,1.11026752,9.413137436,0.125508502,,,0.0,128.1634827,215.005722,429.3838806,0.0,,,,,0.0
SAW KANJI,,50.0,6.0,5.0,,,S,250.0,,,,,,,,,,,,,,,,,,,,,,,,,,,,,,,
"SCAD (BOLLA), DRIED, TEMPERED",,,,,,,R,,30.124569,13.517105,5.532794,2.6848149,1.538873,20.786039,48.084431,65.894623,1.5957069,0.562464,0.02876248,0.045748502,1.9270602,0.22949752,1.021554,100.23679,7.6027465,18.585676,0.088514999,,,0.63054001,106.15762,602.70258,5528.7725,75.863518,,,,,
"SCAD (BOLLA), FRESH, BOILED",,,,,,,R,,9.3056641,1.752918,3.251961,1.668628,0.42186201,19.28175,123.09503,28.570564,1.3261223,0.72922546,0.019263839,0.089036256,1.2821863,0.79568958,0.99772799,81.7034,2.5766902,20.197735,0.048393998,,,0.334748,138.93434,218.13766,38.070183,47.806232,,,,,
"SCAD (BOLLA), FRESH, BOILED, W/ COCONUT MILK",,,,,,,R,,9.4425344,11.147011,4.1620331,1.36043,0.53485501,17.977501,119.02656,25.518845,2.06564,0.95521802,0.0167882,0.072982848,1.4332944,0.74241084,0.93023998,81.04184,2.4795806,16.195127,0.062613003,,,0.281652,127.74979,197.8631,35.069736,44.474415,,,,,
"SCAD (BOLLA), FRESH, FRIED",,,,,,,R,,18.230001,13.1665,1.24125,0.54400003,1.0695,40.537498,224.8475,41.003502,2.6075499,1.3392,0.00103125,0.13823125,2.4055374,1.6072562,1.656,162.73648,0.0,0.20542499,0.078249998,,,0.53174996,265.41,326.41251,76.40274,98.572006,,,,,
"SCAD (BOLLA), FRESH, TEMPERED",,,,,,,R,,8.0836287,6.0984068,1.564873,1.046944,0.31004101,17.089199,102.28162,21.810905,0.900675,0.617073,0.01180664,0.073295251,1.0940694,0.70185715,0.8842752,72.15583,2.6063035,16.797201,0.026907001,,,0.28891101,119.63665,174.7578,33.65551,42.04147,,,,,
"SCRAPED COCONUT, FRESH, UNSWEETENED",,,,,,,S,,3.33,33.5,15.2,9,,,14.0,32.0,2.43,1.1,0.066,0.02,0.54,0.054,0.0,26.0,3.3,0.0,,,,0.3,113.0,356.0,20.0,10.1,0.0,29.7,1.42,0.366,
"SEA FISH, LARGE, NFS, FRESH, BOILED",,,,,,,R,,14.786497,1.4743705,3.9197609,1.854828,0.47996199,19.737949,74.2061,31.565496,2.10936,0.67496198,0.04476231,0.12343931,1.5649704,4.6326756,1.0762171,96.633423,2.9348452,20.207815,0.051893998,,,0.67102551,160.99884,308.27112,35.569542,21.101801,,,,,
"SEA FISH, LARGE, NFS, FRESH, BOILED, W/ COCONUT MILK",,,,,,,R,,11.387767,10.213167,4.0925612,1.266714,0.50873798,14.012017,58.22419,21.395863,2.0041482,0.74942851,0.037163809,0.087837838,1.364337,3.3043611,0.764009,73.938698,2.9839594,15.012181,0.034991998,,,0.48827803,114.09693,211.03748,25.002974,14.997557,,,,,
SEENI SAMBOL,,,,,Beverage,Yes,S,810.0,,,,,,,,,,,,,,,,,,,,,,,,,,,,,,,
"SEENI/KATHALI BANANA, RIPE",,,,,,,S,,1.4,0.2,26.5,0,0.0,0.0,59.0,39.5,3.63,2.09,0.05,0.08,0.0,0.0,0.0,0.0,16.7,0.0,0.0,0.0,0.0,,,,,,,,,,
"SEER FISH, DRIED, TEMPERED, W/ COCONUT MILK",,,,,,,R,,8.0545034,13.19938,3.6249828,1.249688,0.14838301,10.8284,23.305115,22.55928,1.3187621,0.68083,0.016561421,0.032973651,0.74350327,0.32409266,0.58938003,42.945358,2.5629385,12.202394,0.030092999,,,0.080743998,62.084438,147.81891,1168.5962,89.991081,,,,,
"SEER FISH, FRESH, BOILED, W/ COCONUT MILK",,,,,,,R,,11.1,3.9,3.5,,,,28.0,,0.9,0.4,0.09,0.11,1.37,0.25,0.96899998,3.19,1.97,98.1,,,,,,,,,,,,,
"SEER FISH, FRESH, DEEP-FRIED",,,,,,,R,,26.9,11.1,0.0,0,0.0,106.2,15.0,46.1,0.61,0.69,0.14,0.19,2.6,0.45,2.00295,1.4,2.2,54.0,1.0,0.2,8.7,,,,,,,,,,
SESAME BALL,,,,,,,R,,8.9,34.6,33.7,4.5,0.2,0.0,301.0,182.9,5.47,2.45,0.4,0.09,4.4,0.46,0.0,49.2,0.2,1.0,1.7,20.9,0.2,,,,,,,,,,
"SHARK, DRIED, TEMPERED, W/ COCONUT MILK",,,,,,,R,,7.3626027,13.08828,3.6249828,1.249688,0.14838301,4.3801999,22.328314,18.152681,1.1031621,0.42122999,0.016561421,0.017573651,0.75186324,0.059762675,0.21527,26.610357,2.5629385,12.202394,0.030092999,,,0.13574401,27.434439,151.4489,1165.6262,16.511082,,,,,
"SHARK, FRESH, BOILED, W/ COCONUT MILK",,,,,,,R,,12.3,0.9,3.4,1.1,1.3,13.1,23.0,27.7,0.88,0.38,0.03,0.04,1.4,0.08,0.56116498,8.7,3.2,128.0,0.1,2.0,1.4,,,,,,,,,,
"SHARK, FRESH, DEEP-FRIED",,,,,,,R,,25.026501,11.0505,1.24125,0.54400003,1.0695,28.059999,12.6035,43.119499,1.5380499,0.59169996,0.030356249,0.046231251,3.1185374,0.11685625,0.94875002,9.1114311,0.0,0.20542499,0.078249998,,,1.32525,309.11002,482.8125,73.792236,33.367001,,,,,
"SHEEP MEAT, TEMPERED",,,,,,,R,,15.27855682,8.978563309,1.025843978,0.493714005,0.430258006,71.78046417,36.35015869,21.67483139,2.126484156,2.919957161,0.045300849,0.133374542,3.972544909,0.113335602,1.3474461,2.923214912,1.239903927,8.246124268,0.11411,,,0.876739025,164.6912994,304.0015259,38.28667068,17.58409691,,,,,0.232092991
"SILVER-BIDDY, FRESH, BOILED, W/ COCONUT MILK",,,,,,,R,,11.360642,10.614073,4.1620331,1.36043,0.53485501,14.039545,60.213341,23.130753,2.4430633,0.7705735,0.03328209,0.082482621,1.3784528,3.298358,0.76551002,73.466698,2.4795806,16.195127,0.062613003,,,0.44928873,114.58802,223.84781,25.088707,15.106428,,,,,
SKIM MILK,,12.0,8.0,0.0,,,S,80.0,,,,,,,,,,,,,,,,,,,,,,,,,,,,,,,
"SKIPJACK TUNA, DRIED, DEEP-FRIED",,,,,,,R,,55.497299,17.0819,0.0,0,0.0,67.111801,72.627602,72.601501,3.132,1.2528,0.0,0.1044,2.5926001,1.5503401,3.6801,166.77901,0.0,0.0,0.0,,,1.4268,160.95,665.54999,6880.8301,542.88,,,,,
"SKIPJACK TUNA, DRIED, TEMPERED",,,,,,,R,,34.640537,12.419571,5.4839292,2.643693,1.5154411,40.267078,68.416908,60.317348,2.6627331,0.95816898,0.02748068,0.086571798,1.7729731,1.0087318,2.796876,112.23093,7.6027465,18.566446,0.084687002,,,1.062292,124.36092,563.30029,4131.8916,326.77774,,,,,
"SKIPJACK TUNA, DRIED, TEMPERED, W/ COCONUT MILK",,,,,,,R,,9.6335649,17.200163,5.3929491,1.5000269,1.060886,9.4419355,31.013002,20.899342,1.669462,0.61537802,0.02705762,0.0352045,0.83495057,0.28144148,0.65581918,35.586552,5.3753357,12.384288,0.057050999,,,0.33175001,41.260937,183.33501,969.85828,77.191147,,,,,
"SKIPJACK TUNA, FRESH, COOKED",,,,,,,R,,12.3,1.04,6.3,,,,53.4,,1.6,0.6,0.05,0.08,7.38,0.51,0.92416,8.37,2.88,67.46,,,,,,,,,,,,,
"SKIPJACK TUNA, FRESH, DEEP-FRIED",,,,,,,R,,23.637201,14.94234,0.78879499,0.71848702,0.76058501,70.491623,17.277781,31.974209,0.94344199,0.52964896,0.066775799,0.16657899,5.5644612,0.1247022,1.5680701,8.3384295,0.0,3.4068999,0.031899001,,,1.403367,232.7395,338.77481,25.497038,26.50993,,,,,
"SNAKE GOURD AND DRIED FISH, W/ COCONUT MILK",,,,,,,R,,8.9220619,16.609068,6.048018,1.620373,1.280148,16.475554,43.525723,30.426884,2.0339153,0.99112761,0.034269601,0.049106173,1.2079785,0.19211391,0.37334657,54.279892,4.6572199,13.903788,0.075500004,,,0.29034302,64.634422,189.59758,1280.976,52.231956,,,,,
"SNAKE GOURD, W/ COCONUT MILK",,,,,,,R,,1.9,11.2,4.5,2.6,2.2,0.0,31.0,22.9,1.07,0.22,0.02,0.03,0.3,0.05,0.0,13.6,2.3,44.0,0.1,3.8,2.7,,,,,,,,,,
"SOUR BANANA, RIPE",,,,,,,S,,1.2,0.1,13.5,0,0.0,0.0,52.0,40.8,2.29,2.1,0.03,0.05,0.0,0.0,0.0,0.0,17.9,0.0,0.0,0.0,0.0,,,,,,,,,,
"SOURSOP, RAW",,,,,,,S,,0.74,0.94,11.94,4.95,0.12,,10.0,17.7,0.29,0.12,0.03,0.04,0.85,0.03,,6.09,59.54,,0.06,,,0.12,25.83,264.0,6.78,,,135.0,38.54,132.0,9.83
"SOY MEAT AND POTATO, TEMPERED, W/ COCONUT MILK",,,,,,,R,,13.333339,11.611342,13.737888,3.918587,4.2646589,0.0,106.88539,12.54812,2.0985973,0.378066,0.040989801,0.015945749,0.58914632,0.065516151,,11.764048,8.0987616,7.561336,0.047775,,,0.191833,27.782993,486.6268,179.72139,0.32539299,,37.561638,13.321499,89.139076,0.58829701
"SOY MEAT, BOILED, W/ COCONUT MILK",,,,,,,R,,11.3,7.3,9.4,1.5,7.1,0.0,54.0,58.5,2.11,1.18,0.12,0.07,2.4,0.26,0.0,4.0,1.6,27.0,0.0,0.4,0.0,,,,,,,,,,
"SOY MEAT, TEMPERED",,,,,,,R,,20.510151,8.7702303,11.592509,5.7053642,0.75686496,0.0,141.02574,8.8150663,2.3382347,0.105519,0.0291261,0.02263565,0.1993556,0.040224899,,4.9951963,3.0799081,10.824453,0.049546,,,0.099983998,18.650331,528.5921,303.66772,0.77636999,,50.487396,157.24698,139.60791,0.759821
"SOY MEAT, TEMPERED, W/ COCONUT MILK",,,,,,,R,,11.6,13.9,10.1,2.298,6.6,0.0,60.0,71.7,2.69,1.42,0.13,0.07,2.6,0.27,0.0,9.6,2.1,27.0,0.1,0.7,0.0,,,,,,,,,,
SOYA MEAT CURRY,100.0,8.0,6.0,4.0,,,S,84.0,,,,,,,,,,,,,,,,,,,,,,,,,,,,,,,
SOYA MEAT CURRY WITH COCONUT MILK,100.0,13.0,11.0,0.6,,,S,110.0,,,,,,,,,,,,,,,,,,,,,,,,,,,,,,,
"SPICES & SEASONINGS, NO OR MINIMAL CALORIC VALUE",,,,,,,S,,0.0,0.0,0.0,0,,,0.0,0.0,0.0,0.0,0.0,0.0,0.0,0.0,0.0,0.0,0.0,0.0,,,,0.0,0.0,0.0,0.0,0.0,0.0,0.0,0.0,0.0,0.0
SPICY CASHEW,,,,,Dinner,Yes,S,998.0,,,,,,,,,,,,,,,,,,,,,,,,,,,,,,,
SPICY CASHEW,,,,,Side Dish,No,S,408.0,,,,,,,,,,,,,,,,,,,,,,,,,,,,,,,
SPICY CASHEW,,,,,Side Dish,Yes,S,221.0,,,,,,,,,,,,,,,,,,,,,,,,,,,,,,,
"SPINACH, BOILED, W/ COCONUT MILK",,,,,,,R,,2.2,8.4,4.2,2,1.7,0.0,59.0,60.5,2.21,0.36,0.07,0.06,0.2,0.07,0.0,92.5,11.6,274.0,0.8,0.7,1.3,,,,,,,,,,
"SPINACH, FRESH OR WATER-COOKED MALLUM W/ SCRAPED COCONUT",,,,,,,R,,3.02185297,12.24140835,3.574506998,5.176587105,2.426331043,0.0,133.5748291,65.47246552,1.729375958,0.907021999,0.0045462,0.062377952,0.848117232,0.128699347,,56.52823639,9.245866776,682.8821411,0.526337028,,,0.499379009,70.44552612,453.6438904,64.45220947,23.88169098,,,,,0.651308
"SPINY GOURD, TEMPERED",,,,,,,R,,3.405188084,5.519168854,13.3271122,5.375181675,9.038114548,0.0,128.4326782,56.95627975,1.535079002,0.607518971,0.043383151,0.069102347,0.538315892,0.180404797,,25.85284996,52.05007553,38.28003311,0.100602001,,,0.577256024,78.26709747,302.9328003,7.472346306,4.401600838,,,,,2.260426998
"SPINY GOURD, TEMPERED, W/ COCONUT MILK",,,,,,,R,,3.308544874,16.89486313,10.78059578,2.701086044,4.855467796,0.0,115.5785217,31.58589745,2.081711054,0.811438024,0.033959299,0.032273401,0.774840891,0.105185151,,23.14764023,30.08632851,24.38614655,0.054924,,,0.278476,41.40060425,149.3145905,3.818278074,2.536922932,,,,,0.950735986
"SQUID, FRESH, TEMPERED",,,,,,,R,,10.534639,7.0861163,4.9405079,2.1786671,1.109956,73.080002,26.592243,35.526249,1.039767,0.74023199,0.038466301,0.030856499,0.66914362,0.11038408,0.56550002,18.569864,3.3445077,16.233606,0.076757997,,,0.72361702,121.76359,219.4964,73.168335,28.454432,,,,,
"SQUID, FRESH, TEMPERED, W/ COCONUT MILK",,,,,,,R,,10.716239,19.731516,5.875608,1.487067,0.89415598,66.779999,31.967543,29.334848,1.903367,1.0624321,0.038388301,0.0273865,0.97826558,0.098882571,0.51674998,19.071743,3.2081776,16.195127,0.063758001,,,0.59291697,103.8456,157.1564,65.833931,25.965933,,,,,
SRI LANKAN COFFEE,,,,,Lunch,No,S,463.0,,,,,,,,,,,,,,,,,,,,,,,,,,,,,,,
SRI LANKAN SALAD,,,,,Breakfast,No,S,848.0,,,,,,,,,,,,,,,,,,,,,,,,,,,,,,,
"STARCHY WHITE ROOT, NFS, AND DRIED FISH, NFS, TEMPERED",,,,,,,R,,16.20339,9.0151577,9.3677254,2.9212658,5.8946338,37.148094,54.943913,60.351967,1.6626275,1.1078975,0.044463001,0.090840019,1.7121763,0.3376568,0.84179956,96.263092,8.784687,20.892277,0.11711724,,,0.46946266,139.01956,496.8219,2886.6763,117.84888,,,,,
"STARCHY WHITE ROOT, NFS, AND DRIED FISH, NFS, W/ COCONUT MILK",,,,,,,R,,7.5782299,12.232293,11.72798,2.083277,7.0762892,14.302356,31.332191,30.567766,1.4074622,0.79117191,0.040958036,0.034390233,1.1695772,0.17491595,0.25586885,48.564365,12.072628,2.0277092,0.065055721,,,0.29503006,71.742882,340.186,1113.856,45.343639,,,,,
"STARCHY WHITE ROOT/TUBER AND VEGETABLE, NFS, TEMPERED",,,,,,,R,,2.67430377,7.757089138,13.47188377,5.303244114,8.312215805,0.0,106.6937103,36.09466934,1.316880465,0.34947288,0.084926985,0.063312501,1.088581562,0.154204801,,32.6035614,18.25508499,30.58295631,0.181304023,,,0.50462842,64.55625916,451.5841675,8.149679184,1.968085885,,,,,2.230344057
"STARCHY WHITE ROOT/TUBER AND VEGETABLE, NFS, TEMPERED, W/ COCONUT MILK",,,,,,,R,,2.73588562,14.57011032,10.38048935,3.654074192,5.217048168,0.0,66.00514984,24.3049221,1.574020624,0.522143126,0.056215666,0.043484677,1.229717135,0.113158956,,37.16790771,12.77808094,20.56365395,0.110691525,,,0.362935781,42.23851013,298.6856689,5.784357548,1.622557878,,,,,1.076879859
"STARCHY WHITE ROOT/TUBER AND VEGETABLE, NFS, W/ COCONUT MILK",,,,,,,R,,2.920766354,12.26408577,10.76596642,3.755946159,5.235613823,0.0,67.63962555,24.86209679,1.684882402,0.568018675,0.05812576,0.045078289,1.302585125,0.117600843,,39.07784271,13.1249094,21.12834358,0.112628832,,,0.374302149,43.08368301,303.827179,5.921636105,1.685263395,,,,,1.09463799
STRING HOPPERS,,,,,Lunch,No,S,414.0,,,,,,,,,,,,,,,,,,,,,,,,,,,,,,,
STRING HOPPERS,,,,,Dinner,No,S,449.0,,,,,,,,,,,,,,,,,,,,,,,,,,,,,,,
STRING HOPPERS,,,,,Breakfast,No,S,200.0,,,,,,,,,,,,,,,,,,,,,,,,,,,,,,,
"STRING HOPPERS,RICE & WHEAT FLOUR",,,,,,,R,,3.3892999,0.44783998,29.369434,2.349544,11.332376,0.0,9.4465237,5.5623522,1.1643161,0.89636004,0.078174397,0.036643501,0.81339657,0.086104795,0.0,6.7169929,0.0,0.067798801,0.077367999,,,0.185276,23.617599,28.504,0.230068,12.281152,,41.127201,30.743601,151.68201,0.37665999
"STRING HOPPERS,RICE FLOUR",,,,,,,R,,2.6,0.3,32.7,0.9,32.7,0.0,10.0,9.9,0.78,0.53,0.03,0.02,1.4,0.06,0.0,8.2,0.0,0.0,0.0,0.6,0.0,,,,,,,,,,
"STRING HOPPERS,WHEAT FLOUR",,,,,,,R,,3.7,0.6,32.8,0,32.6,0.0,39.0,9.8,0.79,0.28,0.09,0.02,0.7,0.06,0.0,6.5,0.0,0.0,0.2,0.0,0.0,,,,,,,,,,
SUGAR,,,,,,,S,,0.0,0.0,100.0,0,,,1.0,0.0,0.05,0.01,0.0,0.019,0.0,0.0,0.0,0.0,0.0,0.0,,,,0.0,0.0,2.0,1.0,0.6,0.0,0.0,0.0,0.0,
"SUNFLOWER SEEDS, DRY",,,,,,,S,,23.5,51.8,6.8,10.8,4.0,0.0,176.0,413.0,5.85,7.07,0.59,0.13,1.6,0.94,0.0,81.8,0.0,0.0,21.9,39.2,0.1,,,,,,,,,,
SWEET APPAM,,,,,Beverage,Yes,S,944.0,,,,,,,,,,,,,,,,,,,,,,,,,,,,,,,
SWEET FRIED BREAD (WHEAT FLOUR),,,,,,,R,,5.113469601,17.14122391,50.4122467,5.801632881,27.69714355,0.0,11.5379591,15.62530613,1.895102024,1.529877543,0.149551019,0.071706124,1.065306187,0.148489803,,10.18726444,0.208979592,0.922897935,0.225306123,,,0.477551043,58.25795746,88.08979034,0.801632643,29.6473465,,,,,2.026938915
SWEET LEMON,,,,,,,S,,1.0,0.9,11.1,,,,70.0,,0.26,0.07,0.02,0.01,0.1,0.0,0.0,0.0,39.0,0.0,,,,,,,,,,,,,
SWEET MANGO CHUTNEY,,,,,,,R,,0.8,0.6,32.2,2.2,4.1,0.0,27.0,17.6,0.61,0.17,0.02,0.02,0.2,0.06,0.0,14.7,37.0,49.0,0.5,0.9,0.2,,,,,,,,,,
SWEET MELON,,,,,,,S,,0.3,0.2,3.5,,,,32.0,12.0,1.4,0.18,0.11,0.08,0.3,,0.0,,26.0,,,,,,14.0,267.0,,400.0,,,,,
"SWEET POTATO LEAVES, TEMPERED MALLUM W/ SCRAPED COCONUT",,,,,,,R,,3.225731134,17.76296234,4.852575302,4.146923065,0.887744009,0.0,49.42868423,14.57448196,3.851385117,0.30656299,0.068295397,0.133726701,0.744411886,0.044720002,,6.141970634,36.77741623,207.4246826,0.110003002,,,0.221647993,59.20523453,376.5432739,27.12123871,7.991370201,,,,,0.53955996
"SWEET POTATO, BOILED",,,,,,,R,,1.1,0.3,20.5,2.1,8.9,0.0,23.0,45.0,0.7,0.3,0.07,0.01,0.8,0.05,0.0,8.0,17.0,660.0,4.4,0.9,0.2,,,,,,,,,,
"SWEET POTATO, W/ COCONUT MILK",,,,,,,R,,1.8,8.6,20.6,3.5,15.0,0.0,29.0,18.6,0.69,0.18,0.04,0.03,0.4,0.06,0.0,13.2,8.5,676.0,0.0,0.7,0.1,,,,,,,,,,
SWEETENED CONDENSED MILK,,,,,,,S,,7.91,8.7,54.4,0,,,284.0,26.0,0.19,0.94,0.09,0.416,0.21,0.051,0.44,11.0,2.6,74.0,0.16,,,,,,,,,,,,
"TAPIOCA,MANIOC,CHIPS,DRIED",,,,,,,S,,1.3,0.3,82.6,,,,91.0,,3.6,0.0,0.23,0.1,1.4,0.0,0.0,0.0,0.0,0.0,,,,,,,,,,,,,
"TARO LEAVES, TEMPERED MALLUM W/ SCRAPED COCONUT",,,,,,,R,,5.0,20.7,5.5,7.431,0.4,0.0,86.0,50.9,2.28,0.93,0.11,0.3,1.4,0.04,0.0,41.3,23.4,851.0,1.1,1.3,0.0,,,,,,,,,,
"TARO ROOT, W/ COCONUT MILK",,,,,,,R,,2.1338401,5.578413,11.922556,2.1484849,7.2157073,0.0,18.244606,21.649504,1.148185,0.42434502,0.045386601,0.020050699,0.72387338,0.09458705,,15.677049,11.862414,12.360657,0.080109,,,0.304584,47.460609,379.25739,3.7780321,0.570593,,59.186283,23.493988,151.27727,1.043205
"TEA, BREWED FROM BLACK TEA LEAVES",,,,,,,S,,0.0,0.0,0.0,0,0.0,0.0,0.0,2.0,0.02,0.02,0.0,0.014,0.0,0.0,0.0,3.0,0.0,0.0,0.0,0.0,0.0,,,,,,,,,,
"TEA, BREWED FROM GREEN TEA",,,,,,,S,,0.0,0.0,0.0,0,0.0,0.0,0.0,2.0,0.0,0.0,0.0,0.014,0.0,0.0,0.0,3.0,0.0,0.0,0.0,0.0,0.0,,,,,,,,,,
"TEA, BREWED FROM HERBS AND SPICES",,,,,,,S,,0.0,0.0,0.0,0,0.0,0.0,0.0,2.0,0.0,0.0,0.0,0.014,0.0,0.0,0.0,3.0,0.0,0.0,0.0,0.0,0.0,,,,,,,,,,
"TEA, MADE FROM INSTANT BLACK TEA POWDER",,,,,,,S,,0.0,0.0,0.0,0,0.0,0.0,0.0,2.0,0.02,0.02,0.0,0.014,0.0,0.0,0.0,3.0,0.0,0.0,0.0,0.0,0.0,,,,,,,,,,
"TENDER JACKFRUIT, FRESH OR WATER-COOKED MALLUM W/ SCRAPED COCONUT",,,,,,,R,,2.1,9.0,6.3,2.993,0.9,0.0,85.0,25.6,1.34,0.49,0.02,0.04,0.1,0.04,0.0,9.5,5.1,21.0,0.6,1.3,0.1,,,,,,,,,,
"TENDER JACKFRUIT, TEMPERED MALLUM W/ SCRAPED COCONUT",,,,,,,R,,2.1,20.1,6.3,3.143,0.9,0.0,85.0,26.1,1.35,0.5,0.02,0.04,0.1,0.04,0.0,9.7,5.0,21.0,0.7,1.5,0.0,,,,,,,,,,
"TENDER JACKFRUIT, TEMPERED, W/ COCONUT MILK",,,,,,,R,,2.882226,17.778494,6.5360599,4.7861977,0.34061,0.0,109.46242,19.417152,1.4486101,0.54871202,0.0453224,0.022437099,0.6141389,0.05054535,,24.591448,14.832209,9.2735062,0.071070001,,,0.23522401,25.154982,235.43039,2.8208501,0.25652,,50.376724,28.701935,103.70392,1.494812
THALA BOLA,5.0,3.2,0.6,1.6,,,S,26.0,,,,,,,,,,,,,,,,,,,,,,,,,,,,,,,
"THALAPA, MILLET",,,,,,,R,,2.6307001,0.65490001,24.956499,4.1292,23.465401,0.0,155.03,54.759998,1.7686,0.91390002,0.11544,0.062899999,0.49579999,0.0148,0.0,9.6865997,0.0,0.077330001,0.055500001,,,0.055500001,91.019997,154.66,1.7464,7.5295,,109.89,220.14999,168.35001,0.1184
THATI PAAN,100.0,50.0,8.0,2.5,,,S,250.0,,,,,,,,,,,,,,,,,,,,,,,,,,,,,,,
THOSAI,,,,,Side Dish,No,S,120.0,,,,,,,,,,,,,,,,,,,,,,,,,,,,,,,
"THRIPOSHA CEREAL, PREPARED AS PORRIDGE",,,,,,,R,,16.896999,11.655001,18.399,7.5030003,6.5669999,0.0,265.03,108.433,2.8369999,2.221,0.22479999,0.34110001,2.1015,0.28349999,0.66000003,81.4114,2.6888001,44.9757,0.53200001,,,0.72000003,351.10001,774.79999,74.314003,6.4919996,,958.79999,1410.6,3490.2,1.191
"TILAPIA, FRESH, BOILED",,,,,,,R,,10.831794,0.88318801,3.251961,1.668628,0.42186201,14.41892,71.890358,25.408905,2.1630323,0.60341543,0.029109839,0.12185625,0.93921721,0.12123857,0.82104701,8.4934702,2.5766902,20.197735,0.048393998,,,0.50978798,116.50735,228.53067,30.767736,12.387984,,,,,
"TILAPIA, FRESH, BOILED, W/ COCONUT MILK",,,,,,,R,,9.2,4.8,4.2,1.1,1.8,11.7,60.0,20.2,1.85,0.52,0.02,0.09,0.7,0.1,0.66449273,9.2,3.4,70.0,0.8,1.6,0.4,,,,,,,,,,
"TILAPIA, FRESH, DEEP-FRIED",,,,,,,R,,25.6,16.6,0.0,0,0.0,36.6,138.0,34.1,3.94,1.22,0.02,0.2,1.6,0.19,1.342131,11.5,0.0,24.0,2.7,1.5,0.4,,,,,,,,,,
"TILAPIA, FRESH, TEMPERED",,,,,,,R,,9.4362202,5.3275747,1.564873,1.046944,0.31004101,12.779328,56.899498,19.00876,1.642419,0.50556898,0.02053304,0.10238325,0.7900998,0.10409877,0.7276848,7.2706833,2.6063035,16.797201,0.026907001,,,0.444047,99.75985,183.96899,27.183432,10.650672,,,,,
"TILAPIA, FRESH, TEMPERED & BOILED",,,,,,,R,,10.831794,5.4831877,3.251961,1.668628,0.42186201,14.41892,72.065788,25.723951,2.1711249,0.606457,0.030023441,0.1215451,0.95059282,0.12264675,0.82104701,8.9264154,2.8307512,19.530489,0.048393998,,,0.50978798,117.62636,235.12498,30.813965,12.387984,,,,,
"TILAPIA, FRESH, TEMPERED, W/ COCONUT MILK",,,,,,,R,,9.470171,10.776002,4.5807047,1.411787,0.75487202,11.669572,60.034245,21.189474,2.120332,0.66466296,0.034530379,0.1052434,0.95846283,0.1219869,0.66449273,11.445087,3.4874289,14.291841,0.039218001,,,0.45987099,97.998314,203.82956,25.157877,9.9082546,,,,,
TOMATO & ONION SAMBOL,,,,,,,R,,1.125338,0.36788201,5.5310812,2.047044,0.38755199,0.0,13.191713,14.839725,0.346457,0.164303,0.034905002,0.018192001,0.41870901,0.084785998,,23.369179,17.811415,72.846115,0.064412996,,,0.236288,24.265247,188.7494,8.2675295,0.219789,,52.948139,50.819794,145.33101,3.4320791
TOMATO SALAD,,,,,,,R,,1.063985,0.29846001,3.629338,2.269136,0.56635296,0.0,19.424252,18.022076,0.61556101,0.202677,0.025192,0.015194,0.37365401,0.088268995,,20.691629,10.870911,24.106205,0.032313,,,0.37862599,29.147381,249.9899,6.8392029,0.27092499,,67.049835,20.836666,96.802483,0.93257099
TOMATO SAUCE,25.0,8.75,0.37,0.45,,,S,41.0,,,,,,,,,,,,,,,,,,,,,,,,,,,,,,,
TOMATO SAUCE (KETCHUP),,,,,,,S,,2.5,5.1,8.7,1.7,4.4,0.0,27.0,10.1,0.82,0.24,0.09,0.02,1.3,0.11,0.0,19.5,9.0,172.0,1.2,4.6,0.4,,,,,,,,,,
"TOMATO, RIPE, RAW",,,,,,,S,,0.8,0.3,3.2,1.6,0.0,0.0,9.0,11.9,0.22,0.11,0.04,0.02,0.5,0.08,0.0,15.4,25.3,0.0,0.2,5.4,0.8,,,,,,,,,,
"TOMATO, TEMPERED, W/ COCONUT MILK",,,,,,,R,,1.6,15.6,5.6,1.2,1.8,0.0,12.0,10.9,0.54,0.12,0.02,0.01,0.2,0.03,0.0,8.7,6.3,119.0,0.1,0.5,0.1,,,,,,,,,,
TREACLE,,,,,,,S,,1.2,0.0,67.2,,,,550.0,180.0,14.0,0.8,0.0,0.0,0.0,0.0,0.0,0.0,0.0,0.0,,,,0.0,29.0,1760.0,180.0,,0.0,0.0,0.0,0.0,
"TREVALLY JACK, FRESH, BOILED, W/ COCONUT MILK",,,,,,,R,,13.8,1.2,3.4,1.1,1.3,24.8,24.0,29.4,1.53,0.5,0.04,0.05,2.3,33.0,0.96928501,741.8,3.2,83.0,0.3,2.1,2.5,,,,,,,,,,
"TREVALLY JACK, FRESH, DEEP-FRIED",,,,,,,R,,24.923,11.8855,1.24125,0.54400003,1.0695,53.452,38.857998,48.731499,2.78005,0.83319998,0.069456249,0.11523125,3.1070373,0.10650625,2.371875,7.6210313,0.0,0.20542499,0.078249998,,,1.55525,272.31,410.36252,96.079239,73.824005,,,,,
TUNA,100.0,0.0,29.0,0.6,,,S,132.0,,,,,,,,,,,,,,,,,,,,,,,,,,,,,,,
"TUNA, DRIED",,,,,,,S,,63.79,3.37,,,,77.14,83.48,83.45,3.6,1.44,,0.12,2.98,1.98,5.64,213.0,,,,,,1.64,185.0,765.0,7909.0,624.0,,1767.0,657.0,604.0,
"TUNA, DRIED, TEMPERED",,,,,,,R,,34.640537,12.419571,5.4839292,2.643693,1.5154411,40.267078,68.416908,60.317348,2.6627331,0.95816898,0.02748068,0.086571798,1.7729731,1.0087318,2.796876,112.23093,7.6027465,18.566446,0.084687002,,,1.062292,124.36092,563.30029,4131.8916,326.77774,,,,,
"TUNA, FRESH, BOILED",,,,,,,R,,10.503594,2.141288,3.251961,1.668628,0.42186201,19.36927,41.252892,28.652615,1.0635623,0.83862549,0.019263839,0.19843626,1.9733207,0.19016057,0.98733503,38.395771,2.5766902,20.197735,0.048393998,,,0.422268,131.27635,263.53867,48.966423,145.39104,,,,,
"TUNA, FRESH, BOILED, W/ COCONUT MILK",,,,,,,R,,10.559435,11.50911,4.1620331,1.36043,0.53485501,18.059099,42.72036,25.595345,1.82084,1.057218,0.0167882,0.17498286,2.0776794,0.17784087,0.92054999,40.663605,2.4795806,16.195127,0.062613003,,,0.36325198,120.60979,240.1931,45.228935,135.45842,,,,,
"TUNA, FRESH, DEEP-FRIED",,,,,,,R,,19.959444,18.003094,0.0,0,0.0,39.528183,48.425095,34.482506,0.92652899,1.462353,0.0,0.357216,3.7842569,0.3214944,1.5907274,69.352371,0.0,0.0,0.0,,,0.69210601,235.53931,356.0997,95.800865,294.70319,,,,,
"TURKEY BERRY (THIBBATU) AND LEAFY GREENS, NFS, TEMPERED",,,,,,,R,,3.608740091,8.508657455,9.085474968,7.26985693,5.011253357,0.0,215.0310822,70.15538788,2.473726273,0.796081185,0.060611524,0.133836329,1.013383508,0.574444711,,55.90169144,30.7059803,513.4293213,1.355395794,,,0.415541321,82.89212799,522.602356,20.91234779,12.40592575,,,,,1.764276862
"TURKEY BERRY (THIBBATU), TEMPERED",,,,,,,R,,2.330698967,8.675606728,10.35947037,7.172173977,6.513740063,0.0,158.7548065,53.50189972,1.453773975,0.550565004,0.043383151,0.04918845,1.065489888,0.710664392,,46.8900032,13.51585007,31.19918823,2.250917912,,,0.274143994,81.91796112,476.5126038,18.02528763,10.24642944,,,,,1.720054984
"TURKEY BERRY (THIBBATU), TEMPERED, W/ SCRAPED COCONUT",,,,,,,R,,2.375111103,15.69575596,8.874079704,7.680660725,5.998613834,0.0,77.4853363,53.3423233,1.273288965,0.670179009,0.016896799,0.04338935,0.971816778,0.689659178,,45.94551086,9.128543854,19.24736595,2.195662022,,,0.356999993,87.28152466,455.7664795,23.84229279,15.27558994,,,,,1.566323996
"TURNIP LEAVES, TEMPERED",,,,,,,R,,4.78295517,5.812599182,6.924685478,6.678634167,3.590068579,0.0,199.3943634,83.80899811,3.420299053,1.058763027,0.058000207,0.220623046,0.859987557,0.467376143,,67.48176575,48.45546722,1036.896118,0.425866783,,,0.605298162,80.55789948,535.0543213,24.42021751,14.78297997,,,,,1.740595579
"UPPUMA, TEMPERED W/ VEGETABLES",,,,,,,R,,4.8604593,4.2400651,28.364111,4.7573023,20.271574,0.0,24.274937,22.868555,1.758672,1.122031,0.085464202,0.02588255,0.59555978,0.093038648,0.0,17.456631,3.994596,110.1483,0.173605,,,0.38638401,50.850605,143.6521,8.8110399,1.432995,,64.612946,56.681053,194.03419,1.476508
"VADE (FRITTERS), BLACK GRAM",,,,,,,R,,13.6,0.85,27.4,,,,98.4,,3.5,1.5,0.2,0.2,1.25,0.03,0.0,72.1,0.55,18.5,,,,,,,,,,,,,
"VADE (FRITTERS), DHAL",,,,,,,R,,15.4,4.5,47.9,,,,48.4,,3.3,2.1,0.3,0.16,1.23,0.32,0.0,417.5,2.5,10.5,,,,,,,,,,,,,
"VEAL, DEEP-FRIED",,,,,,,R,,22.310812,23.72730637,2.528399944,1.613178015,2.288202047,48.85071945,21.03766823,33.8643837,3.575105906,3.197096586,0.033374,0.05844795,5.124189854,0.146156564,1.6582869,2.528939724,0.0,4.857379913,0.509360015,,,0.85294199,185.6720581,408.4407349,31.14587021,21.19427681,,,,,0.044688001
VEGETABLE CURRY WITH COCONUT MILK,100.0,10.0,1.0,9.0,,,S,120.0,,,,,,,,,,,,,,,,,,,,,,,,,,,,,,,
VEGETABLE CURRY WITH COCONUT OIL,100.0,12.0,1.0,5.0,,,S,80.0,,,,,,,,,,,,,,,,,,,,,,,,,,,,,,,
VEGETABLE KOTTU,,,,,Lunch,No,S,705.0,,,,,,,,,,,,,,,,,,,,,,,,,,,,,,,
VEGETABLE KOTTU,,,,,Breakfast,Yes,S,979.0,,,,,,,,,,,,,,,,,,,,,,,,,,,,,,,
VEGETABLE ROLL,50.0,18.0,3.0,4.0,,,S,120.0,,,,,,,,,,,,,,,,,,,,,,,,,,,,,,,
VEGETABLE ROTI,,,,,Breakfast,Yes,S,284.0,,,,,,,,,,,,,,,,,,,,,,,,,,,,,,,
VEGETABLE SOUP,100.0,6.0,1.5,0.3,,,R,30.0,3.513803005,0.480477005,9.733413696,4.264503002,5.208657742,0.0,43.66044617,26.04574776,1.306761503,0.504874229,0.055640351,0.045231052,0.512557268,0.154771253,,29.09160423,14.58968449,316.3060608,0.174747005,,,0.403609991,59.01694107,307.8643799,21.76308441,7.062270164,,,,,2.638001919
"VEGETABLE, NFS, AND DRIED FISH MALLUM, LIGHT TEMPERED, W/ SCRAPED COCONUT",,,,,,,R,,11.838052,8.2922192,4.3468981,5.7910295,2.2452135,23.361874,58.53096,56.257488,1.7808168,0.94803596,0.036456458,0.097663604,1.7342591,0.29710546,0.52939498,90.142311,9.6081657,29.600557,0.19248399,,,0.6949845,114.42545,409.91534,1825.428,81.826744,,,,,
"VEGETABLE, NFS, AND DRIED FISH, NFS, TEMPERED",,,,,,,R,,11.877072,6.2467012,5.4192939,4.6777697,1.2719467,24.264782,55.307976,53.118633,1.572193,0.84318823,0.049979117,0.1001611,1.8545381,0.29411307,0.54985547,91.806229,14.858517,41.310135,0.10799737,,,0.61191815,108.5787,403.14435,1890.1569,78.754929,,,,,
"VEGETABLE, NFS, AND DRIED FISH, NFS, TEMPERED, W/ COCONUT MILK",,,,,,,R,,8.0237818,19.103952,5.842598,2.7611854,1.0748535,13.759057,43.936409,30.452692,1.9337107,0.86562258,0.035919949,0.059433654,1.4435211,0.184848,0.24614923,60.080994,6.6994705,19.015652,0.072026931,,,0.35380962,61.638805,219.7784,1071.0006,44.914005,,,,,
"VEGETABLE, NFS, AND DRIED FISH, NFS, W/ COCONUT MILK",,,,,,,R,,8.0237818,13.843952,5.842598,2.7611854,1.0748535,13.759057,43.936409,30.452692,1.9337107,0.86562258,0.035919949,0.059433654,1.4204917,0.184848,0.31178904,60.080994,6.6994705,19.015652,0.072026931,,,0.35380962,61.638805,219.7784,1071.0006,44.914005,,,,,
"VEGETABLE, NFS, AND DRIED FISH, SMALL, TEMPERED",,,,,,,R,,11.350463,6.373456,5.4192939,4.6777697,1.2719467,29.492437,60.312424,57.369007,1.5744616,0.99945229,0.049979117,0.10805938,1.9853344,0.26078448,0.43948576,102.59276,14.858517,41.310135,0.10799737,,,0.56932795,123.1551,398.74274,2001.2181,67.404762,,,,,
"VEGETABLE, NFS, AND DRIED FISH, SMALL, W/ COCONUT MILK",,,,,,,R,,7.725174,13.915827,5.842598,2.7611854,1.0748535,16.723335,46.77412,32.862816,1.9349971,0.95423025,0.035919949,0.06391228,1.4946582,0.1659494,0.24920517,66.197365,6.6994705,19.015652,0.072026931,,,0.32965934,69.904175,217.2825,1133.9766,38.478024,,,,,
"VEGETABLE, NFS, BOILED W/ COCONUT MILK",,,,,,,R,,3.202032804,13.28018856,6.903553009,3.879667282,1.297220469,0.0,97.80103302,23.01502991,1.724197507,0.566844881,0.059950359,0.060604002,1.399966121,0.128621295,,45.52577591,9.691613197,27.84467316,0.102759436,,,0.420467913,36.33620453,216.4541931,5.190803528,2.203424692,,,,,1.166152716
"VEGETABLE, NFS, TEMPERED",,,,,,,R,,3.350068808,5.277957439,7.174543858,6.780965328,2.501513958,0.0,119.2502136,40.42028046,1.420481086,0.33247447,0.083784431,0.102490157,1.626349211,0.190917924,,56.99988556,17.02755547,45.93120575,0.188536495,,,0.683215737,62.9965744,386.6704712,8.76338768,3.629906654,,,,,2.205554962
"VEGETABLE, NFS, TEMPERED, W/ SCRAPED COCONUT",,,,,,,R,,3.292898655,14.68012619,5.700458527,7.146770477,2.078412771,0.0,38.14163589,39.80802536,1.218468547,0.452746242,0.054739065,0.092679426,1.471095681,0.181226224,,54.12369156,12.21311951,32.7273674,0.192110732,,,0.736593425,67.64585876,360.8225403,14.64971733,8.762187958,,,,,2.010369301
"VENISON (DEER MEAT), TEMPERED",,,,,,,R,,18.778418,6.020349,1.025844,0.493714,0.43025801,41.665001,33.866924,24.658047,3.0097821,2.036659,0.01030225,0.20462169,0.061867852,0.0158395,1.0907897,1.9840857,7.6146488,8.2461243,0.030779999,,,0.035106,180.524,318.1676,46.403015,7.7344899,,19.201031,6.1943178,30.781019,0.23209299
VISKIRINGA (SUGAR GLAZED RUSK),,,,,,,S,,7.0,20.0,71.0,1,,0.0,25.0,,1.5,,,0.4,,,,,,,,,,,,45.0,,,,,,,
WALI THALAPA,,,,,,,R,,2.7,3.4,64.7,1.6,30.1,0.0,13.0,13.3,0.89,0.57,0.03,0.02,1.3,0.06,0.0,9.4,0.1,0.0,0.2,0.4,0.0,,,,,,,,,,
WALNUTS,30.0,4.0,4.0,18.0,,,S,190.0,,,,,,,,,,,,,,,,,,,,,,,,,,,,,,,
WANDU,50.0,46.0,2.0,1.0,,,S,205.0,,,,,,,,,,,,,,,,,,,,,,,,,,,,,,,
WANDU APPA,,,,,,,R,,3.14041996,3.703359842,58.50453949,0.04764,0.198039994,0.0,12.91032028,0.69599998,1.067600012,0.667699993,0.037116997,0.023939999,0.913134038,0.081346497,,8.014808655,0.315840006,0.006048,0.00068,,,0.0132,1.30400002,5.144000053,0.320360005,0.224640012,,,,,0.00416
WATALAPPAN,,,,,,,R,,3.2,8.9,50.3,0.4,1.2,60.0,18.0,14.4,0.64,0.42,0.03,0.03,0.1,0.03,0.1164832,4.0,0.1,33.0,0.3,1.2,0.1,,,,,,,,,,
WATER MELON,,,,,,,S,,0.6,0.16,3.9,,,,5.3,,0.2,0.1,0.02,0.02,0.28,0.1,0.0,5.9,13.3,605.0,,,,,,,,,,,,,
"WATER, PLAIN",,,,,,,S,,0.0,0.0,0.0,0,,,0.0,0.0,0.0,0.0,0.0,0.0,0.0,0.0,0.0,0.0,0.0,0.0,,,,0.0,0.0,0.0,0.0,0.0,0.0,0.0,0.0,0.0,0.0
WATERMELON,100.0,7.6,0.6,0.2,,,S,30.0,,,,,,,,,,,,,,,,,,,,,,,,,,,,,,,
WHITE BREAD,100.0,50.0,9.0,3.0,,,S,270.0,,,,,,,,,,,,,,,,,,,,,,,,,,,,,,,
WHITE NOODLES,100.0,30.0,4.0,1.0,,,S,140.0,,,,,,,,,,,,,,,,,,,,,,,,,,,,,,,
WHITE RICE,80.0,24.0,2.0,0.0,,,S,110.0,,,,,,,,,,,,,,,,,,,,,,,,,,,,,,,
"WHITE RICE, BASMATI, KEKULU (POLISHED), STEAMED OR BOILED",,,,,,,R,,2.8,0.7,26.5,0,26.5,0.0,14.0,6.0,0.08,0.4,0.03,0.0,0.2,0.03,0.0,5.0,0.0,0.0,0.1,0.0,0.0,,,,,,,,,,
"WHITE RICE, BASMATI, PARBOILED, STEAMED OR BOILED",,,,,,,R,,3.2,1.0,27.3,0,27.3,0.0,0.0,0.4,0.08,0.12,0.09,0.2,0.0,0.0,0.0,0.0,0.0,0.0,0.0,0.0,0.0,,,,,,,,,,
"WHITE RICE, MEDIUM GRAIN, KEKULU (POLISHED), STEAMED OR BOILED",,,,,,,R,,2.8,0.7,26.5,0,26.5,0.0,14.0,6.0,0.08,0.4,0.03,0.0,0.2,0.03,0.0,5.0,0.0,0.0,0.1,0.0,0.0,,,,,,,,,,
"WHITE RICE, MEDIUM GRAIN, PARBOILED, STEAMED OR BOILED",,,,,,,R,,3.2,1.0,27.3,0,27.3,0.0,0.0,0.4,0.08,0.12,0.09,0.2,0.0,0.0,0.0,0.0,0.0,0.0,0.0,0.0,0.0,,,,,,,,,,
"WHITE RICE, SAMBA, KEKULU (POLISHED), STEAMED OR BOILED",,,,,,,R,,2.8,0.7,26.5,0,26.5,0.0,14.0,6.0,0.08,0.4,0.03,0.0,0.2,0.03,0.0,5.0,0.0,0.0,0.1,0.0,0.0,,,,,,,,,,
"WHITE RICE, SAMBA, PARBOILED, STEAMED OR BOILED",,,,,,,R,,3.2,1.0,27.3,0,27.3,0.0,0.0,0.4,0.08,0.12,0.09,0.2,0.0,0.0,0.0,0.0,0.0,0.0,0.0,0.0,0.0,,,,,,,,,,
WHITE SUGAR,4.0,4.0,0.0,0.0,,,S,16.0,,,,,,,,,,,,,,,,,,,,,,,,,,,,,,,
WHOLE MILK,,10.0,7.0,7.0,,,S,130.0,,,,,,,,,,,,,,,,,,,,,,,,,,,,,,,
"WINGED BEANS, BOILED",,,,,,,R,,1.510824,0.16422001,2.2662361,3.1037581,1.354815,0.0,53.310272,24.477812,0.93845397,0.3440198,0.0,0.064045802,0.57476997,0.28738499,,18.67243,12.612507,28.628473,0.082110003,,,0.0,0.0,0.0,0.0,0.0,,0.0,0.0,0.0,0.0
"WINGED BEANS, FRESH OR WATER-COOKED MALLUM W/ SCRAPED COCONUT",,,,,,,R,,5.2,7.5,6.0,2.8,1.1,0.0,60.0,36.5,1.91,0.43,0.06,0.06,0.5,0.09,0.0,47.1,8.8,2.0,0.5,2.2,0.1,,,,,,,,,,
"WINGED BEANS, TEMPERED",,,,,,,R,,2.748875141,6.645996094,4.918228149,5.361419201,2.595757961,0.0,92.68171692,44.00797653,1.65586102,0.614076018,0.012049899,0.105773948,1.036769152,0.512306511,,37.8465004,26.22967339,52.33429718,0.150665998,,,0.552927971,56.09721756,443.9838867,15.41738415,5.257881165,,,,,1.740782022
"WINGED BEANS, TEMPERED, W/ COCONUT MILK",,,,,,,R,,5.3,15.9,6.3,1.1,1.9,0.0,66.0,31.8,1.57,0.37,0.08,0.08,0.8,0.11,0.0,47.0,10.3,56.0,0.1,1.8,0.0,,,,,,,,,,
"WINGED BEANS, W/ COCONUT MILK",,,,,,,R,,5.5,9.2,5.8,0.6,1.3,0.0,68.0,30.8,1.64,0.34,0.07,0.06,0.5,0.08,0.0,46.1,7.2,27.0,0.0,1.3,0.0,,,,,,,,,,
WONDER CHOC ICE CREAM,,18.0,2.4,14.0,,,S,206.0,,,,,,,,,,,,,,,,,,,,,,,,,,,,,,,
WOOD APPLE,,,,,,,S,,3.1,3.6,7.5,5.2,2.8,0.0,56.0,23.7,0.45,0.31,0.04,0.01,0.6,0.17,0.0,6.5,22.2,0.0,0.1,9.8,7.8,,,,,,,,,,
WOODAPPLE JUICE,,,,,Beverage,Yes,S,783.0,,,,,,,,,,,,,,,,,,,,,,,,,,,,,,,
YEAST EXTRACT,,,,,,,S,,40.7,0.4,3.5,,,,70.0,160.0,2.9,2.7,4.1,11.9,64.0,1.6,0.5,2620.0,0.0,0.0,,,,,950.0,2100.0,4300.0,,0.0,,,,
YELLOW RICE,150.0,75.0,16.9,18.8,,,S,469.0,,,,,,,,,,,,,,,,,,,,,,,,,,,,,,,
"YOGHURT, LOW FAT, PLAIN",,,,,,,S,,4.8,1.0,7.8,0,0.3,0.0,162.0,16.0,0.08,0.6,0.12,0.22,0.1,0.01,0.56,18.0,1.0,0.0,0.0,0.5,0.0,0.56,143.0,228.0,63.0,2.0,8.0,0.66,0.24,0.0,0.0
"YOGHURT, NON FAT, PLAIN",,,,,,,S,,,,,,,,,,,,,,,,0.53,,,,,,,,,,,,,,,,
"YOGHURT, WHOLE MILK, PLAIN",,,,,,,S,,5.7,3.0,7.8,0,0.0,0.0,200.0,19.0,0.1,0.0,0.06,0.27,0.2,0.1,0.37,18.0,1.0,0.0,0.1,0.6,0.2,,,,,,,,,,
"YOGHURT, WHOLE MILK, SWEETENED OR FLAVORED",,,,,,,S,,5.3,6.2,15.9,0,0.0,13.0,177.0,0.0,0.0,0.0,0.0,0.0,0.0,0.0,0.5,0.0,0.0,0.0,0.0,0.6,0.2,,,,,,,,,,
YOGURT,80.0,10.0,5.0,3.0,,,S,90.0,,,,,,,,,,,,,,,,,,,,,,,,,,,,,,,
