source,relation,target
u1,hasRisk,d1
u2,hasRisk,d1
u3,hasRisk,d1
u4,hasRisk,d1
u5,hasRisk,d1
u6,hasRisk,d1
u7,hasRisk,d1
u8,hasRisk,d1
u9,hasRisk,d1
u10,hasRisk,d1
u11,hasRisk,d1
u12,hasRisk,d1
u13,hasRisk,d1
u14,hasRisk,d1
u15,hasRisk,d1
u16,hasRisk,d1
u17,hasRisk,d1
u18,hasRisk,d1
u19,hasRisk,d1
u20,hasRisk,d1
u21,hasRisk,d1
u22,hasRisk,d1
u23,hasRisk,d1
u24,hasRisk,d1
u25,hasRisk,d1
u26,hasRisk,d1
u27,hasRisk,d1
u28,hasRisk,d1
u29,hasRisk,d1
u30,hasRisk,d1
u31,hasRisk,d1
u32,hasRisk,d1
u33,hasRisk,d1
u34,hasRisk,d1
u35,hasRisk,d1
u36,hasRisk,d1
u37,hasRisk,d1
u38,hasRisk,d1
u39,hasRisk,d1
u40,hasRisk,d1
u41,hasRisk,d1
u42,hasRisk,d1
u43,hasRisk,d1
u44,hasRisk,d1
u45,hasRisk,d1
u46,hasRisk,d1
u47,hasRisk,d1
u48,hasRisk,d1
u49,hasRisk,d1
u50,hasRisk,d1
u51,hasRisk,d1
u52,hasRisk,d1
u53,hasRisk,d1
u54,hasRisk,d1
u55,hasRisk,d1
u56,hasRisk,d1
u57,hasRisk,d1
u58,hasRisk,d1
u59,hasRisk,d1
u60,hasRisk,d1
u61,hasRisk,d1
u62,hasRisk,d1
u63,hasRisk,d1
u64,hasRisk,d1
u65,hasRisk,d1
u66,hasRisk,d1
u67,hasRisk,d1
u68,hasRisk,d1
u69,hasRisk,d1
u70,hasRisk,d1
u71,hasRisk,d1
u72,hasRisk,d1
u73,hasRisk,d1
u74,hasRisk,d1
u75,hasRisk,d1
u76,hasRisk,d1
u77,hasRisk,d1
u78,hasRisk,d1
u79,hasRisk,d1
u80,hasRisk,d1
u81,hasRisk,d1
u82,hasRisk,d1
u83,hasRisk,d1
u84,hasRisk,d1
u85,hasRisk,d1
u86,hasRisk,d1
u87,hasRisk,d1
u88,hasRisk,d1
u89,hasRisk,d1
u90,hasRisk,d1
u91,hasRisk,d1
u92,hasRisk,d1
u93,hasRisk,d1
u94,hasRisk,d1
u95,hasRisk,d1
u96,hasRisk,d1
u97,hasRisk,d1
u98,hasRisk,d1
u99,hasRisk,d1
u100,hasRisk,d1
u101,hasRisk,d1
u102,hasRisk,d1
u103,hasRisk,d1
u104,hasRisk,d1
u105,hasRisk,d1
u106,hasRisk,d1
u107,hasRisk,d1
u108,hasRisk,d1
u109,hasRisk,d1
u110,hasRisk,d1
u111,hasRisk,d1
u112,hasRisk,d1
u113,hasRisk,d1
u114,hasRisk,d1
u115,hasRisk,d1
u116,hasRisk,d1
u117,hasRisk,d1
u118,hasRisk,d1
u119,hasRisk,d1
u120,hasRisk,d1
u121,hasRisk,d1
u122,hasRisk,d1
u123,hasRisk,d1
u124,hasRisk,d1
u125,hasRisk,d1
u126,hasRisk,d1
u127,hasRisk,d1
u128,hasRisk,d1
u129,hasRisk,d1
u130,hasRisk,d1
u131,hasRisk,d1
u132,hasRisk,d1
u133,hasRisk,d1
u134,hasRisk,d1
u135,hasRisk,d1
u136,hasRisk,d1
u137,hasRisk,d1
u138,hasRisk,d1
u139,hasRisk,d1
u140,hasRisk,d1
u141,hasRisk,d1
u142,hasRisk,d1
u143,hasRisk,d1
u144,hasRisk,d1
u145,hasRisk,d1
u146,hasRisk,d1
u147,hasRisk,d1
u148,hasRisk,d1
u149,hasRisk,d1
u150,hasRisk,d1
u151,hasRisk,d1
u152,hasRisk,d1
u153,hasRisk,d1
u154,hasRisk,d1
u155,hasRisk,d1
u156,hasRisk,d1
u157,hasRisk,d1
u158,hasRisk,d1
u159,hasRisk,d1
u160,hasRisk,d1
u161,hasRisk,d1
u162,hasRisk,d1
u163,hasRisk,d1
u164,hasRisk,d1
u165,hasRisk,d1
u166,hasRisk,d1
u167,hasRisk,d1
u168,hasRisk,d1
u169,hasRisk,d1
u170,hasRisk,d1
u171,hasRisk,d1
u172,hasRisk,d1
u173,hasRisk,d1
u174,hasRisk,d1
u175,hasRisk,d1
u176,hasRisk,d1
u177,hasRisk,d1
u178,hasRisk,d1
u179,hasRisk,d1
u180,hasRisk,d1
u181,hasRisk,d1
u182,hasRisk,d1
u183,hasRisk,d1
u184,hasRisk,d1
u185,hasRisk,d1
u186,hasRisk,d1
u187,hasRisk,d1
u188,hasRisk,d1
u189,hasRisk,d1
u190,hasRisk,d1
u191,hasRisk,d1
u192,hasRisk,d1
u193,hasRisk,d1
u194,hasRisk,d1
u195,hasRisk,d1
u196,hasRisk,d1
u197,hasRisk,d1
u198,hasRisk,d1
u199,hasRisk,d1
u200,hasRisk,d1
u201,hasRisk,d1
u202,hasRisk,d1
u203,hasRisk,d1
u204,hasRisk,d1
u205,hasRisk,d1
u206,hasRisk,d1
u207,hasRisk,d1
u208,hasRisk,d1
u209,hasRisk,d1
u210,hasRisk,d1
u211,hasRisk,d1
u212,hasRisk,d1
u213,hasRisk,d1
u214,hasRisk,d1
u215,hasRisk,d1
u216,hasRisk,d1
u217,hasRisk,d1
u218,hasRisk,d1
u219,hasRisk,d1
u220,hasRisk,d1
u221,hasRisk,d1
u222,hasRisk,d1
u223,hasRisk,d1
u224,hasRisk,d1
u225,hasRisk,d1
u226,hasRisk,d1
u227,hasRisk,d1
u228,hasRisk,d1
u229,hasRisk,d1
u230,hasRisk,d1
u231,hasRisk,d1
u232,hasRisk,d1
u233,hasRisk,d1
u234,hasRisk,d1
u235,hasRisk,d1
u236,hasRisk,d1
u237,hasRisk,d1
u238,hasRisk,d1
u239,hasRisk,d1
u240,hasRisk,d1
u241,hasRisk,d1
u242,hasRisk,d1
u243,hasRisk,d1
u244,hasRisk,d1
u245,hasRisk,d1
u246,hasRisk,d1
u247,hasRisk,d1
u248,hasRisk,d1
u249,hasRisk,d1
u250,hasRisk,d1
u251,hasRisk,d1
u252,hasRisk,d1
u253,hasRisk,d1
u254,hasRisk,d1
u255,hasRisk,d1
u256,hasRisk,d1
u257,hasRisk,d1
u258,hasRisk,d1
u259,hasRisk,d1
u260,hasRisk,d1
u261,hasRisk,d1
u262,hasRisk,d1
u263,hasRisk,d1
u264,hasRisk,d1
u265,hasRisk,d1
u266,hasRisk,d1
u267,hasRisk,d1
u268,hasRisk,d1
u269,hasRisk,d1
u270,hasRisk,d1
u271,hasRisk,d1
u272,hasRisk,d1
u273,hasRisk,d1
u274,hasRisk,d1
u275,hasRisk,d1
u276,hasRisk,d1
u277,hasRisk,d1
u278,hasRisk,d1
u279,hasRisk,d1
u280,hasRisk,d1
u281,hasRisk,d1
u282,hasRisk,d1
u283,hasRisk,d1
u284,hasRisk,d1
u285,hasRisk,d1
u286,hasRisk,d1
u287,hasRisk,d1
u288,hasRisk,d1
u289,hasRisk,d1
u290,hasRisk,d1
u291,hasRisk,d1
u292,hasRisk,d1
u293,hasRisk,d1
u294,hasRisk,d1
u295,hasRisk,d1
u296,hasRisk,d1
u297,hasRisk,d1
u298,hasRisk,d1
u299,hasRisk,d1
u300,hasRisk,d1
u301,hasRisk,d1
u302,hasRisk,d1
u303,hasRisk,d1
u304,hasRisk,d1
u305,hasRisk,d1
u306,hasRisk,d1
u307,hasRisk,d1
u308,hasRisk,d1
u309,hasRisk,d1
u310,hasRisk,d1
u311,hasRisk,d1
u312,hasRisk,d1
u313,hasRisk,d1
u314,hasRisk,d1
u315,hasRisk,d1
u316,hasRisk,d1
u317,hasRisk,d1
u318,hasRisk,d1
u319,hasRisk,d1
u320,hasRisk,d1
u321,hasRisk,d1
u322,hasRisk,d1
u323,hasRisk,d1
u324,hasRisk,d1
u325,hasRisk,d1
u326,hasRisk,d1
u327,hasRisk,d1
u328,hasRisk,d1
u329,hasRisk,d1
u330,hasRisk,d1
u331,hasRisk,d1
u332,hasRisk,d1
u333,hasRisk,d1
u334,hasRisk,d1
u335,hasRisk,d1
u336,hasRisk,d1
u337,hasRisk,d1
u338,hasRisk,d1
u339,hasRisk,d1
u340,hasRisk,d1
u341,hasRisk,d1
u342,hasRisk,d1
u343,hasRisk,d1
u344,hasRisk,d1
u345,hasRisk,d1
u346,hasRisk,d1
u347,hasRisk,d1
u348,hasRisk,d1
u349,hasRisk,d1
u350,hasRisk,d1
u351,hasRisk,d1
u352,hasRisk,d1
u353,hasRisk,d1
u354,hasRisk,d1
u355,hasRisk,d1
u356,hasRisk,d1
u357,hasRisk,d1
u358,hasRisk,d1
u359,hasRisk,d1
u360,hasRisk,d1
u361,hasRisk,d1
u362,hasRisk,d1
u363,hasRisk,d1
u364,hasRisk,d1
u365,hasRisk,d1
u366,hasRisk,d1
u367,hasRisk,d1
u368,hasRisk,d1
u369,hasRisk,d1
u370,hasRisk,d1
u371,hasRisk,d1
u372,hasRisk,d1
u373,hasRisk,d1
u374,hasRisk,d1
u375,hasRisk,d1
u376,hasRisk,d1
u377,hasRisk,d1
u378,hasRisk,d1
u379,hasRisk,d1
u380,hasRisk,d1
u381,hasRisk,d1
u382,hasRisk,d1
u383,hasRisk,d1
u384,hasRisk,d1
u385,hasRisk,d1
u386,hasRisk,d1
u387,hasRisk,d1
u388,hasRisk,d1
u389,hasRisk,d1
u390,hasRisk,d1
u391,hasRisk,d1
u392,hasRisk,d1
u393,hasRisk,d1
u394,hasRisk,d1
u395,hasRisk,d1
u396,hasRisk,d1
u397,hasRisk,d1
u398,hasRisk,d1
u399,hasRisk,d1
u400,hasRisk,d1
u401,hasRisk,d1
u402,hasRisk,d1
u403,hasRisk,d1
u404,hasRisk,d1
u405,hasRisk,d1
u406,hasRisk,d1
u407,hasRisk,d1
u408,hasRisk,d1
u409,hasRisk,d1
u410,hasRisk,d1
u411,hasRisk,d1
u412,hasRisk,d1
u413,hasRisk,d1
u414,hasRisk,d1
u415,hasRisk,d1
u416,hasRisk,d1
u417,hasRisk,d1
u418,hasRisk,d1
u419,hasRisk,d1
u420,hasRisk,d1
u421,hasRisk,d1
u422,hasRisk,d1
u423,hasRisk,d1
u424,hasRisk,d1
u425,hasRisk,d1
u426,hasRisk,d1
u427,hasRisk,d1
u428,hasRisk,d1
u429,hasRisk,d1
u430,hasRisk,d1
u431,hasRisk,d1
u432,hasRisk,d1
u433,hasRisk,d1
u434,hasRisk,d1
u435,hasRisk,d1
u436,hasRisk,d1
u437,hasRisk,d1
u438,hasRisk,d1
u439,hasRisk,d1
u440,hasRisk,d1
u441,hasRisk,d1
u442,hasRisk,d1
u443,hasRisk,d1
u444,hasRisk,d1
u445,hasRisk,d1
u446,hasRisk,d1
u447,hasRisk,d1
u448,hasRisk,d1
u449,hasRisk,d1
u450,hasRisk,d1
u451,hasRisk,d1
u452,hasRisk,d1
u453,hasRisk,d1
u454,hasRisk,d1
u455,hasRisk,d1
u456,hasRisk,d1
u457,hasRisk,d1
u458,hasRisk,d1
u459,hasRisk,d1
u460,hasRisk,d1
u461,hasRisk,d1
u462,hasRisk,d1
u463,hasRisk,d1
u464,hasRisk,d1
u465,hasRisk,d1
u466,hasRisk,d1
u467,hasRisk,d1
u468,hasRisk,d1
u469,hasRisk,d1
u470,hasRisk,d1
u471,hasRisk,d1
u472,hasRisk,d1
u473,hasRisk,d1
u474,hasRisk,d1
u475,hasRisk,d1
u476,hasRisk,d1
u477,hasRisk,d1
u478,hasRisk,d1
u479,hasRisk,d1
u480,hasRisk,d1
u481,hasRisk,d1
u482,hasRisk,d1
u483,hasRisk,d1
u484,hasRisk,d1
u485,hasRisk,d1
u486,hasRisk,d1
u487,hasRisk,d1
u488,hasRisk,d1
u489,hasRisk,d1
u490,hasRisk,d1
u491,hasRisk,d1
u492,hasRisk,d1
u493,hasRisk,d1
u494,hasRisk,d1
u495,hasRisk,d1
u496,hasRisk,d1
u497,hasRisk,d1
u498,hasRisk,d1
u499,hasRisk,d1
u500,hasRisk,d1
u501,hasRisk,d1
u502,hasRisk,d1
u503,hasRisk,d1
u504,hasRisk,d1
u505,hasRisk,d1
u506,hasRisk,d1
u507,hasRisk,d1
u508,hasRisk,d1
u509,hasRisk,d1
u510,hasRisk,d1
u511,hasRisk,d1
u512,hasRisk,d1
u513,hasRisk,d1
u514,hasRisk,d1
u515,hasRisk,d1
u516,hasRisk,d1
u517,hasRisk,d1
u518,hasRisk,d1
u519,hasRisk,d1
u520,hasRisk,d1
u521,hasRisk,d1
u522,hasRisk,d1
u523,hasRisk,d1
u524,hasRisk,d1
u525,hasRisk,d1
u526,hasRisk,d1
u527,hasRisk,d1
u528,hasRisk,d1
u529,hasRisk,d1
u530,hasRisk,d1
u531,hasRisk,d1
u532,hasRisk,d1
u533,hasRisk,d1
u534,hasRisk,d1
u535,hasRisk,d1
u536,hasRisk,d1
u537,hasRisk,d1
u538,hasRisk,d1
u539,hasRisk,d1
u540,hasRisk,d1
u541,hasRisk,d1
u542,hasRisk,d1
u543,hasRisk,d1
u544,hasRisk,d1
u545,hasRisk,d1
u546,hasRisk,d1
u547,hasRisk,d1
u548,hasRisk,d1
u549,hasRisk,d1
u550,hasRisk,d1
u551,hasRisk,d1
u552,hasRisk,d1
u553,hasRisk,d1
u554,hasRisk,d1
u555,hasRisk,d1
u556,hasRisk,d1
u557,hasRisk,d1
u558,hasRisk,d1
u559,hasRisk,d1
u560,hasRisk,d1
u561,hasRisk,d1
u562,hasRisk,d1
u563,hasRisk,d1
u564,hasRisk,d1
u565,hasRisk,d1
u566,hasRisk,d1
u567,hasRisk,d1
u568,hasRisk,d1
u569,hasRisk,d1
u570,hasRisk,d1
u571,hasRisk,d1
u572,hasRisk,d1
u573,hasRisk,d1
u574,hasRisk,d1
u575,hasRisk,d1
u576,hasRisk,d1
u577,hasRisk,d1
u578,hasRisk,d1
u579,hasRisk,d1
u580,hasRisk,d1
u581,hasRisk,d1
u582,hasRisk,d1
u583,hasRisk,d1
u584,hasRisk,d1
u585,hasRisk,d1
u586,hasRisk,d1
u587,hasRisk,d1
u588,hasRisk,d1
u589,hasRisk,d1
u590,hasRisk,d1
u591,hasRisk,d1
u592,hasRisk,d1
u593,hasRisk,d1
u594,hasRisk,d1
u595,hasRisk,d1
u596,hasRisk,d1
u597,hasRisk,d1
u598,hasRisk,d1
u599,hasRisk,d1
u600,hasRisk,d1
u601,hasRisk,d1
u602,hasRisk,d1
u603,hasRisk,d1
u604,hasRisk,d1
u605,hasRisk,d1
u606,hasRisk,d1
u607,hasRisk,d1
u608,hasRisk,d1
u609,hasRisk,d1
u610,hasRisk,d1
u611,hasRisk,d1
u612,hasRisk,d1
u613,hasRisk,d1
u614,hasRisk,d1
u615,hasRisk,d1
u616,hasRisk,d1
u617,hasRisk,d1
u618,hasRisk,d1
u619,hasRisk,d1
u620,hasRisk,d1
u621,hasRisk,d1
u622,hasRisk,d1
u623,hasRisk,d1
u624,hasRisk,d1
u625,hasRisk,d1
u626,hasRisk,d1
u627,hasRisk,d1
u628,hasRisk,d1
u629,hasRisk,d1
u630,hasRisk,d1
u631,hasRisk,d1
u632,hasRisk,d1
u633,hasRisk,d1
u634,hasRisk,d1
u635,hasRisk,d1
u636,hasRisk,d1
u637,hasRisk,d1
u638,hasRisk,d1
u639,hasRisk,d1
u640,hasRisk,d1
u641,hasRisk,d1
u642,hasRisk,d1
u643,hasRisk,d1
u644,hasRisk,d1
u645,hasRisk,d1
u646,hasRisk,d1
u647,hasRisk,d1
u648,hasRisk,d1
u649,hasRisk,d1
u650,hasRisk,d1
u651,hasRisk,d1
u652,hasRisk,d1
u653,hasRisk,d1
u654,hasRisk,d1
u655,hasRisk,d1
u656,hasRisk,d1
u657,hasRisk,d1
u658,hasRisk,d1
u659,hasRisk,d1
u660,hasRisk,d1
u661,hasRisk,d1
u662,hasRisk,d1
u663,hasRisk,d1
u664,hasRisk,d1
u665,hasRisk,d1
u666,hasRisk,d1
u667,hasRisk,d1
u668,hasRisk,d1
u669,hasRisk,d1
u670,hasRisk,d1
u671,hasRisk,d1
u672,hasRisk,d1
u673,hasRisk,d1
u674,hasRisk,d1
u675,hasRisk,d1
u676,hasRisk,d1
u677,hasRisk,d1
u678,hasRisk,d1
u679,hasRisk,d1
u680,hasRisk,d1
u681,hasRisk,d1
u682,hasRisk,d1
u683,hasRisk,d1
u684,hasRisk,d1
u685,hasRisk,d1
u686,hasRisk,d1
u687,hasRisk,d1
u688,hasRisk,d1
u689,hasRisk,d1
u690,hasRisk,d1
u691,hasRisk,d1
u692,hasRisk,d1
u693,hasRisk,d1
u694,hasRisk,d1
u695,hasRisk,d1
u696,hasRisk,d1
u697,hasRisk,d1
u698,hasRisk,d1
u699,hasRisk,d1
u700,hasRisk,d1
u701,hasRisk,d1
u702,hasRisk,d1
u703,hasRisk,d1
u704,hasRisk,d1
u705,hasRisk,d1
u706,hasRisk,d1
u707,hasRisk,d1
u708,hasRisk,d1
u709,hasRisk,d1
u710,hasRisk,d1
u711,hasRisk,d1
u712,hasRisk,d1
u713,hasRisk,d1
u714,hasRisk,d1
u715,hasRisk,d1
u716,hasRisk,d1
u717,hasRisk,d1
u718,hasRisk,d1
u719,hasRisk,d1
u720,hasRisk,d1
u721,hasRisk,d1
u722,hasRisk,d1
u723,hasRisk,d1
u724,hasRisk,d1
u725,hasRisk,d1
u726,hasRisk,d1
u727,hasRisk,d1
u728,hasRisk,d1
u729,hasRisk,d1
u730,hasRisk,d1
u731,hasRisk,d1
u732,hasRisk,d1
u733,hasRisk,d1
u734,hasRisk,d1
u735,hasRisk,d1
u736,hasRisk,d1
u737,hasRisk,d1
u738,hasRisk,d1
u739,hasRisk,d1
u740,hasRisk,d1
u741,hasRisk,d1
u742,hasRisk,d1
u743,hasRisk,d1
u744,hasRisk,d1
u745,hasRisk,d1
u746,hasRisk,d1
u747,hasRisk,d1
u748,hasRisk,d1
u749,hasRisk,d1
u750,hasRisk,d1
u751,hasRisk,d1
u752,hasRisk,d1
u753,hasRisk,d1
u754,hasRisk,d1
u755,hasRisk,d1
u756,hasRisk,d1
u757,hasRisk,d1
u758,hasRisk,d1
u759,hasRisk,d1
u760,hasRisk,d1
u761,hasRisk,d1
u762,hasRisk,d1
u763,hasRisk,d1
u764,hasRisk,d1
u765,hasRisk,d1
u766,hasRisk,d1
u767,hasRisk,d1
u768,hasRisk,d1
u769,hasRisk,d1
u770,hasRisk,d1
u771,hasRisk,d1
u772,hasRisk,d1
u773,hasRisk,d1
u774,hasRisk,d1
u775,hasRisk,d1
u776,hasRisk,d1
u777,hasRisk,d1
u778,hasRisk,d1
u779,hasRisk,d1
u780,hasRisk,d1
u781,hasRisk,d1
u782,hasRisk,d1
u783,hasRisk,d1
u784,hasRisk,d1
u785,hasRisk,d1
u786,hasRisk,d1
u787,hasRisk,d1
u788,hasRisk,d1
u789,hasRisk,d1
u790,hasRisk,d1
u791,hasRisk,d1
u792,hasRisk,d1
u793,hasRisk,d1
u794,hasRisk,d1
u795,hasRisk,d1
u796,hasRisk,d1
u797,hasRisk,d1
u798,hasRisk,d1
u799,hasRisk,d1
u800,hasRisk,d1
u801,hasRisk,d1
u802,hasRisk,d1
u803,hasRisk,d1
u804,hasRisk,d1
u805,hasRisk,d1
u806,hasRisk,d1
u807,hasRisk,d1
u808,hasRisk,d1
u809,hasRisk,d1
u810,hasRisk,d1
u811,hasRisk,d1
u812,hasRisk,d1
u813,hasRisk,d1
u814,hasRisk,d1
u815,hasRisk,d1
u816,hasRisk,d1
u817,hasRisk,d1
u818,hasRisk,d1
u819,hasRisk,d1
u820,hasRisk,d1
u821,hasRisk,d1
u822,hasRisk,d1
u823,hasRisk,d1
u824,hasRisk,d1
u825,hasRisk,d1
u826,hasRisk,d1
u827,hasRisk,d1
u828,hasRisk,d1
u829,hasRisk,d1
u830,hasRisk,d1
u831,hasRisk,d1
u832,hasRisk,d1
u833,hasRisk,d1
u834,hasRisk,d1
u835,hasRisk,d1
u836,hasRisk,d1
u837,hasRisk,d1
u838,hasRisk,d1
u839,hasRisk,d1
u840,hasRisk,d1
u841,hasRisk,d1
u842,hasRisk,d1
u843,hasRisk,d1
u844,hasRisk,d1
u845,hasRisk,d1
u846,hasRisk,d1
u847,hasRisk,d1
u848,hasRisk,d1
u849,hasRisk,d1
u850,hasRisk,d1
u851,hasRisk,d1
u852,hasRisk,d1
u853,hasRisk,d1
u854,hasRisk,d1
u855,hasRisk,d1
u856,hasRisk,d1
u857,hasRisk,d1
u858,hasRisk,d1
u859,hasRisk,d1
u860,hasRisk,d1
u861,hasRisk,d1
u862,hasRisk,d1
u863,hasRisk,d1
u864,hasRisk,d1
u865,hasRisk,d1
u866,hasRisk,d1
u867,hasRisk,d1
u868,hasRisk,d1
u869,hasRisk,d1
u870,hasRisk,d1
u871,hasRisk,d1
u872,hasRisk,d1
u873,hasRisk,d1
u874,hasRisk,d1
u875,hasRisk,d1
u876,hasRisk,d1
u877,hasRisk,d1
u878,hasRisk,d1
u879,hasRisk,d1
u880,hasRisk,d1
u881,hasRisk,d1
u882,hasRisk,d1
u883,hasRisk,d1
u884,hasRisk,d1
u885,hasRisk,d1
u886,hasRisk,d1
u887,hasRisk,d1
u888,hasRisk,d1
u889,hasRisk,d1
u890,hasRisk,d1
u891,hasRisk,d1
u892,hasRisk,d1
u893,hasRisk,d1
u894,hasRisk,d1
u895,hasRisk,d1
u896,hasRisk,d1
u897,hasRisk,d1
u898,hasRisk,d1
u899,hasRisk,d1
u900,hasRisk,d1
u901,hasRisk,d1
u902,hasRisk,d1
u903,hasRisk,d1
u904,hasRisk,d1
u905,hasRisk,d1
u906,hasRisk,d1
u907,hasRisk,d1
u908,hasRisk,d1
u909,hasRisk,d1
u910,hasRisk,d1
u911,hasRisk,d1
u912,hasRisk,d1
u913,hasRisk,d1
u914,hasRisk,d1
u915,hasRisk,d1
u916,hasRisk,d1
u917,hasRisk,d1
u918,hasRisk,d1
u919,hasRisk,d1
u920,hasRisk,d1
u921,hasRisk,d1
u922,hasRisk,d1
u923,hasRisk,d1
u924,hasRisk,d1
u925,hasRisk,d1
u926,hasRisk,d1
u927,hasRisk,d1
u928,hasRisk,d1
u929,hasRisk,d1
u930,hasRisk,d1
u931,hasRisk,d1
u932,hasRisk,d1
u933,hasRisk,d1
u934,hasRisk,d1
u935,hasRisk,d1
u936,hasRisk,d1
u937,hasRisk,d1
u938,hasRisk,d1
u939,hasRisk,d1
u940,hasRisk,d1
u941,hasRisk,d1
u942,hasRisk,d1
u943,hasRisk,d1
u944,hasRisk,d1
u945,hasRisk,d1
u946,hasRisk,d1
u947,hasRisk,d1
u948,hasRisk,d1
u949,hasRisk,d1
u950,hasRisk,d1
u951,hasRisk,d1
u952,hasRisk,d1
u953,hasRisk,d1
u954,hasRisk,d1
u955,hasRisk,d1
u956,hasRisk,d1
u957,hasRisk,d1
u958,hasRisk,d1
u959,hasRisk,d1
u960,hasRisk,d1
u961,hasRisk,d1
u962,hasRisk,d1
u963,hasRisk,d1
u964,hasRisk,d1
u965,hasRisk,d1
u966,hasRisk,d1
u967,hasRisk,d1
u968,hasRisk,d1
u969,hasRisk,d1
u970,hasRisk,d1
u971,hasRisk,d1
u972,hasRisk,d1
u973,hasRisk,d1
u974,hasRisk,d1
u975,hasRisk,d1
u976,hasRisk,d1
u977,hasRisk,d1
u978,hasRisk,d1
u979,hasRisk,d1
u980,hasRisk,d1
u981,hasRisk,d1
u982,hasRisk,d1
u983,hasRisk,d1
u984,hasRisk,d1
u985,hasRisk,d1
u986,hasRisk,d1
u987,hasRisk,d1
u988,hasRisk,d1
u989,hasRisk,d1
u990,hasRisk,d1
u991,hasRisk,d1
u992,hasRisk,d1
u993,hasRisk,d1
u994,hasRisk,d1
u995,hasRisk,d1
u996,hasRisk,d1
u997,hasRisk,d1
u998,hasRisk,d1
u999,hasRisk,d1
u1000,hasRisk,d1
u1001,hasRisk,d1
u1002,hasRisk,d1
u1003,hasRisk,d1
u1004,hasRisk,d1
u1005,hasRisk,d1
u1006,hasRisk,d1
u1007,hasRisk,d1
u1008,hasRisk,d1
u1009,hasRisk,d1
u1010,hasRisk,d1
u1011,hasRisk,d1
u1012,hasRisk,d1
u1013,hasRisk,d1
u1014,hasRisk,d1
u1015,hasRisk,d1
u1016,hasRisk,d1
u1017,hasRisk,d1
u1018,hasRisk,d1
u1019,hasRisk,d1
u1020,hasRisk,d1
u1021,hasRisk,d1
u1022,hasRisk,d1
u1023,hasRisk,d1
u1024,hasRisk,d1
u1025,hasRisk,d1
u1026,hasRisk,d1
u1027,hasRisk,d1
u1028,hasRisk,d1
u1029,hasRisk,d1
u1030,hasRisk,d1
u1031,hasRisk,d1
u1032,hasRisk,d1
u1033,hasRisk,d1
u1034,hasRisk,d1
u1035,hasRisk,d1
u1036,hasRisk,d1
u1037,hasRisk,d1
u1038,hasRisk,d1
u1039,hasRisk,d1
u1040,hasRisk,d1
u1041,hasRisk,d1
u1042,hasRisk,d1
u1043,hasRisk,d1
u1044,hasRisk,d1
u1045,hasRisk,d1
u1046,hasRisk,d1
u1047,hasRisk,d1
u1048,hasRisk,d1
u1049,hasRisk,d1
u1050,hasRisk,d1
u1051,hasRisk,d1
u1052,hasRisk,d1
u1053,hasRisk,d1
u1054,hasRisk,d1
u1055,hasRisk,d1
u1056,hasRisk,d1
u1057,hasRisk,d1
u1058,hasRisk,d1
u1059,hasRisk,d1
u1060,hasRisk,d1
u1061,hasRisk,d1
u1062,hasRisk,d1
u1,prefers,Sri Lankan
u2,prefers,Western
u3,prefers,Mixed
u4,prefers,Western
u5,prefers,Sri Lankan
u6,prefers,Western
u7,prefers,Sri Lankan
u8,prefers,Sri Lankan
u9,prefers,Sri Lankan
u10,prefers,Sri Lankan
u11,prefers,Mixed
u12,prefers,Mixed
u13,prefers,Western
u14,prefers,Sri Lankan
u15,prefers,Sri Lankan
u16,prefers,Western
u17,prefers,Mixed
u18,prefers,Western
u19,prefers,Mixed
u20,prefers,Mixed
u21,prefers,Western
u22,prefers,Mixed
u23,prefers,Sri Lankan
u24,prefers,Mixed
u25,prefers,Sri Lankan
u26,prefers,Mixed
u27,prefers,Mixed
u28,prefers,Western
u29,prefers,Sri Lankan
u30,prefers,Western
u31,prefers,Western
u32,prefers,Mixed
u33,prefers,Sri Lankan
u34,prefers,Western
u35,prefers,Sri Lankan
u36,prefers,Mixed
u37,prefers,Sri Lankan
u38,prefers,Western
u39,prefers,Sri Lankan
u40,prefers,Sri Lankan
u41,prefers,Mixed
u42,prefers,Sri Lankan
u43,prefers,Western
u44,prefers,Mixed
u45,prefers,Mixed
u46,prefers,Mixed
u47,prefers,Sri Lankan
u48,prefers,Western
u49,prefers,Western
u50,prefers,Sri Lankan
u51,prefers,Western
u52,prefers,Sri Lankan
u53,prefers,Sri Lankan
u54,prefers,Western
u55,prefers,Sri Lankan
u56,prefers,Sri Lankan
u57,prefers,Sri Lankan
u58,prefers,Mixed
u59,prefers,Western
u60,prefers,Western
u61,prefers,Mixed
u62,prefers,Mixed
u63,prefers,Mixed
u64,prefers,Mixed
u65,prefers,Sri Lankan
u66,prefers,Western
u67,prefers,Sri Lankan
u68,prefers,Western
u69,prefers,Western
u70,prefers,Sri Lankan
u71,prefers,Sri Lankan
u72,prefers,Sri Lankan
u73,prefers,Western
u74,prefers,Sri Lankan
u75,prefers,Western
u76,prefers,Western
u77,prefers,Western
u78,prefers,Western
u79,prefers,Western
u80,prefers,Sri Lankan
u81,prefers,Mixed
u82,prefers,Sri Lankan
u83,prefers,Western
u84,prefers,Western
u85,prefers,Sri Lankan
u86,prefers,Western
u87,prefers,Western
u88,prefers,Western
u89,prefers,Sri Lankan
u90,prefers,Mixed
u91,prefers,Sri Lankan
u92,prefers,Sri Lankan
u93,prefers,Western
u94,prefers,Western
u95,prefers,Mixed
u96,prefers,Sri Lankan
u97,prefers,Sri Lankan
u98,prefers,Western
u99,prefers,Sri Lankan
u100,prefers,Sri Lankan
u101,prefers,Mixed
u102,prefers,Mixed
u103,prefers,Mixed
u104,prefers,Sri Lankan
u105,prefers,Mixed
u106,prefers,Western
u107,prefers,Sri Lankan
u108,prefers,Western
u109,prefers,Western
u110,prefers,Sri Lankan
u111,prefers,Mixed
u112,prefers,Mixed
u113,prefers,Western
u114,prefers,Western
u115,prefers,Western
u116,prefers,Western
u117,prefers,Sri Lankan
u118,prefers,Mixed
u119,prefers,Western
u120,prefers,Western
u121,prefers,Mixed
u122,prefers,Western
u123,prefers,Sri Lankan
u124,prefers,Western
u125,prefers,Western
u126,prefers,Sri Lankan
u127,prefers,Sri Lankan
u128,prefers,Mixed
u129,prefers,Sri Lankan
u130,prefers,Mixed
u131,prefers,Sri Lankan
u132,prefers,Western
u133,prefers,Western
u134,prefers,Mixed
u135,prefers,Western
u136,prefers,Mixed
u137,prefers,Western
u138,prefers,Mixed
u139,prefers,Sri Lankan
u140,prefers,Western
u141,prefers,Sri Lankan
u142,prefers,Western
u143,prefers,Mixed
u144,prefers,Western
u145,prefers,Western
u146,prefers,Sri Lankan
u147,prefers,Sri Lankan
u148,prefers,Sri Lankan
u149,prefers,Mixed
u150,prefers,Sri Lankan
u151,prefers,Mixed
u152,prefers,Western
u153,prefers,Sri Lankan
u154,prefers,Western
u155,prefers,Mixed
u156,prefers,Western
u157,prefers,Mixed
u158,prefers,Mixed
u159,prefers,Western
u160,prefers,Western
u161,prefers,Sri Lankan
u162,prefers,Western
u163,prefers,Sri Lankan
u164,prefers,Western
u165,prefers,Sri Lankan
u166,prefers,Sri Lankan
u167,prefers,Sri Lankan
u168,prefers,Mixed
u169,prefers,Western
u170,prefers,Western
u171,prefers,Mixed
u172,prefers,Western
u173,prefers,Sri Lankan
u174,prefers,Mixed
u175,prefers,Sri Lankan
u176,prefers,Western
u177,prefers,Mixed
u178,prefers,Mixed
u179,prefers,Western
u180,prefers,Western
u181,prefers,Mixed
u182,prefers,Sri Lankan
u183,prefers,Western
u184,prefers,Western
u185,prefers,Mixed
u186,prefers,Sri Lankan
u187,prefers,Western
u188,prefers,Sri Lankan
u189,prefers,Mixed
u190,prefers,Mixed
u191,prefers,Sri Lankan
u192,prefers,Western
u193,prefers,Sri Lankan
u194,prefers,Mixed
u195,prefers,Mixed
u196,prefers,Mixed
u197,prefers,Mixed
u198,prefers,Western
u199,prefers,Sri Lankan
u200,prefers,Sri Lankan
u201,prefers,Western
u202,prefers,Western
u203,prefers,Western
u204,prefers,Sri Lankan
u205,prefers,Sri Lankan
u206,prefers,Western
u207,prefers,Sri Lankan
u208,prefers,Sri Lankan
u209,prefers,Sri Lankan
u210,prefers,Western
u211,prefers,Mixed
u212,prefers,Western
u213,prefers,Sri Lankan
u214,prefers,Mixed
u215,prefers,Western
u216,prefers,Mixed
u217,prefers,Mixed
u218,prefers,Mixed
u219,prefers,Mixed
u220,prefers,Sri Lankan
u221,prefers,Western
u222,prefers,Western
u223,prefers,Sri Lankan
u224,prefers,Mixed
u225,prefers,Mixed
u226,prefers,Western
u227,prefers,Mixed
u228,prefers,Western
u229,prefers,Western
u230,prefers,Western
u231,prefers,Mixed
u232,prefers,Sri Lankan
u233,prefers,Western
u234,prefers,Mixed
u235,prefers,Western
u236,prefers,Mixed
u237,prefers,Sri Lankan
u238,prefers,Western
u239,prefers,Mixed
u240,prefers,Mixed
u241,prefers,Western
u242,prefers,Western
u243,prefers,Western
u244,prefers,Mixed
u245,prefers,Mixed
u246,prefers,Western
u247,prefers,Mixed
u248,prefers,Western
u249,prefers,Western
u250,prefers,Western
u251,prefers,Western
u252,prefers,Sri Lankan
u253,prefers,Sri Lankan
u254,prefers,Western
u255,prefers,Sri Lankan
u256,prefers,Mixed
u257,prefers,Western
u258,prefers,Mixed
u259,prefers,Sri Lankan
u260,prefers,Sri Lankan
u261,prefers,Western
u262,prefers,Mixed
u263,prefers,Mixed
u264,prefers,Sri Lankan
u265,prefers,Western
u266,prefers,Sri Lankan
u267,prefers,Western
u268,prefers,Mixed
u269,prefers,Sri Lankan
u270,prefers,Mixed
u271,prefers,Western
u272,prefers,Mixed
u273,prefers,Western
u274,prefers,Western
u275,prefers,Mixed
u276,prefers,Western
u277,prefers,Western
u278,prefers,Mixed
u279,prefers,Sri Lankan
u280,prefers,Mixed
u281,prefers,Western
u282,prefers,Sri Lankan
u283,prefers,Sri Lankan
u284,prefers,Sri Lankan
u285,prefers,Sri Lankan
u286,prefers,Mixed
u287,prefers,Western
u288,prefers,Sri Lankan
u289,prefers,Mixed
u290,prefers,Western
u291,prefers,Western
u292,prefers,Sri Lankan
u293,prefers,Western
u294,prefers,Sri Lankan
u295,prefers,Mixed
u296,prefers,Sri Lankan
u297,prefers,Sri Lankan
u298,prefers,Sri Lankan
u299,prefers,Western
u300,prefers,Sri Lankan
u301,prefers,Western
u302,prefers,Sri Lankan
u303,prefers,Western
u304,prefers,Sri Lankan
u305,prefers,Western
u306,prefers,Mixed
u307,prefers,Sri Lankan
u308,prefers,Western
u309,prefers,Mixed
u310,prefers,Sri Lankan
u311,prefers,Mixed
u312,prefers,Mixed
u313,prefers,Sri Lankan
u314,prefers,Mixed
u315,prefers,Mixed
u316,prefers,Sri Lankan
u317,prefers,Sri Lankan
u318,prefers,Mixed
u319,prefers,Mixed
u320,prefers,Sri Lankan
u321,prefers,Mixed
u322,prefers,Western
u323,prefers,Sri Lankan
u324,prefers,Western
u325,prefers,Mixed
u326,prefers,Sri Lankan
u327,prefers,Sri Lankan
u328,prefers,Western
u329,prefers,Western
u330,prefers,Mixed
u331,prefers,Western
u332,prefers,Western
u333,prefers,Mixed
u334,prefers,Sri Lankan
u335,prefers,Mixed
u336,prefers,Sri Lankan
u337,prefers,Sri Lankan
u338,prefers,Sri Lankan
u339,prefers,Western
u340,prefers,Mixed
u341,prefers,Mixed
u342,prefers,Western
u343,prefers,Sri Lankan
u344,prefers,Sri Lankan
u345,prefers,Mixed
u346,prefers,Sri Lankan
u347,prefers,Western
u348,prefers,Sri Lankan
u349,prefers,Western
u350,prefers,Sri Lankan
u351,prefers,Mixed
u352,prefers,Mixed
u353,prefers,Mixed
u354,prefers,Western
u355,prefers,Western
u356,prefers,Sri Lankan
u357,prefers,Western
u358,prefers,Sri Lankan
u359,prefers,Sri Lankan
u360,prefers,Western
u361,prefers,Sri Lankan
u362,prefers,Western
u363,prefers,Sri Lankan
u364,prefers,Sri Lankan
u365,prefers,Western
u366,prefers,Mixed
u367,prefers,Sri Lankan
u368,prefers,Western
u369,prefers,Mixed
u370,prefers,Sri Lankan
u371,prefers,Mixed
u372,prefers,Western
u373,prefers,Sri Lankan
u374,prefers,Mixed
u375,prefers,Western
u376,prefers,Mixed
u377,prefers,Sri Lankan
u378,prefers,Sri Lankan
u379,prefers,Sri Lankan
u380,prefers,Sri Lankan
u381,prefers,Western
u382,prefers,Sri Lankan
u383,prefers,Sri Lankan
u384,prefers,Mixed
u385,prefers,Western
u386,prefers,Sri Lankan
u387,prefers,Western
u388,prefers,Sri Lankan
u389,prefers,Mixed
u390,prefers,Mixed
u391,prefers,Mixed
u392,prefers,Western
u393,prefers,Sri Lankan
u394,prefers,Sri Lankan
u395,prefers,Sri Lankan
u396,prefers,Sri Lankan
u397,prefers,Mixed
u398,prefers,Mixed
u399,prefers,Sri Lankan
u400,prefers,Mixed
u401,prefers,Western
u402,prefers,Sri Lankan
u403,prefers,Western
u404,prefers,Sri Lankan
u405,prefers,Mixed
u406,prefers,Mixed
u407,prefers,Mixed
u408,prefers,Mixed
u409,prefers,Western
u410,prefers,Western
u411,prefers,Mixed
u412,prefers,Sri Lankan
u413,prefers,Mixed
u414,prefers,Western
u415,prefers,Western
u416,prefers,Mixed
u417,prefers,Sri Lankan
u418,prefers,Mixed
u419,prefers,Western
u420,prefers,Sri Lankan
u421,prefers,Mixed
u422,prefers,Mixed
u423,prefers,Mixed
u424,prefers,Western
u425,prefers,Western
u426,prefers,Western
u427,prefers,Western
u428,prefers,Mixed
u429,prefers,Sri Lankan
u430,prefers,Western
u431,prefers,Western
u432,prefers,Sri Lankan
u433,prefers,Western
u434,prefers,Mixed
u435,prefers,Mixed
u436,prefers,Sri Lankan
u437,prefers,Mixed
u438,prefers,Mixed
u439,prefers,Sri Lankan
u440,prefers,Western
u441,prefers,Western
u442,prefers,Sri Lankan
u443,prefers,Sri Lankan
u444,prefers,Mixed
u445,prefers,Western
u446,prefers,Sri Lankan
u447,prefers,Mixed
u448,prefers,Sri Lankan
u449,prefers,Mixed
u450,prefers,Sri Lankan
u451,prefers,Mixed
u452,prefers,Mixed
u453,prefers,Western
u454,prefers,Mixed
u455,prefers,Sri Lankan
u456,prefers,Western
u457,prefers,Sri Lankan
u458,prefers,Western
u459,prefers,Sri Lankan
u460,prefers,Sri Lankan
u461,prefers,Mixed
u462,prefers,Western
u463,prefers,Mixed
u464,prefers,Sri Lankan
u465,prefers,Sri Lankan
u466,prefers,Western
u467,prefers,Mixed
u468,prefers,Western
u469,prefers,Western
u470,prefers,Western
u471,prefers,Sri Lankan
u472,prefers,Sri Lankan
u473,prefers,Sri Lankan
u474,prefers,Western
u475,prefers,Western
u476,prefers,Sri Lankan
u477,prefers,Western
u478,prefers,Mixed
u479,prefers,Western
u480,prefers,Sri Lankan
u481,prefers,Sri Lankan
u482,prefers,Western
u483,prefers,Western
u484,prefers,Mixed
u485,prefers,Sri Lankan
u486,prefers,Sri Lankan
u487,prefers,Western
u488,prefers,Western
u489,prefers,Sri Lankan
u490,prefers,Mixed
u491,prefers,Sri Lankan
u492,prefers,Sri Lankan
u493,prefers,Mixed
u494,prefers,Mixed
u495,prefers,Sri Lankan
u496,prefers,Mixed
u497,prefers,Western
u498,prefers,Mixed
u499,prefers,Sri Lankan
u500,prefers,Western
u501,prefers,Western
u502,prefers,Sri Lankan
u503,prefers,Western
u504,prefers,Mixed
u505,prefers,Sri Lankan
u506,prefers,Mixed
u507,prefers,Western
u508,prefers,Sri Lankan
u509,prefers,Mixed
u510,prefers,Sri Lankan
u511,prefers,Mixed
u512,prefers,Sri Lankan
u513,prefers,Sri Lankan
u514,prefers,Mixed
u515,prefers,Western
u516,prefers,Mixed
u517,prefers,Western
u518,prefers,Sri Lankan
u519,prefers,Mixed
u520,prefers,Mixed
u521,prefers,Western
u522,prefers,Western
u523,prefers,Sri Lankan
u524,prefers,Sri Lankan
u525,prefers,Western
u526,prefers,Sri Lankan
u527,prefers,Mixed
u528,prefers,Western
u529,prefers,Sri Lankan
u530,prefers,Mixed
u531,prefers,Western
u532,prefers,Mixed
u533,prefers,Western
u534,prefers,Mixed
u535,prefers,Mixed
u536,prefers,Mixed
u537,prefers,Sri Lankan
u538,prefers,Mixed
u539,prefers,Sri Lankan
u540,prefers,Western
u541,prefers,Mixed
u542,prefers,Western
u543,prefers,Sri Lankan
u544,prefers,Mixed
u545,prefers,Mixed
u546,prefers,Sri Lankan
u547,prefers,Sri Lankan
u548,prefers,Sri Lankan
u549,prefers,Mixed
u550,prefers,Mixed
u551,prefers,Sri Lankan
u552,prefers,Western
u553,prefers,Western
u554,prefers,Western
u555,prefers,Sri Lankan
u556,prefers,Mixed
u557,prefers,Sri Lankan
u558,prefers,Mixed
u559,prefers,Mixed
u560,prefers,Sri Lankan
u561,prefers,Western
u562,prefers,Western
u563,prefers,Mixed
u564,prefers,Western
u565,prefers,Sri Lankan
u566,prefers,Mixed
u567,prefers,Sri Lankan
u568,prefers,Sri Lankan
u569,prefers,Sri Lankan
u570,prefers,Sri Lankan
u571,prefers,Western
u572,prefers,Sri Lankan
u573,prefers,Western
u574,prefers,Western
u575,prefers,Western
u576,prefers,Sri Lankan
u577,prefers,Sri Lankan
u578,prefers,Mixed
u579,prefers,Western
u580,prefers,Sri Lankan
u581,prefers,Sri Lankan
u582,prefers,Western
u583,prefers,Western
u584,prefers,Sri Lankan
u585,prefers,Mixed
u586,prefers,Western
u587,prefers,Western
u588,prefers,Mixed
u589,prefers,Sri Lankan
u590,prefers,Western
u591,prefers,Mixed
u592,prefers,Sri Lankan
u593,prefers,Western
u594,prefers,Western
u595,prefers,Western
u596,prefers,Western
u597,prefers,Mixed
u598,prefers,Mixed
u599,prefers,Sri Lankan
u600,prefers,Sri Lankan
u601,prefers,Sri Lankan
u602,prefers,Sri Lankan
u603,prefers,Mixed
u604,prefers,Mixed
u605,prefers,Western
u606,prefers,Sri Lankan
u607,prefers,Mixed
u608,prefers,Western
u609,prefers,Sri Lankan
u610,prefers,Western
u611,prefers,Sri Lankan
u612,prefers,Mixed
u613,prefers,Mixed
u614,prefers,Sri Lankan
u615,prefers,Sri Lankan
u616,prefers,Western
u617,prefers,Western
u618,prefers,Mixed
u619,prefers,Western
u620,prefers,Sri Lankan
u621,prefers,Western
u622,prefers,Western
u623,prefers,Western
u624,prefers,Western
u625,prefers,Sri Lankan
u626,prefers,Sri Lankan
u627,prefers,Western
u628,prefers,Mixed
u629,prefers,Sri Lankan
u630,prefers,Sri Lankan
u631,prefers,Western
u632,prefers,Sri Lankan
u633,prefers,Mixed
u634,prefers,Mixed
u635,prefers,Mixed
u636,prefers,Sri Lankan
u637,prefers,Western
u638,prefers,Mixed
u639,prefers,Mixed
u640,prefers,Sri Lankan
u641,prefers,Sri Lankan
u642,prefers,Western
u643,prefers,Mixed
u644,prefers,Sri Lankan
u645,prefers,Mixed
u646,prefers,Western
u647,prefers,Mixed
u648,prefers,Sri Lankan
u649,prefers,Sri Lankan
u650,prefers,Sri Lankan
u651,prefers,Mixed
u652,prefers,Western
u653,prefers,Western
u654,prefers,Western
u655,prefers,Western
u656,prefers,Sri Lankan
u657,prefers,Sri Lankan
u658,prefers,Western
u659,prefers,Sri Lankan
u660,prefers,Sri Lankan
u661,prefers,Western
u662,prefers,Mixed
u663,prefers,Mixed
u664,prefers,Mixed
u665,prefers,Western
u666,prefers,Sri Lankan
u667,prefers,Western
u668,prefers,Western
u669,prefers,Sri Lankan
u670,prefers,Western
u671,prefers,Mixed
u672,prefers,Western
u673,prefers,Mixed
u674,prefers,Western
u675,prefers,Mixed
u676,prefers,Sri Lankan
u677,prefers,Sri Lankan
u678,prefers,Sri Lankan
u679,prefers,Sri Lankan
u680,prefers,Mixed
u681,prefers,Mixed
u682,prefers,Mixed
u683,prefers,Western
u684,prefers,Western
u685,prefers,Western
u686,prefers,Mixed
u687,prefers,Sri Lankan
u688,prefers,Sri Lankan
u689,prefers,Sri Lankan
u690,prefers,Mixed
u691,prefers,Mixed
u692,prefers,Sri Lankan
u693,prefers,Western
u694,prefers,Mixed
u695,prefers,Western
u696,prefers,Sri Lankan
u697,prefers,Mixed
u698,prefers,Western
u699,prefers,Western
u700,prefers,Sri Lankan
u701,prefers,Western
u702,prefers,Sri Lankan
u703,prefers,Mixed
u704,prefers,Mixed
u705,prefers,Mixed
u706,prefers,Sri Lankan
u707,prefers,Mixed
u708,prefers,Sri Lankan
u709,prefers,Western
u710,prefers,Sri Lankan
u711,prefers,Western
u712,prefers,Sri Lankan
u713,prefers,Sri Lankan
u714,prefers,Mixed
u715,prefers,Western
u716,prefers,Western
u717,prefers,Sri Lankan
u718,prefers,Mixed
u719,prefers,Mixed
u720,prefers,Western
u721,prefers,Western
u722,prefers,Sri Lankan
u723,prefers,Western
u724,prefers,Sri Lankan
u725,prefers,Western
u726,prefers,Mixed
u727,prefers,Western
u728,prefers,Sri Lankan
u729,prefers,Sri Lankan
u730,prefers,Western
u731,prefers,Mixed
u732,prefers,Mixed
u733,prefers,Western
u734,prefers,Sri Lankan
u735,prefers,Western
u736,prefers,Mixed
u737,prefers,Sri Lankan
u738,prefers,Western
u739,prefers,Western
u740,prefers,Western
u741,prefers,Sri Lankan
u742,prefers,Mixed
u743,prefers,Western
u744,prefers,Sri Lankan
u745,prefers,Sri Lankan
u746,prefers,Sri Lankan
u747,prefers,Western
u748,prefers,Sri Lankan
u749,prefers,Western
u750,prefers,Sri Lankan
u751,prefers,Sri Lankan
u752,prefers,Mixed
u753,prefers,Mixed
u754,prefers,Mixed
u755,prefers,Mixed
u756,prefers,Western
u757,prefers,Mixed
u758,prefers,Mixed
u759,prefers,Western
u760,prefers,Western
u761,prefers,Mixed
u762,prefers,Sri Lankan
u763,prefers,Sri Lankan
u764,prefers,Sri Lankan
u765,prefers,Western
u766,prefers,Mixed
u767,prefers,Sri Lankan
u768,prefers,Sri Lankan
u769,prefers,Sri Lankan
u770,prefers,Western
u771,prefers,Mixed
u772,prefers,Western
u773,prefers,Sri Lankan
u774,prefers,Western
u775,prefers,Mixed
u776,prefers,Western
u777,prefers,Mixed
u778,prefers,Mixed
u779,prefers,Western
u780,prefers,Sri Lankan
u781,prefers,Mixed
u782,prefers,Mixed
u783,prefers,Western
u784,prefers,Western
u785,prefers,Mixed
u786,prefers,Western
u787,prefers,Western
u788,prefers,Sri Lankan
u789,prefers,Western
u790,prefers,Sri Lankan
u791,prefers,Sri Lankan
u792,prefers,Mixed
u793,prefers,Western
u794,prefers,Mixed
u795,prefers,Mixed
u796,prefers,Western
u797,prefers,Sri Lankan
u798,prefers,Mixed
u799,prefers,Mixed
u800,prefers,Sri Lankan
u801,prefers,Mixed
u802,prefers,Western
u803,prefers,Western
u804,prefers,Mixed
u805,prefers,Mixed
u806,prefers,Mixed
u807,prefers,Mixed
u808,prefers,Sri Lankan
u809,prefers,Western
u810,prefers,Mixed
u811,prefers,Western
u812,prefers,Western
u813,prefers,Mixed
u814,prefers,Mixed
u815,prefers,Western
u816,prefers,Sri Lankan
u817,prefers,Sri Lankan
u818,prefers,Western
u819,prefers,Mixed
u820,prefers,Mixed
u821,prefers,Mixed
u822,prefers,Sri Lankan
u823,prefers,Western
u824,prefers,Sri Lankan
u825,prefers,Mixed
u826,prefers,Mixed
u827,prefers,Mixed
u828,prefers,Sri Lankan
u829,prefers,Western
u830,prefers,Mixed
u831,prefers,Mixed
u832,prefers,Western
u833,prefers,Western
u834,prefers,Western
u835,prefers,Western
u836,prefers,Western
u837,prefers,Sri Lankan
u838,prefers,Sri Lankan
u839,prefers,Western
u840,prefers,Western
u841,prefers,Mixed
u842,prefers,Mixed
u843,prefers,Mixed
u844,prefers,Western
u845,prefers,Mixed
u846,prefers,Mixed
u847,prefers,Sri Lankan
u848,prefers,Mixed
u849,prefers,Sri Lankan
u850,prefers,Mixed
u851,prefers,Western
u852,prefers,Mixed
u853,prefers,Western
u854,prefers,Mixed
u855,prefers,Western
u856,prefers,Mixed
u857,prefers,Mixed
u858,prefers,Mixed
u859,prefers,Sri Lankan
u860,prefers,Mixed
u861,prefers,Western
u862,prefers,Western
u863,prefers,Mixed
u864,prefers,Mixed
u865,prefers,Mixed
u866,prefers,Sri Lankan
u867,prefers,Mixed
u868,prefers,Sri Lankan
u869,prefers,Mixed
u870,prefers,Western
u871,prefers,Sri Lankan
u872,prefers,Sri Lankan
u873,prefers,Sri Lankan
u874,prefers,Western
u875,prefers,Western
u876,prefers,Mixed
u877,prefers,Mixed
u878,prefers,Sri Lankan
u879,prefers,Mixed
u880,prefers,Mixed
u881,prefers,Sri Lankan
u882,prefers,Western
u883,prefers,Sri Lankan
u884,prefers,Sri Lankan
u885,prefers,Sri Lankan
u886,prefers,Mixed
u887,prefers,Western
u888,prefers,Mixed
u889,prefers,Mixed
u890,prefers,Western
u891,prefers,Western
u892,prefers,Western
u893,prefers,Sri Lankan
u894,prefers,Western
u895,prefers,Sri Lankan
u896,prefers,Western
u897,prefers,Sri Lankan
u898,prefers,Mixed
u899,prefers,Mixed
u900,prefers,Western
u901,prefers,Western
u902,prefers,Western
u903,prefers,Western
u904,prefers,Western
u905,prefers,Western
u906,prefers,Western
u907,prefers,Western
u908,prefers,Sri Lankan
u909,prefers,Mixed
u910,prefers,Sri Lankan
u911,prefers,Mixed
u912,prefers,Mixed
u913,prefers,Western
u914,prefers,Sri Lankan
u915,prefers,Sri Lankan
u916,prefers,Western
u917,prefers,Mixed
u918,prefers,Western
u919,prefers,Sri Lankan
u920,prefers,Mixed
u921,prefers,Sri Lankan
u922,prefers,Mixed
u923,prefers,Western
u924,prefers,Western
u925,prefers,Mixed
u926,prefers,Western
u927,prefers,Mixed
u928,prefers,Sri Lankan
u929,prefers,Mixed
u930,prefers,Sri Lankan
u931,prefers,Mixed
u932,prefers,Western
u933,prefers,Western
u934,prefers,Sri Lankan
u935,prefers,Sri Lankan
u936,prefers,Sri Lankan
u937,prefers,Sri Lankan
u938,prefers,Mixed
u939,prefers,Sri Lankan
u940,prefers,Mixed
u941,prefers,Mixed
u942,prefers,Western
u943,prefers,Western
u944,prefers,Western
u945,prefers,Western
u946,prefers,Western
u947,prefers,Mixed
u948,prefers,Western
u949,prefers,Western
u950,prefers,Sri Lankan
u951,prefers,Sri Lankan
u952,prefers,Western
u953,prefers,Sri Lankan
u954,prefers,Sri Lankan
u955,prefers,Mixed
u956,prefers,Sri Lankan
u957,prefers,Mixed
u958,prefers,Sri Lankan
u959,prefers,Mixed
u960,prefers,Sri Lankan
u961,prefers,Western
u962,prefers,Western
u963,prefers,Western
u964,prefers,Sri Lankan
u965,prefers,Mixed
u966,prefers,Western
u967,prefers,Mixed
u968,prefers,Sri Lankan
u969,prefers,Sri Lankan
u970,prefers,Mixed
u971,prefers,Sri Lankan
u972,prefers,Mixed
u973,prefers,Western
u974,prefers,Sri Lankan
u975,prefers,Mixed
u976,prefers,Western
u977,prefers,Sri Lankan
u978,prefers,Mixed
u979,prefers,Sri Lankan
u980,prefers,Sri Lankan
u981,prefers,Western
u982,prefers,Western
u983,prefers,Mixed
u984,prefers,Sri Lankan
u985,prefers,Mixed
u986,prefers,Mixed
u987,prefers,Western
u988,prefers,Mixed
u989,prefers,Sri Lankan
u990,prefers,Sri Lankan
u991,prefers,Sri Lankan
u992,prefers,Sri Lankan
u993,prefers,Mixed
u994,prefers,Sri Lankan
u995,prefers,Mixed
u996,prefers,Sri Lankan
u997,prefers,Mixed
u998,prefers,Western
u999,prefers,Western
u1000,prefers,Western
u1001,prefers,Mixed
u1002,prefers,Mixed
u1003,prefers,Sri Lankan
u1004,prefers,Western
u1005,prefers,Sri Lankan
u1006,prefers,Mixed
u1007,prefers,Western
u1008,prefers,Western
u1009,prefers,Western
u1010,prefers,Mixed
u1011,prefers,Western
u1012,prefers,Western
u1013,prefers,Mixed
u1014,prefers,Western
u1015,prefers,Mixed
u1016,prefers,Mixed
u1017,prefers,Western
u1018,prefers,Sri Lankan
u1019,prefers,Western
u1020,prefers,Sri Lankan
u1021,prefers,Sri Lankan
u1022,prefers,Sri Lankan
u1023,prefers,Sri Lankan
u1024,prefers,Mixed
u1025,prefers,Mixed
u1026,prefers,Mixed
u1027,prefers,Mixed
u1028,prefers,Mixed
u1029,prefers,Mixed
u1030,prefers,Mixed
u1031,prefers,Sri Lankan
u1032,prefers,Mixed
u1033,prefers,Western
u1034,prefers,Western
u1035,prefers,Mixed
u1036,prefers,Mixed
u1037,prefers,Mixed
u1038,prefers,Sri Lankan
u1039,prefers,Western
u1040,prefers,Mixed
u1041,prefers,Sri Lankan
u1042,prefers,Mixed
u1043,prefers,Mixed
u1044,prefers,Mixed
u1045,prefers,Western
u1046,prefers,Western
u1047,prefers,Western
u1048,prefers,Mixed
u1049,prefers,Sri Lankan
u1050,prefers,Sri Lankan
u1051,prefers,Mixed
u1052,prefers,Mixed
u1053,prefers,Mixed
u1054,prefers,Sri Lankan
u1055,prefers,Sri Lankan
u1056,prefers,Mixed
u1057,prefers,Mixed
u1058,prefers,Western
u1059,prefers,Mixed
u1060,prefers,Mixed
u1061,prefers,Sri Lankan
u1062,prefers,Sri Lankan
f0001,contains,n1
f0001,contains,n2
f0001,contains,n3
f0002,contains,n1
f0002,contains,n2
f0002,contains,n3
f0003,contains,n1
f0003,contains,n2
f0003,contains,n3
f0004,contains,n1
f0004,contains,n2
f0004,contains,n3
f0005,contains,n1
f0005,contains,n2
f0005,contains,n3
f0006,contains,n1
f0006,contains,n2
f0006,contains,n3
f0007,contains,n1
f0007,contains,n2
f0007,contains,n3
f0008,contains,n1
f0008,contains,n2
f0008,contains,n3
f0009,contains,n1
f0009,contains,n2
f0009,contains,n3
f0010,contains,n1
f0010,contains,n2
f0010,contains,n3
f0011,contains,n1
f0011,contains,n2
f0011,contains,n3
f0012,contains,n1
f0012,contains,n2
f0012,contains,n3
f0013,contains,n1
f0013,contains,n2
f0013,contains,n3
f0014,contains,n1
f0014,contains,n2
f0014,contains,n3
f0015,contains,n1
f0015,contains,n2
f0015,contains,n3
f0016,contains,n1
f0016,contains,n2
f0016,contains,n3
f0017,contains,n1
f0017,contains,n2
f0017,contains,n3
f0018,contains,n1
f0018,contains,n2
f0018,contains,n3
f0019,contains,n1
f0019,contains,n2
f0019,contains,n3
f0020,contains,n1
f0020,contains,n2
f0020,contains,n3
f0021,contains,n1
f0021,contains,n2
f0021,contains,n3
f0022,contains,n1
f0022,contains,n2
f0022,contains,n3
f0023,contains,n1
f0023,contains,n2
f0023,contains,n3
f0024,contains,n1
f0024,contains,n2
f0024,contains,n3
f0025,contains,n1
f0025,contains,n2
f0025,contains,n3
f0026,contains,n1
f0026,contains,n2
f0026,contains,n3
f0027,contains,n1
f0027,contains,n2
f0027,contains,n3
f0028,contains,n1
f0028,contains,n2
f0028,contains,n3
f0029,contains,n1
f0029,contains,n2
f0029,contains,n3
f0030,contains,n1
f0030,contains,n2
f0030,contains,n3
f0031,contains,n1
f0031,contains,n2
f0031,contains,n3
f0032,contains,n1
f0032,contains,n2
f0032,contains,n3
f0033,contains,n1
f0033,contains,n2
f0033,contains,n3
f0034,contains,n1
f0034,contains,n2
f0034,contains,n3
f0035,contains,n1
f0035,contains,n2
f0035,contains,n3
f0036,contains,n1
f0036,contains,n2
f0036,contains,n3
f0037,contains,n1
f0037,contains,n2
f0037,contains,n3
f0038,contains,n1
f0038,contains,n2
f0038,contains,n3
f0039,contains,n1
f0039,contains,n2
f0039,contains,n3
f0040,contains,n1
f0040,contains,n2
f0040,contains,n3
f0041,contains,n1
f0041,contains,n2
f0041,contains,n3
f0042,contains,n1
f0042,contains,n2
f0042,contains,n3
f0043,contains,n1
f0043,contains,n2
f0043,contains,n3
f0044,contains,n1
f0044,contains,n2
f0044,contains,n3
f0045,contains,n1
f0045,contains,n2
f0045,contains,n3
f0046,contains,n1
f0046,contains,n2
f0046,contains,n3
f0047,contains,n1
f0047,contains,n2
f0047,contains,n3
f0048,contains,n1
f0048,contains,n2
f0048,contains,n3
f0049,contains,n1
f0049,contains,n2
f0049,contains,n3
f0050,contains,n1
f0050,contains,n2
f0050,contains,n3
f0051,contains,n1
f0051,contains,n2
f0051,contains,n3
f0052,contains,n1
f0052,contains,n2
f0052,contains,n3
f0053,contains,n1
f0053,contains,n2
f0053,contains,n3
f0054,contains,n1
f0054,contains,n2
f0054,contains,n3
f0055,contains,n1
f0055,contains,n2
f0055,contains,n3
f0056,contains,n1
f0056,contains,n2
f0056,contains,n3
f0057,contains,n1
f0057,contains,n2
f0057,contains,n3
f0058,contains,n1
f0058,contains,n2
f0058,contains,n3
f0059,contains,n1
f0059,contains,n2
f0059,contains,n3
f0060,contains,n1
f0060,contains,n2
f0060,contains,n3
f0061,contains,n1
f0061,contains,n2
f0061,contains,n3
f0062,contains,n1
f0062,contains,n2
f0062,contains,n3
f0063,contains,n1
f0063,contains,n2
f0063,contains,n3
f0064,contains,n1
f0064,contains,n2
f0064,contains,n3
f0065,contains,n1
f0065,contains,n2
f0065,contains,n3
f0066,contains,n1
f0066,contains,n2
f0066,contains,n3
f0067,contains,n1
f0067,contains,n2
f0067,contains,n3
f0068,contains,n1
f0068,contains,n2
f0068,contains,n3
f0069,contains,n1
f0069,contains,n2
f0069,contains,n3
f0070,contains,n1
f0070,contains,n2
f0070,contains,n3
f0071,contains,n1
f0071,contains,n2
f0071,contains,n3
f0072,contains,n1
f0072,contains,n2
f0072,contains,n3
f0073,contains,n1
f0073,contains,n2
f0073,contains,n3
f0074,contains,n1
f0074,contains,n2
f0074,contains,n3
f0075,contains,n1
f0075,contains,n2
f0075,contains,n3
f0076,contains,n1
f0076,contains,n2
f0076,contains,n3
f0077,contains,n1
f0077,contains,n2
f0077,contains,n3
f0078,contains,n1
f0078,contains,n2
f0078,contains,n3
f0079,contains,n1
f0079,contains,n2
f0079,contains,n3
f0080,contains,n1
f0080,contains,n2
f0080,contains,n3
f0081,contains,n1
f0081,contains,n2
f0081,contains,n3
f0082,contains,n1
f0082,contains,n2
f0082,contains,n3
f0083,contains,n1
f0083,contains,n2
f0083,contains,n3
f0084,contains,n1
f0084,contains,n2
f0084,contains,n3
f0085,contains,n1
f0085,contains,n2
f0085,contains,n3
f0086,contains,n1
f0086,contains,n2
f0086,contains,n3
f0087,contains,n1
f0087,contains,n2
f0087,contains,n3
f0088,contains,n1
f0088,contains,n2
f0088,contains,n3
f0089,contains,n1
f0089,contains,n2
f0089,contains,n3
f0090,contains,n1
f0090,contains,n2
f0090,contains,n3
f0091,contains,n1
f0091,contains,n2
f0091,contains,n3
f0092,contains,n1
f0092,contains,n2
f0092,contains,n3
f0093,contains,n1
f0093,contains,n2
f0093,contains,n3
f0094,contains,n1
f0094,contains,n2
f0094,contains,n3
f0095,contains,n1
f0095,contains,n2
f0095,contains,n3
f0096,contains,n1
f0096,contains,n2
f0096,contains,n3
f0097,contains,n1
f0097,contains,n2
f0097,contains,n3
f0098,contains,n1
f0098,contains,n2
f0098,contains,n3
f0099,contains,n1
f0099,contains,n2
f0099,contains,n3
f0100,contains,n1
f0100,contains,n2
f0100,contains,n3
f0101,contains,n1
f0101,contains,n2
f0101,contains,n3
f0102,contains,n1
f0102,contains,n2
f0102,contains,n3
f0103,contains,n1
f0103,contains,n2
f0103,contains,n3
f0104,contains,n1
f0104,contains,n2
f0104,contains,n3
f0105,contains,n1
f0105,contains,n2
f0105,contains,n3
f0106,contains,n1
f0106,contains,n2
f0106,contains,n3
f0107,contains,n1
f0107,contains,n2
f0107,contains,n3
f0108,contains,n1
f0108,contains,n2
f0108,contains,n3
f0109,contains,n1
f0109,contains,n2
f0109,contains,n3
f0110,contains,n1
f0110,contains,n2
f0110,contains,n3
f0111,contains,n1
f0111,contains,n2
f0111,contains,n3
f0112,contains,n1
f0112,contains,n2
f0112,contains,n3
f0113,contains,n1
f0113,contains,n2
f0113,contains,n3
f0114,contains,n1
f0114,contains,n2
f0114,contains,n3
f0115,contains,n1
f0115,contains,n2
f0115,contains,n3
f0116,contains,n1
f0116,contains,n2
f0116,contains,n3
f0117,contains,n1
f0117,contains,n2
f0117,contains,n3
f0118,contains,n1
f0118,contains,n2
f0118,contains,n3
f0119,contains,n1
f0119,contains,n2
f0119,contains,n3
f0120,contains,n1
f0120,contains,n2
f0120,contains,n3
f0121,contains,n1
f0121,contains,n2
f0121,contains,n3
f0122,contains,n1
f0122,contains,n2
f0122,contains,n3
f0123,contains,n1
f0123,contains,n2
f0123,contains,n3
f0124,contains,n1
f0124,contains,n2
f0124,contains,n3
f0125,contains,n1
f0125,contains,n2
f0125,contains,n3
f0126,contains,n1
f0126,contains,n2
f0126,contains,n3
f0127,contains,n1
f0127,contains,n2
f0127,contains,n3
f0128,contains,n1
f0128,contains,n2
f0128,contains,n3
f0129,contains,n1
f0129,contains,n2
f0129,contains,n3
f0130,contains,n1
f0130,contains,n2
f0130,contains,n3
f0131,contains,n1
f0131,contains,n2
f0131,contains,n3
f0132,contains,n1
f0132,contains,n2
f0132,contains,n3
f0133,contains,n1
f0133,contains,n2
f0133,contains,n3
f0134,contains,n1
f0134,contains,n2
f0134,contains,n3
f0135,contains,n1
f0135,contains,n2
f0135,contains,n3
f0136,contains,n1
f0136,contains,n2
f0136,contains,n3
f0137,contains,n1
f0137,contains,n2
f0137,contains,n3
f0138,contains,n1
f0138,contains,n2
f0138,contains,n3
f0139,contains,n1
f0139,contains,n2
f0139,contains,n3
f0140,contains,n1
f0140,contains,n2
f0140,contains,n3
f0141,contains,n1
f0141,contains,n2
f0141,contains,n3
f0142,contains,n1
f0142,contains,n2
f0142,contains,n3
f0143,contains,n1
f0143,contains,n2
f0143,contains,n3
f0144,contains,n1
f0144,contains,n2
f0144,contains,n3
f0145,contains,n1
f0145,contains,n2
f0145,contains,n3
f0146,contains,n1
f0146,contains,n2
f0146,contains,n3
f0147,contains,n1
f0147,contains,n2
f0147,contains,n3
f0148,contains,n1
f0148,contains,n2
f0148,contains,n3
f0149,contains,n1
f0149,contains,n2
f0149,contains,n3
f0150,contains,n1
f0150,contains,n2
f0150,contains,n3
f0151,contains,n1
f0151,contains,n2
f0151,contains,n3
f0152,contains,n1
f0152,contains,n2
f0152,contains,n3
f0153,contains,n1
f0153,contains,n2
f0153,contains,n3
f0154,contains,n1
f0154,contains,n2
f0154,contains,n3
f0155,contains,n1
f0155,contains,n2
f0155,contains,n3
f0156,contains,n1
f0156,contains,n2
f0156,contains,n3
f0157,contains,n1
f0157,contains,n2
f0157,contains,n3
f0158,contains,n1
f0158,contains,n2
f0158,contains,n3
f0159,contains,n1
f0159,contains,n2
f0159,contains,n3
f0160,contains,n1
f0160,contains,n2
f0160,contains,n3
f0161,contains,n1
f0161,contains,n2
f0161,contains,n3
f0162,contains,n1
f0162,contains,n2
f0162,contains,n3
f0163,contains,n1
f0163,contains,n2
f0163,contains,n3
f0164,contains,n1
f0164,contains,n2
f0164,contains,n3
f0165,contains,n1
f0165,contains,n2
f0165,contains,n3
f0166,contains,n1
f0166,contains,n2
f0166,contains,n3
f0167,contains,n1
f0167,contains,n2
f0167,contains,n3
f0168,contains,n1
f0168,contains,n2
f0168,contains,n3
f0169,contains,n1
f0169,contains,n2
f0169,contains,n3
f0170,contains,n1
f0170,contains,n2
f0170,contains,n3
f0171,contains,n1
f0171,contains,n2
f0171,contains,n3
f0172,contains,n1
f0172,contains,n2
f0172,contains,n3
f0173,contains,n1
f0173,contains,n2
f0173,contains,n3
f0174,contains,n1
f0174,contains,n2
f0174,contains,n3
f0175,contains,n1
f0175,contains,n2
f0175,contains,n3
f0176,contains,n1
f0176,contains,n2
f0176,contains,n3
f0177,contains,n1
f0177,contains,n2
f0177,contains,n3
f0178,contains,n1
f0178,contains,n2
f0178,contains,n3
f0179,contains,n1
f0179,contains,n2
f0179,contains,n3
f0180,contains,n1
f0180,contains,n2
f0180,contains,n3
f0181,contains,n1
f0181,contains,n2
f0181,contains,n3
f0182,contains,n1
f0182,contains,n2
f0182,contains,n3
f0183,contains,n1
f0183,contains,n2
f0183,contains,n3
f0184,contains,n1
f0184,contains,n2
f0184,contains,n3
f0185,contains,n1
f0185,contains,n2
f0185,contains,n3
f0186,contains,n1
f0186,contains,n2
f0186,contains,n3
f0187,contains,n1
f0187,contains,n2
f0187,contains,n3
f0188,contains,n1
f0188,contains,n2
f0188,contains,n3
f0189,contains,n1
f0189,contains,n2
f0189,contains,n3
f0190,contains,n1
f0190,contains,n2
f0190,contains,n3
f0191,contains,n1
f0191,contains,n2
f0191,contains,n3
f0192,contains,n1
f0192,contains,n2
f0192,contains,n3
f0193,contains,n1
f0193,contains,n2
f0193,contains,n3
f0194,contains,n1
f0194,contains,n2
f0194,contains,n3
f0195,contains,n1
f0195,contains,n2
f0195,contains,n3
f0196,contains,n1
f0196,contains,n2
f0196,contains,n3
f0197,contains,n1
f0197,contains,n2
f0197,contains,n3
f0198,contains,n1
f0198,contains,n2
f0198,contains,n3
f0199,contains,n1
f0199,contains,n2
f0199,contains,n3
f0200,contains,n1
f0200,contains,n2
f0200,contains,n3
f0201,contains,n1
f0201,contains,n2
f0201,contains,n3
f0202,contains,n1
f0202,contains,n2
f0202,contains,n3
f0203,contains,n1
f0203,contains,n2
f0203,contains,n3
f0204,contains,n1
f0204,contains,n2
f0204,contains,n3
f0205,contains,n1
f0205,contains,n2
f0205,contains,n3
f0206,contains,n1
f0206,contains,n2
f0206,contains,n3
f0207,contains,n1
f0207,contains,n2
f0207,contains,n3
f0208,contains,n1
f0208,contains,n2
f0208,contains,n3
f0209,contains,n1
f0209,contains,n2
f0209,contains,n3
f0210,contains,n1
f0210,contains,n2
f0210,contains,n3
f0211,contains,n1
f0211,contains,n2
f0211,contains,n3
f0212,contains,n1
f0212,contains,n2
f0212,contains,n3
f0213,contains,n1
f0213,contains,n2
f0213,contains,n3
f0214,contains,n1
f0214,contains,n2
f0214,contains,n3
f0215,contains,n1
f0215,contains,n2
f0215,contains,n3
f0216,contains,n1
f0216,contains,n2
f0216,contains,n3
f0217,contains,n1
f0217,contains,n2
f0217,contains,n3
f0218,contains,n1
f0218,contains,n2
f0218,contains,n3
f0219,contains,n1
f0219,contains,n2
f0219,contains,n3
f0220,contains,n1
f0220,contains,n2
f0220,contains,n3
f0221,contains,n1
f0221,contains,n2
f0221,contains,n3
f0222,contains,n1
f0222,contains,n2
f0222,contains,n3
f0223,contains,n1
f0223,contains,n2
f0223,contains,n3
f0224,contains,n1
f0224,contains,n2
f0224,contains,n3
f0225,contains,n1
f0225,contains,n2
f0225,contains,n3
f0226,contains,n1
f0226,contains,n2
f0226,contains,n3
f0227,contains,n1
f0227,contains,n2
f0227,contains,n3
f0228,contains,n1
f0228,contains,n2
f0228,contains,n3
f0229,contains,n1
f0229,contains,n2
f0229,contains,n3
f0230,contains,n1
f0230,contains,n2
f0230,contains,n3
f0231,contains,n1
f0231,contains,n2
f0231,contains,n3
f0232,contains,n1
f0232,contains,n2
f0232,contains,n3
f0233,contains,n1
f0233,contains,n2
f0233,contains,n3
f0234,contains,n1
f0234,contains,n2
f0234,contains,n3
f0235,contains,n1
f0235,contains,n2
f0235,contains,n3
f0236,contains,n1
f0236,contains,n2
f0236,contains,n3
f0237,contains,n1
f0237,contains,n2
f0237,contains,n3
f0238,contains,n1
f0238,contains,n2
f0238,contains,n3
f0239,contains,n1
f0239,contains,n2
f0239,contains,n3
f0240,contains,n1
f0240,contains,n2
f0240,contains,n3
f0241,contains,n1
f0241,contains,n2
f0241,contains,n3
f0242,contains,n1
f0242,contains,n2
f0242,contains,n3
f0243,contains,n1
f0243,contains,n2
f0243,contains,n3
f0244,contains,n1
f0244,contains,n2
f0244,contains,n3
f0245,contains,n1
f0245,contains,n2
f0245,contains,n3
f0246,contains,n1
f0246,contains,n2
f0246,contains,n3
f0247,contains,n1
f0247,contains,n2
f0247,contains,n3
f0248,contains,n1
f0248,contains,n2
f0248,contains,n3
f0249,contains,n1
f0249,contains,n2
f0249,contains,n3
f0250,contains,n1
f0250,contains,n2
f0250,contains,n3
f0251,contains,n1
f0251,contains,n2
f0251,contains,n3
f0252,contains,n1
f0252,contains,n2
f0252,contains,n3
f0253,contains,n1
f0253,contains,n2
f0253,contains,n3
f0254,contains,n1
f0254,contains,n2
f0254,contains,n3
f0255,contains,n1
f0255,contains,n2
f0255,contains,n3
f0256,contains,n1
f0256,contains,n2
f0256,contains,n3
f0257,contains,n1
f0257,contains,n2
f0257,contains,n3
f0258,contains,n1
f0258,contains,n2
f0258,contains,n3
f0259,contains,n1
f0259,contains,n2
f0259,contains,n3
f0260,contains,n1
f0260,contains,n2
f0260,contains,n3
f0261,contains,n1
f0261,contains,n2
f0261,contains,n3
f0262,contains,n1
f0262,contains,n2
f0262,contains,n3
f0263,contains,n1
f0263,contains,n2
f0263,contains,n3
f0264,contains,n1
f0264,contains,n2
f0264,contains,n3
f0265,contains,n1
f0265,contains,n2
f0265,contains,n3
f0266,contains,n1
f0266,contains,n2
f0266,contains,n3
f0267,contains,n1
f0267,contains,n2
f0267,contains,n3
f0268,contains,n1
f0268,contains,n2
f0268,contains,n3
f0269,contains,n1
f0269,contains,n2
f0269,contains,n3
f0270,contains,n1
f0270,contains,n2
f0270,contains,n3
f0271,contains,n1
f0271,contains,n2
f0271,contains,n3
f0272,contains,n1
f0272,contains,n2
f0272,contains,n3
f0273,contains,n1
f0273,contains,n2
f0273,contains,n3
f0274,contains,n1
f0274,contains,n2
f0274,contains,n3
f0275,contains,n1
f0275,contains,n2
f0275,contains,n3
f0276,contains,n1
f0276,contains,n2
f0276,contains,n3
f0277,contains,n1
f0277,contains,n2
f0277,contains,n3
f0278,contains,n1
f0278,contains,n2
f0278,contains,n3
f0279,contains,n1
f0279,contains,n2
f0279,contains,n3
f0280,contains,n1
f0280,contains,n2
f0280,contains,n3
f0281,contains,n1
f0281,contains,n2
f0281,contains,n3
f0282,contains,n1
f0282,contains,n2
f0282,contains,n3
f0283,contains,n1
f0283,contains,n2
f0283,contains,n3
f0284,contains,n1
f0284,contains,n2
f0284,contains,n3
f0285,contains,n1
f0285,contains,n2
f0285,contains,n3
f0286,contains,n1
f0286,contains,n2
f0286,contains,n3
f0287,contains,n1
f0287,contains,n2
f0287,contains,n3
f0288,contains,n1
f0288,contains,n2
f0288,contains,n3
f0289,contains,n1
f0289,contains,n2
f0289,contains,n3
f0290,contains,n1
f0290,contains,n2
f0290,contains,n3
f0291,contains,n1
f0291,contains,n2
f0291,contains,n3
f0292,contains,n1
f0292,contains,n2
f0292,contains,n3
f0293,contains,n1
f0293,contains,n2
f0293,contains,n3
f0294,contains,n1
f0294,contains,n2
f0294,contains,n3
f0295,contains,n1
f0295,contains,n2
f0295,contains,n3
f0296,contains,n1
f0296,contains,n2
f0296,contains,n3
f0297,contains,n1
f0297,contains,n2
f0297,contains,n3
f0298,contains,n1
f0298,contains,n2
f0298,contains,n3
f0299,contains,n1
f0299,contains,n2
f0299,contains,n3
f0300,contains,n1
f0300,contains,n2
f0300,contains,n3
f0301,contains,n1
f0301,contains,n2
f0301,contains,n3
f0302,contains,n1
f0302,contains,n2
f0302,contains,n3
f0303,contains,n1
f0303,contains,n2
f0303,contains,n3
f0304,contains,n1
f0304,contains,n2
f0304,contains,n3
f0305,contains,n1
f0305,contains,n2
f0305,contains,n3
f0306,contains,n1
f0306,contains,n2
f0306,contains,n3
f0307,contains,n1
f0307,contains,n2
f0307,contains,n3
f0308,contains,n1
f0308,contains,n2
f0308,contains,n3
f0309,contains,n1
f0309,contains,n2
f0309,contains,n3
f0310,contains,n1
f0310,contains,n2
f0310,contains,n3
f0311,contains,n1
f0311,contains,n2
f0311,contains,n3
f0312,contains,n1
f0312,contains,n2
f0312,contains,n3
f0313,contains,n1
f0313,contains,n2
f0313,contains,n3
f0314,contains,n1
f0314,contains,n2
f0314,contains,n3
f0315,contains,n1
f0315,contains,n2
f0315,contains,n3
f0316,contains,n1
f0316,contains,n2
f0316,contains,n3
f0317,contains,n1
f0317,contains,n2
f0317,contains,n3
f0318,contains,n1
f0318,contains,n2
f0318,contains,n3
f0319,contains,n1
f0319,contains,n2
f0319,contains,n3
f0320,contains,n1
f0320,contains,n2
f0320,contains,n3
f0321,contains,n1
f0321,contains,n2
f0321,contains,n3
f0322,contains,n1
f0322,contains,n2
f0322,contains,n3
f0323,contains,n1
f0323,contains,n2
f0323,contains,n3
f0324,contains,n1
f0324,contains,n2
f0324,contains,n3
f0325,contains,n1
f0325,contains,n2
f0325,contains,n3
f0326,contains,n1
f0326,contains,n2
f0326,contains,n3
f0327,contains,n1
f0327,contains,n2
f0327,contains,n3
f0328,contains,n1
f0328,contains,n2
f0328,contains,n3
f0329,contains,n1
f0329,contains,n2
f0329,contains,n3
f0330,contains,n1
f0330,contains,n2
f0330,contains,n3
f0331,contains,n1
f0331,contains,n2
f0331,contains,n3
f0332,contains,n1
f0332,contains,n2
f0332,contains,n3
f0333,contains,n1
f0333,contains,n2
f0333,contains,n3
f0334,contains,n1
f0334,contains,n2
f0334,contains,n3
f0335,contains,n1
f0335,contains,n2
f0335,contains,n3
f0336,contains,n1
f0336,contains,n2
f0336,contains,n3
f0337,contains,n1
f0337,contains,n2
f0337,contains,n3
f0338,contains,n1
f0338,contains,n2
f0338,contains,n3
f0339,contains,n1
f0339,contains,n2
f0339,contains,n3
f0340,contains,n1
f0340,contains,n2
f0340,contains,n3
f0341,contains,n1
f0341,contains,n2
f0341,contains,n3
f0342,contains,n1
f0342,contains,n2
f0342,contains,n3
f0343,contains,n1
f0343,contains,n2
f0343,contains,n3
f0344,contains,n1
f0344,contains,n2
f0344,contains,n3
f0345,contains,n1
f0345,contains,n2
f0345,contains,n3
f0346,contains,n1
f0346,contains,n2
f0346,contains,n3
f0347,contains,n1
f0347,contains,n2
f0347,contains,n3
f0348,contains,n1
f0348,contains,n2
f0348,contains,n3
f0349,contains,n1
f0349,contains,n2
f0349,contains,n3
f0350,contains,n1
f0350,contains,n2
f0350,contains,n3
f0351,contains,n1
f0351,contains,n2
f0351,contains,n3
f0352,contains,n1
f0352,contains,n2
f0352,contains,n3
f0353,contains,n1
f0353,contains,n2
f0353,contains,n3
f0354,contains,n1
f0354,contains,n2
f0354,contains,n3
f0355,contains,n1
f0355,contains,n2
f0355,contains,n3
f0356,contains,n1
f0356,contains,n2
f0356,contains,n3
f0357,contains,n1
f0357,contains,n2
f0357,contains,n3
f0358,contains,n1
f0358,contains,n2
f0358,contains,n3
f0359,contains,n1
f0359,contains,n2
f0359,contains,n3
f0360,contains,n1
f0360,contains,n2
f0360,contains,n3
f0361,contains,n1
f0361,contains,n2
f0361,contains,n3
f0362,contains,n1
f0362,contains,n2
f0362,contains,n3
f0363,contains,n1
f0363,contains,n2
f0363,contains,n3
f0364,contains,n1
f0364,contains,n2
f0364,contains,n3
f0365,contains,n1
f0365,contains,n2
f0365,contains,n3
f0366,contains,n1
f0366,contains,n2
f0366,contains,n3
f0367,contains,n1
f0367,contains,n2
f0367,contains,n3
f0368,contains,n1
f0368,contains,n2
f0368,contains,n3
f0369,contains,n1
f0369,contains,n2
f0369,contains,n3
f0370,contains,n1
f0370,contains,n2
f0370,contains,n3
f0371,contains,n1
f0371,contains,n2
f0371,contains,n3
f0372,contains,n1
f0372,contains,n2
f0372,contains,n3
f0373,contains,n1
f0373,contains,n2
f0373,contains,n3
f0374,contains,n1
f0374,contains,n2
f0374,contains,n3
f0375,contains,n1
f0375,contains,n2
f0375,contains,n3
f0376,contains,n1
f0376,contains,n2
f0376,contains,n3
f0377,contains,n1
f0377,contains,n2
f0377,contains,n3
f0378,contains,n1
f0378,contains,n2
f0378,contains,n3
f0379,contains,n1
f0379,contains,n2
f0379,contains,n3
f0380,contains,n1
f0380,contains,n2
f0380,contains,n3
f0381,contains,n1
f0381,contains,n2
f0381,contains,n3
f0382,contains,n1
f0382,contains,n2
f0382,contains,n3
f0383,contains,n1
f0383,contains,n2
f0383,contains,n3
f0384,contains,n1
f0384,contains,n2
f0384,contains,n3
f0385,contains,n1
f0385,contains,n2
f0385,contains,n3
f0386,contains,n1
f0386,contains,n2
f0386,contains,n3
f0387,contains,n1
f0387,contains,n2
f0387,contains,n3
f0388,contains,n1
f0388,contains,n2
f0388,contains,n3
f0389,contains,n1
f0389,contains,n2
f0389,contains,n3
f0390,contains,n1
f0390,contains,n2
f0390,contains,n3
f0391,contains,n1
f0391,contains,n2
f0391,contains,n3
f0392,contains,n1
f0392,contains,n2
f0392,contains,n3
f0393,contains,n1
f0393,contains,n2
f0393,contains,n3
f0394,contains,n1
f0394,contains,n2
f0394,contains,n3
f0395,contains,n1
f0395,contains,n2
f0395,contains,n3
f0396,contains,n1
f0396,contains,n2
f0396,contains,n3
f0397,contains,n1
f0397,contains,n2
f0397,contains,n3
f0398,contains,n1
f0398,contains,n2
f0398,contains,n3
f0399,contains,n1
f0399,contains,n2
f0399,contains,n3
f0400,contains,n1
f0400,contains,n2
f0400,contains,n3
f0401,contains,n1
f0401,contains,n2
f0401,contains,n3
f0402,contains,n1
f0402,contains,n2
f0402,contains,n3
f0403,contains,n1
f0403,contains,n2
f0403,contains,n3
f0404,contains,n1
f0404,contains,n2
f0404,contains,n3
f0405,contains,n1
f0405,contains,n2
f0405,contains,n3
f0406,contains,n1
f0406,contains,n2
f0406,contains,n3
f0407,contains,n1
f0407,contains,n2
f0407,contains,n3
f0408,contains,n1
f0408,contains,n2
f0408,contains,n3
f0409,contains,n1
f0409,contains,n2
f0409,contains,n3
f0410,contains,n1
f0410,contains,n2
f0410,contains,n3
f0411,contains,n1
f0411,contains,n2
f0411,contains,n3
f0412,contains,n1
f0412,contains,n2
f0412,contains,n3
f0413,contains,n1
f0413,contains,n2
f0413,contains,n3
f0414,contains,n1
f0414,contains,n2
f0414,contains,n3
f0415,contains,n1
f0415,contains,n2
f0415,contains,n3
f0416,contains,n1
f0416,contains,n2
f0416,contains,n3
f0417,contains,n1
f0417,contains,n2
f0417,contains,n3
f0418,contains,n1
f0418,contains,n2
f0418,contains,n3
f0419,contains,n1
f0419,contains,n2
f0419,contains,n3
f0420,contains,n1
f0420,contains,n2
f0420,contains,n3
f0421,contains,n1
f0421,contains,n2
f0421,contains,n3
f0422,contains,n1
f0422,contains,n2
f0422,contains,n3
f0423,contains,n1
f0423,contains,n2
f0423,contains,n3
f0424,contains,n1
f0424,contains,n2
f0424,contains,n3
f0425,contains,n1
f0425,contains,n2
f0425,contains,n3
f0426,contains,n1
f0426,contains,n2
f0426,contains,n3
f0427,contains,n1
f0427,contains,n2
f0427,contains,n3
f0428,contains,n1
f0428,contains,n2
f0428,contains,n3
f0429,contains,n1
f0429,contains,n2
f0429,contains,n3
f0430,contains,n1
f0430,contains,n2
f0430,contains,n3
f0431,contains,n1
f0431,contains,n2
f0431,contains,n3
f0432,contains,n1
f0432,contains,n2
f0432,contains,n3
f0433,contains,n1
f0433,contains,n2
f0433,contains,n3
f0434,contains,n1
f0434,contains,n2
f0434,contains,n3
f0435,contains,n1
f0435,contains,n2
f0435,contains,n3
f0436,contains,n1
f0436,contains,n2
f0436,contains,n3
f0437,contains,n1
f0437,contains,n2
f0437,contains,n3
f0438,contains,n1
f0438,contains,n2
f0438,contains,n3
f0439,contains,n1
f0439,contains,n2
f0439,contains,n3
f0440,contains,n1
f0440,contains,n2
f0440,contains,n3
f0441,contains,n1
f0441,contains,n2
f0441,contains,n3
f0442,contains,n1
f0442,contains,n2
f0442,contains,n3
f0443,contains,n1
f0443,contains,n2
f0443,contains,n3
f0444,contains,n1
f0444,contains,n2
f0444,contains,n3
f0445,contains,n1
f0445,contains,n2
f0445,contains,n3
f0446,contains,n1
f0446,contains,n2
f0446,contains,n3
f0447,contains,n1
f0447,contains,n2
f0447,contains,n3
f0448,contains,n1
f0448,contains,n2
f0448,contains,n3
f0449,contains,n1
f0449,contains,n2
f0449,contains,n3
f0450,contains,n1
f0450,contains,n2
f0450,contains,n3
f0451,contains,n1
f0451,contains,n2
f0451,contains,n3
f0452,contains,n1
f0452,contains,n2
f0452,contains,n3
f0453,contains,n1
f0453,contains,n2
f0453,contains,n3
f0454,contains,n1
f0454,contains,n2
f0454,contains,n3
f0455,contains,n1
f0455,contains,n2
f0455,contains,n3
f0456,contains,n1
f0456,contains,n2
f0456,contains,n3
f0457,contains,n1
f0457,contains,n2
f0457,contains,n3
f0458,contains,n1
f0458,contains,n2
f0458,contains,n3
f0459,contains,n1
f0459,contains,n2
f0459,contains,n3
f0460,contains,n1
f0460,contains,n2
f0460,contains,n3
f0461,contains,n1
f0461,contains,n2
f0461,contains,n3
f0462,contains,n1
f0462,contains,n2
f0462,contains,n3
f0463,contains,n1
f0463,contains,n2
f0463,contains,n3
f0464,contains,n1
f0464,contains,n2
f0464,contains,n3
f0465,contains,n1
f0465,contains,n2
f0465,contains,n3
f0466,contains,n1
f0466,contains,n2
f0466,contains,n3
f0467,contains,n1
f0467,contains,n2
f0467,contains,n3
f0468,contains,n1
f0468,contains,n2
f0468,contains,n3
f0469,contains,n1
f0469,contains,n2
f0469,contains,n3
f0470,contains,n1
f0470,contains,n2
f0470,contains,n3
f0471,contains,n1
f0471,contains,n2
f0471,contains,n3
f0472,contains,n1
f0472,contains,n2
f0472,contains,n3
f0473,contains,n1
f0473,contains,n2
f0473,contains,n3
f0474,contains,n1
f0474,contains,n2
f0474,contains,n3
f0475,contains,n1
f0475,contains,n2
f0475,contains,n3
f0476,contains,n1
f0476,contains,n2
f0476,contains,n3
f0477,contains,n1
f0477,contains,n2
f0477,contains,n3
f0478,contains,n1
f0478,contains,n2
f0478,contains,n3
f0479,contains,n1
f0479,contains,n2
f0479,contains,n3
f0480,contains,n1
f0480,contains,n2
f0480,contains,n3
f0481,contains,n1
f0481,contains,n2
f0481,contains,n3
f0482,contains,n1
f0482,contains,n2
f0482,contains,n3
f0483,contains,n1
f0483,contains,n2
f0483,contains,n3
f0484,contains,n1
f0484,contains,n2
f0484,contains,n3
f0485,contains,n1
f0485,contains,n2
f0485,contains,n3
f0486,contains,n1
f0486,contains,n2
f0486,contains,n3
f0487,contains,n1
f0487,contains,n2
f0487,contains,n3
f0488,contains,n1
f0488,contains,n2
f0488,contains,n3
f0489,contains,n1
f0489,contains,n2
f0489,contains,n3
f0490,contains,n1
f0490,contains,n2
f0490,contains,n3
f0491,contains,n1
f0491,contains,n2
f0491,contains,n3
f0492,contains,n1
f0492,contains,n2
f0492,contains,n3
f0493,contains,n1
f0493,contains,n2
f0493,contains,n3
f0494,contains,n1
f0494,contains,n2
f0494,contains,n3
f0495,contains,n1
f0495,contains,n2
f0495,contains,n3
f0496,contains,n1
f0496,contains,n2
f0496,contains,n3
f0497,contains,n1
f0497,contains,n2
f0497,contains,n3
f0498,contains,n1
f0498,contains,n2
f0498,contains,n3
f0499,contains,n1
f0499,contains,n2
f0499,contains,n3
f0500,contains,n1
f0500,contains,n2
f0500,contains,n3
f0501,contains,n1
f0501,contains,n2
f0501,contains,n3
f0502,contains,n1
f0502,contains,n2
f0502,contains,n3
f0503,contains,n1
f0503,contains,n2
f0503,contains,n3
f0504,contains,n1
f0504,contains,n2
f0504,contains,n3
f0505,contains,n1
f0505,contains,n2
f0505,contains,n3
f0506,contains,n1
f0506,contains,n2
f0506,contains,n3
f0507,contains,n1
f0507,contains,n2
f0507,contains,n3
f0508,contains,n1
f0508,contains,n2
f0508,contains,n3
f0509,contains,n1
f0509,contains,n2
f0509,contains,n3
f0510,contains,n1
f0510,contains,n2
f0510,contains,n3
f0511,contains,n1
f0511,contains,n2
f0511,contains,n3
f0512,contains,n1
f0512,contains,n2
f0512,contains,n3
f0513,contains,n1
f0513,contains,n2
f0513,contains,n3
f0514,contains,n1
f0514,contains,n2
f0514,contains,n3
f0515,contains,n1
f0515,contains,n2
f0515,contains,n3
f0516,contains,n1
f0516,contains,n2
f0516,contains,n3
f0517,contains,n1
f0517,contains,n2
f0517,contains,n3
f0518,contains,n1
f0518,contains,n2
f0518,contains,n3
f0519,contains,n1
f0519,contains,n2
f0519,contains,n3
f0520,contains,n1
f0520,contains,n2
f0520,contains,n3
f0521,contains,n1
f0521,contains,n2
f0521,contains,n3
f0522,contains,n1
f0522,contains,n2
f0522,contains,n3
f0523,contains,n1
f0523,contains,n2
f0523,contains,n3
f0524,contains,n1
f0524,contains,n2
f0524,contains,n3
f0525,contains,n1
f0525,contains,n2
f0525,contains,n3
f0526,contains,n1
f0526,contains,n2
f0526,contains,n3
f0527,contains,n1
f0527,contains,n2
f0527,contains,n3
f0528,contains,n1
f0528,contains,n2
f0528,contains,n3
f0529,contains,n1
f0529,contains,n2
f0529,contains,n3
f0530,contains,n1
f0530,contains,n2
f0530,contains,n3
f0531,contains,n1
f0531,contains,n2
f0531,contains,n3
f0532,contains,n1
f0532,contains,n2
f0532,contains,n3
f0533,contains,n1
f0533,contains,n2
f0533,contains,n3
f0534,contains,n1
f0534,contains,n2
f0534,contains,n3
f0535,contains,n1
f0535,contains,n2
f0535,contains,n3
f0536,contains,n1
f0536,contains,n2
f0536,contains,n3
f0537,contains,n1
f0537,contains,n2
f0537,contains,n3
f0538,contains,n1
f0538,contains,n2
f0538,contains,n3
f0539,contains,n1
f0539,contains,n2
f0539,contains,n3
f0540,contains,n1
f0540,contains,n2
f0540,contains,n3
f0541,contains,n1
f0541,contains,n2
f0541,contains,n3
f0542,contains,n1
f0542,contains,n2
f0542,contains,n3
f0543,contains,n1
f0543,contains,n2
f0543,contains,n3
f0544,contains,n1
f0544,contains,n2
f0544,contains,n3
f0545,contains,n1
f0545,contains,n2
f0545,contains,n3
f0546,contains,n1
f0546,contains,n2
f0546,contains,n3
f0547,contains,n1
f0547,contains,n2
f0547,contains,n3
f0548,contains,n1
f0548,contains,n2
f0548,contains,n3
f0549,contains,n1
f0549,contains,n2
f0549,contains,n3
f0550,contains,n1
f0550,contains,n2
f0550,contains,n3
f0551,contains,n1
f0551,contains,n2
f0551,contains,n3
f0552,contains,n1
f0552,contains,n2
f0552,contains,n3
f0553,contains,n1
f0553,contains,n2
f0553,contains,n3
f0554,contains,n1
f0554,contains,n2
f0554,contains,n3
f0555,contains,n1
f0555,contains,n2
f0555,contains,n3
f0556,contains,n1
f0556,contains,n2
f0556,contains,n3
f0557,contains,n1
f0557,contains,n2
f0557,contains,n3
f0558,contains,n1
f0558,contains,n2
f0558,contains,n3
f0559,contains,n1
f0559,contains,n2
f0559,contains,n3
f0560,contains,n1
f0560,contains,n2
f0560,contains,n3
f0561,contains,n1
f0561,contains,n2
f0561,contains,n3
f0562,contains,n1
f0562,contains,n2
f0562,contains,n3
f0563,contains,n1
f0563,contains,n2
f0563,contains,n3
f0564,contains,n1
f0564,contains,n2
f0564,contains,n3
f0565,contains,n1
f0565,contains,n2
f0565,contains,n3
f0566,contains,n1
f0566,contains,n2
f0566,contains,n3
f0567,contains,n1
f0567,contains,n2
f0567,contains,n3
f0568,contains,n1
f0568,contains,n2
f0568,contains,n3
f0569,contains,n1
f0569,contains,n2
f0569,contains,n3
f0570,contains,n1
f0570,contains,n2
f0570,contains,n3
f0571,contains,n1
f0571,contains,n2
f0571,contains,n3
f0572,contains,n1
f0572,contains,n2
f0572,contains,n3
f0573,contains,n1
f0573,contains,n2
f0573,contains,n3
f0574,contains,n1
f0574,contains,n2
f0574,contains,n3
f0575,contains,n1
f0575,contains,n2
f0575,contains,n3
f0576,contains,n1
f0576,contains,n2
f0576,contains,n3
f0577,contains,n1
f0577,contains,n2
f0577,contains,n3
f0578,contains,n1
f0578,contains,n2
f0578,contains,n3
f0579,contains,n1
f0579,contains,n2
f0579,contains,n3
f0580,contains,n1
f0580,contains,n2
f0580,contains,n3
f0581,contains,n1
f0581,contains,n2
f0581,contains,n3
f0582,contains,n1
f0582,contains,n2
f0582,contains,n3
f0583,contains,n1
f0583,contains,n2
f0583,contains,n3
f0584,contains,n1
f0584,contains,n2
f0584,contains,n3
f0585,contains,n1
f0585,contains,n2
f0585,contains,n3
f0586,contains,n1
f0586,contains,n2
f0586,contains,n3
f0587,contains,n1
f0587,contains,n2
f0587,contains,n3
f0588,contains,n1
f0588,contains,n2
f0588,contains,n3
f0589,contains,n1
f0589,contains,n2
f0589,contains,n3
f0590,contains,n1
f0590,contains,n2
f0590,contains,n3
f0591,contains,n1
f0591,contains,n2
f0591,contains,n3
f0592,contains,n1
f0592,contains,n2
f0592,contains,n3
f0593,contains,n1
f0593,contains,n2
f0593,contains,n3
f0594,contains,n1
f0594,contains,n2
f0594,contains,n3
f0595,contains,n1
f0595,contains,n2
f0595,contains,n3
f0596,contains,n1
f0596,contains,n2
f0596,contains,n3
f0597,contains,n1
f0597,contains,n2
f0597,contains,n3
f0598,contains,n1
f0598,contains,n2
f0598,contains,n3
f0599,contains,n1
f0599,contains,n2
f0599,contains,n3
f0600,contains,n1
f0600,contains,n2
f0600,contains,n3
f0601,contains,n1
f0601,contains,n2
f0601,contains,n3
f0602,contains,n1
f0602,contains,n2
f0602,contains,n3
f0603,contains,n1
f0603,contains,n2
f0603,contains,n3
f0604,contains,n1
f0604,contains,n2
f0604,contains,n3
f0605,contains,n1
f0605,contains,n2
f0605,contains,n3
f0606,contains,n1
f0606,contains,n2
f0606,contains,n3
f0607,contains,n1
f0607,contains,n2
f0607,contains,n3
f0608,contains,n1
f0608,contains,n2
f0608,contains,n3
f0609,contains,n1
f0609,contains,n2
f0609,contains,n3
f0610,contains,n1
f0610,contains,n2
f0610,contains,n3
f0611,contains,n1
f0611,contains,n2
f0611,contains,n3
f0612,contains,n1
f0612,contains,n2
f0612,contains,n3
f0613,contains,n1
f0613,contains,n2
f0613,contains,n3
f0614,contains,n1
f0614,contains,n2
f0614,contains,n3
f0615,contains,n1
f0615,contains,n2
f0615,contains,n3
f0616,contains,n1
f0616,contains,n2
f0616,contains,n3
f0617,contains,n1
f0617,contains,n2
f0617,contains,n3
f0618,contains,n1
f0618,contains,n2
f0618,contains,n3
f0619,contains,n1
f0619,contains,n2
f0619,contains,n3
f0620,contains,n1
f0620,contains,n2
f0620,contains,n3
f0621,contains,n1
f0621,contains,n2
f0621,contains,n3
f0622,contains,n1
f0622,contains,n2
f0622,contains,n3
f0623,contains,n1
f0623,contains,n2
f0623,contains,n3
f0624,contains,n1
f0624,contains,n2
f0624,contains,n3
f0625,contains,n1
f0625,contains,n2
f0625,contains,n3
f0626,contains,n1
f0626,contains,n2
f0626,contains,n3
f0627,contains,n1
f0627,contains,n2
f0627,contains,n3
f0628,contains,n1
f0628,contains,n2
f0628,contains,n3
f0629,contains,n1
f0629,contains,n2
f0629,contains,n3
f0630,contains,n1
f0630,contains,n2
f0630,contains,n3
f0631,contains,n1
f0631,contains,n2
f0631,contains,n3
f0632,contains,n1
f0632,contains,n2
f0632,contains,n3
f0633,contains,n1
f0633,contains,n2
f0633,contains,n3
f0634,contains,n1
f0634,contains,n2
f0634,contains,n3
f0635,contains,n1
f0635,contains,n2
f0635,contains,n3
f0636,contains,n1
f0636,contains,n2
f0636,contains,n3
f0637,contains,n1
f0637,contains,n2
f0637,contains,n3
f0638,contains,n1
f0638,contains,n2
f0638,contains,n3
f0639,contains,n1
f0639,contains,n2
f0639,contains,n3
f0640,contains,n1
f0640,contains,n2
f0640,contains,n3
f0641,contains,n1
f0641,contains,n2
f0641,contains,n3
f0642,contains,n1
f0642,contains,n2
f0642,contains,n3
f0643,contains,n1
f0643,contains,n2
f0643,contains,n3
f0644,contains,n1
f0644,contains,n2
f0644,contains,n3
f0645,contains,n1
f0645,contains,n2
f0645,contains,n3
f0646,contains,n1
f0646,contains,n2
f0646,contains,n3
f0647,contains,n1
f0647,contains,n2
f0647,contains,n3
f0648,contains,n1
f0648,contains,n2
f0648,contains,n3
f0649,contains,n1
f0649,contains,n2
f0649,contains,n3
f0650,contains,n1
f0650,contains,n2
f0650,contains,n3
f0651,contains,n1
f0651,contains,n2
f0651,contains,n3
f0652,contains,n1
f0652,contains,n2
f0652,contains,n3
f0653,contains,n1
f0653,contains,n2
f0653,contains,n3
f0654,contains,n1
f0654,contains,n2
f0654,contains,n3
f0655,contains,n1
f0655,contains,n2
f0655,contains,n3
f0656,contains,n1
f0656,contains,n2
f0656,contains,n3
f0657,contains,n1
f0657,contains,n2
f0657,contains,n3
f0658,contains,n1
f0658,contains,n2
f0658,contains,n3
f0659,contains,n1
f0659,contains,n2
f0659,contains,n3
f0660,contains,n1
f0660,contains,n2
f0660,contains,n3
f0661,contains,n1
f0661,contains,n2
f0661,contains,n3
f0662,contains,n1
f0662,contains,n2
f0662,contains,n3
f0663,contains,n1
f0663,contains,n2
f0663,contains,n3
f0664,contains,n1
f0664,contains,n2
f0664,contains,n3
f0665,contains,n1
f0665,contains,n2
f0665,contains,n3
f0666,contains,n1
f0666,contains,n2
f0666,contains,n3
f0667,contains,n1
f0667,contains,n2
f0667,contains,n3
f0668,contains,n1
f0668,contains,n2
f0668,contains,n3
f0669,contains,n1
f0669,contains,n2
f0669,contains,n3
f0670,contains,n1
f0670,contains,n2
f0670,contains,n3
f0671,contains,n1
f0671,contains,n2
f0671,contains,n3
f0672,contains,n1
f0672,contains,n2
f0672,contains,n3
f0673,contains,n1
f0673,contains,n2
f0673,contains,n3
f0674,contains,n1
f0674,contains,n2
f0674,contains,n3
f0675,contains,n1
f0675,contains,n2
f0675,contains,n3
f0676,contains,n1
f0676,contains,n2
f0676,contains,n3
f0677,contains,n1
f0677,contains,n2
f0677,contains,n3
f0678,contains,n1
f0678,contains,n2
f0678,contains,n3
f0679,contains,n1
f0679,contains,n2
f0679,contains,n3
f0680,contains,n1
f0680,contains,n2
f0680,contains,n3
f0681,contains,n1
f0681,contains,n2
f0681,contains,n3
f0682,contains,n1
f0682,contains,n2
f0682,contains,n3
f0683,contains,n1
f0683,contains,n2
f0683,contains,n3
f0684,contains,n1
f0684,contains,n2
f0684,contains,n3
f0685,contains,n1
f0685,contains,n2
f0685,contains,n3
f0686,contains,n1
f0686,contains,n2
f0686,contains,n3
f0687,contains,n1
f0687,contains,n2
f0687,contains,n3
f0688,contains,n1
f0688,contains,n2
f0688,contains,n3
f0689,contains,n1
f0689,contains,n2
f0689,contains,n3
f0690,contains,n1
f0690,contains,n2
f0690,contains,n3
f0691,contains,n1
f0691,contains,n2
f0691,contains,n3
f0692,contains,n1
f0692,contains,n2
f0692,contains,n3
f0693,contains,n1
f0693,contains,n2
f0693,contains,n3
f0694,contains,n1
f0694,contains,n2
f0694,contains,n3
f0695,contains,n1
f0695,contains,n2
f0695,contains,n3
f0696,contains,n1
f0696,contains,n2
f0696,contains,n3
f0697,contains,n1
f0697,contains,n2
f0697,contains,n3
f0698,contains,n1
f0698,contains,n2
f0698,contains,n3
f0699,contains,n1
f0699,contains,n2
f0699,contains,n3
f0700,contains,n1
f0700,contains,n2
f0700,contains,n3
f0701,contains,n1
f0701,contains,n2
f0701,contains,n3
f0702,contains,n1
f0702,contains,n2
f0702,contains,n3
f0703,contains,n1
f0703,contains,n2
f0703,contains,n3
f0704,contains,n1
f0704,contains,n2
f0704,contains,n3
f0705,contains,n1
f0705,contains,n2
f0705,contains,n3
f0706,contains,n1
f0706,contains,n2
f0706,contains,n3
f0707,contains,n1
f0707,contains,n2
f0707,contains,n3
f0708,contains,n1
f0708,contains,n2
f0708,contains,n3
f0709,contains,n1
f0709,contains,n2
f0709,contains,n3
f0710,contains,n1
f0710,contains,n2
f0710,contains,n3
f0711,contains,n1
f0711,contains,n2
f0711,contains,n3
f0712,contains,n1
f0712,contains,n2
f0712,contains,n3
f0713,contains,n1
f0713,contains,n2
f0713,contains,n3
f0714,contains,n1
f0714,contains,n2
f0714,contains,n3
f0715,contains,n1
f0715,contains,n2
f0715,contains,n3
f0716,contains,n1
f0716,contains,n2
f0716,contains,n3
f0717,contains,n1
f0717,contains,n2
f0717,contains,n3
f0718,contains,n1
f0718,contains,n2
f0718,contains,n3
f0719,contains,n1
f0719,contains,n2
f0719,contains,n3
f0720,contains,n1
f0720,contains,n2
f0720,contains,n3
f0721,contains,n1
f0721,contains,n2
f0721,contains,n3
f0722,contains,n1
f0722,contains,n2
f0722,contains,n3
f0723,contains,n1
f0723,contains,n2
f0723,contains,n3
f0724,contains,n1
f0724,contains,n2
f0724,contains,n3
f0725,contains,n1
f0725,contains,n2
f0725,contains,n3
f0726,contains,n1
f0726,contains,n2
f0726,contains,n3
f0727,contains,n1
f0727,contains,n2
f0727,contains,n3
f0728,contains,n1
f0728,contains,n2
f0728,contains,n3
f0729,contains,n1
f0729,contains,n2
f0729,contains,n3
f0730,contains,n1
f0730,contains,n2
f0730,contains,n3
f0731,contains,n1
f0731,contains,n2
f0731,contains,n3
f0732,contains,n1
f0732,contains,n2
f0732,contains,n3
f0733,contains,n1
f0733,contains,n2
f0733,contains,n3
f0734,contains,n1
f0734,contains,n2
f0734,contains,n3
f0735,contains,n1
f0735,contains,n2
f0735,contains,n3
f0736,contains,n1
f0736,contains,n2
f0736,contains,n3
f0737,contains,n1
f0737,contains,n2
f0737,contains,n3
f0738,contains,n1
f0738,contains,n2
f0738,contains,n3
f0739,contains,n1
f0739,contains,n2
f0739,contains,n3
f0740,contains,n1
f0740,contains,n2
f0740,contains,n3
f0741,contains,n1
f0741,contains,n2
f0741,contains,n3
f0742,contains,n1
f0742,contains,n2
f0742,contains,n3
f0743,contains,n1
f0743,contains,n2
f0743,contains,n3
f0744,contains,n1
f0744,contains,n2
f0744,contains,n3
f0745,contains,n1
f0745,contains,n2
f0745,contains,n3
f0746,contains,n1
f0746,contains,n2
f0746,contains,n3
f0747,contains,n1
f0747,contains,n2
f0747,contains,n3
f0748,contains,n1
f0748,contains,n2
f0748,contains,n3
f0749,contains,n1
f0749,contains,n2
f0749,contains,n3
f0750,contains,n1
f0750,contains,n2
f0750,contains,n3
f0751,contains,n1
f0751,contains,n2
f0751,contains,n3
f0752,contains,n1
f0752,contains,n2
f0752,contains,n3
f0753,contains,n1
f0753,contains,n2
f0753,contains,n3
f0754,contains,n1
f0754,contains,n2
f0754,contains,n3
f0755,contains,n1
f0755,contains,n2
f0755,contains,n3
f0756,contains,n1
f0756,contains,n2
f0756,contains,n3
f0757,contains,n1
f0757,contains,n2
f0757,contains,n3
f0758,contains,n1
f0758,contains,n2
f0758,contains,n3
f0759,contains,n1
f0759,contains,n2
f0759,contains,n3
f0760,contains,n1
f0760,contains,n2
f0760,contains,n3
f0761,contains,n1
f0761,contains,n2
f0761,contains,n3
f0762,contains,n1
f0762,contains,n2
f0762,contains,n3
f0763,contains,n1
f0763,contains,n2
f0763,contains,n3
f0764,contains,n1
f0764,contains,n2
f0764,contains,n3
f0765,contains,n1
f0765,contains,n2
f0765,contains,n3
f0766,contains,n1
f0766,contains,n2
f0766,contains,n3
f0767,contains,n1
f0767,contains,n2
f0767,contains,n3
f0768,contains,n1
f0768,contains,n2
f0768,contains,n3
f0769,contains,n1
f0769,contains,n2
f0769,contains,n3
f0770,contains,n1
f0770,contains,n2
f0770,contains,n3
f0771,contains,n1
f0771,contains,n2
f0771,contains,n3
f0772,contains,n1
f0772,contains,n2
f0772,contains,n3
f0773,contains,n1
f0773,contains,n2
f0773,contains,n3
f0774,contains,n1
f0774,contains,n2
f0774,contains,n3
f0775,contains,n1
f0775,contains,n2
f0775,contains,n3
f0776,contains,n1
f0776,contains,n2
f0776,contains,n3
f0777,contains,n1
f0777,contains,n2
f0777,contains,n3
f0778,contains,n1
f0778,contains,n2
f0778,contains,n3
f0779,contains,n1
f0779,contains,n2
f0779,contains,n3
f0780,contains,n1
f0780,contains,n2
f0780,contains,n3
f0781,contains,n1
f0781,contains,n2
f0781,contains,n3
f0782,contains,n1
f0782,contains,n2
f0782,contains,n3
f0783,contains,n1
f0783,contains,n2
f0783,contains,n3
f0784,contains,n1
f0784,contains,n2
f0784,contains,n3
f0785,contains,n1
f0785,contains,n2
f0785,contains,n3
f0786,contains,n1
f0786,contains,n2
f0786,contains,n3
f0787,contains,n1
f0787,contains,n2
f0787,contains,n3
f0788,contains,n1
f0788,contains,n2
f0788,contains,n3
f0789,contains,n1
f0789,contains,n2
f0789,contains,n3
f0790,contains,n1
f0790,contains,n2
f0790,contains,n3
f0791,contains,n1
f0791,contains,n2
f0791,contains,n3
f0792,contains,n1
f0792,contains,n2
f0792,contains,n3
f0793,contains,n1
f0793,contains,n2
f0793,contains,n3
f0794,contains,n1
f0794,contains,n2
f0794,contains,n3
f0795,contains,n1
f0795,contains,n2
f0795,contains,n3
f0796,contains,n1
f0796,contains,n2
f0796,contains,n3
f0797,contains,n1
f0797,contains,n2
f0797,contains,n3
f0798,contains,n1
f0798,contains,n2
f0798,contains,n3
f0799,contains,n1
f0799,contains,n2
f0799,contains,n3
f0800,contains,n1
f0800,contains,n2
f0800,contains,n3
f0801,contains,n1
f0801,contains,n2
f0801,contains,n3
f0802,contains,n1
f0802,contains,n2
f0802,contains,n3
f0803,contains,n1
f0803,contains,n2
f0803,contains,n3
f0804,contains,n1
f0804,contains,n2
f0804,contains,n3
f0805,contains,n1
f0805,contains,n2
f0805,contains,n3
f0806,contains,n1
f0806,contains,n2
f0806,contains,n3
f0807,contains,n1
f0807,contains,n2
f0807,contains,n3
f0808,contains,n1
f0808,contains,n2
f0808,contains,n3
f0809,contains,n1
f0809,contains,n2
f0809,contains,n3
f0810,contains,n1
f0810,contains,n2
f0810,contains,n3
f0811,contains,n1
f0811,contains,n2
f0811,contains,n3
f0812,contains,n1
f0812,contains,n2
f0812,contains,n3
f0813,contains,n1
f0813,contains,n2
f0813,contains,n3
f0814,contains,n1
f0814,contains,n2
f0814,contains,n3
f0815,contains,n1
f0815,contains,n2
f0815,contains,n3
f0816,contains,n1
f0816,contains,n2
f0816,contains,n3
f0817,contains,n1
f0817,contains,n2
f0817,contains,n3
f0818,contains,n1
f0818,contains,n2
f0818,contains,n3
f0819,contains,n1
f0819,contains,n2
f0819,contains,n3
f0820,contains,n1
f0820,contains,n2
f0820,contains,n3
f0821,contains,n1
f0821,contains,n2
f0821,contains,n3
f0822,contains,n1
f0822,contains,n2
f0822,contains,n3
f0823,contains,n1
f0823,contains,n2
f0823,contains,n3
f0824,contains,n1
f0824,contains,n2
f0824,contains,n3
f0825,contains,n1
f0825,contains,n2
f0825,contains,n3
f0826,contains,n1
f0826,contains,n2
f0826,contains,n3
f0827,contains,n1
f0827,contains,n2
f0827,contains,n3
f0828,contains,n1
f0828,contains,n2
f0828,contains,n3
f0829,contains,n1
f0829,contains,n2
f0829,contains,n3
f0830,contains,n1
f0830,contains,n2
f0830,contains,n3
f0831,contains,n1
f0831,contains,n2
f0831,contains,n3
f0832,contains,n1
f0832,contains,n2
f0832,contains,n3
f0833,contains,n1
f0833,contains,n2
f0833,contains,n3
f0834,contains,n1
f0834,contains,n2
f0834,contains,n3
f0835,contains,n1
f0835,contains,n2
f0835,contains,n3
f0836,contains,n1
f0836,contains,n2
f0836,contains,n3
f0837,contains,n1
f0837,contains,n2
f0837,contains,n3
f0838,contains,n1
f0838,contains,n2
f0838,contains,n3
f0839,contains,n1
f0839,contains,n2
f0839,contains,n3
f0840,contains,n1
f0840,contains,n2
f0840,contains,n3
f0841,contains,n1
f0841,contains,n2
f0841,contains,n3
f0842,contains,n1
f0842,contains,n2
f0842,contains,n3
f0843,contains,n1
f0843,contains,n2
f0843,contains,n3
f0844,contains,n1
f0844,contains,n2
f0844,contains,n3
f0845,contains,n1
f0845,contains,n2
f0845,contains,n3
f0846,contains,n1
f0846,contains,n2
f0846,contains,n3
f0847,contains,n1
f0847,contains,n2
f0847,contains,n3
f0848,contains,n1
f0848,contains,n2
f0848,contains,n3
f0849,contains,n1
f0849,contains,n2
f0849,contains,n3
f0850,contains,n1
f0850,contains,n2
f0850,contains,n3
f0851,contains,n1
f0851,contains,n2
f0851,contains,n3
f0852,contains,n1
f0852,contains,n2
f0852,contains,n3
f0853,contains,n1
f0853,contains,n2
f0853,contains,n3
f0854,contains,n1
f0854,contains,n2
f0854,contains,n3
f0855,contains,n1
f0855,contains,n2
f0855,contains,n3
f0856,contains,n1
f0856,contains,n2
f0856,contains,n3
f0857,contains,n1
f0857,contains,n2
f0857,contains,n3
f0858,contains,n1
f0858,contains,n2
f0858,contains,n3
f0859,contains,n1
f0859,contains,n2
f0859,contains,n3
f0860,contains,n1
f0860,contains,n2
f0860,contains,n3
f0861,contains,n1
f0861,contains,n2
f0861,contains,n3
f0862,contains,n1
f0862,contains,n2
f0862,contains,n3
f0863,contains,n1
f0863,contains,n2
f0863,contains,n3
f0864,contains,n1
f0864,contains,n2
f0864,contains,n3
f0865,contains,n1
f0865,contains,n2
f0865,contains,n3
f0866,contains,n1
f0866,contains,n2
f0866,contains,n3
f0867,contains,n1
f0867,contains,n2
f0867,contains,n3
f0868,contains,n1
f0868,contains,n2
f0868,contains,n3
f0869,contains,n1
f0869,contains,n2
f0869,contains,n3
f0870,contains,n1
f0870,contains,n2
f0870,contains,n3
f0871,contains,n1
f0871,contains,n2
f0871,contains,n3
f0872,contains,n1
f0872,contains,n2
f0872,contains,n3
f0873,contains,n1
f0873,contains,n2
f0873,contains,n3
f0874,contains,n1
f0874,contains,n2
f0874,contains,n3
f0875,contains,n1
f0875,contains,n2
f0875,contains,n3
f0876,contains,n1
f0876,contains,n2
f0876,contains,n3
f0877,contains,n1
f0877,contains,n2
f0877,contains,n3
f0878,contains,n1
f0878,contains,n2
f0878,contains,n3
f0879,contains,n1
f0879,contains,n2
f0879,contains,n3
f0880,contains,n1
f0880,contains,n2
f0880,contains,n3
f0881,contains,n1
f0881,contains,n2
f0881,contains,n3
f0882,contains,n1
f0882,contains,n2
f0882,contains,n3
f0883,contains,n1
f0883,contains,n2
f0883,contains,n3
f0884,contains,n1
f0884,contains,n2
f0884,contains,n3
f0885,contains,n1
f0885,contains,n2
f0885,contains,n3
f0886,contains,n1
f0886,contains,n2
f0886,contains,n3
f0887,contains,n1
f0887,contains,n2
f0887,contains,n3
f0888,contains,n1
f0888,contains,n2
f0888,contains,n3
f0889,contains,n1
f0889,contains,n2
f0889,contains,n3
f0890,contains,n1
f0890,contains,n2
f0890,contains,n3
f0891,contains,n1
f0891,contains,n2
f0891,contains,n3
f0892,contains,n1
f0892,contains,n2
f0892,contains,n3
f0893,contains,n1
f0893,contains,n2
f0893,contains,n3
f0894,contains,n1
f0894,contains,n2
f0894,contains,n3
f0895,contains,n1
f0895,contains,n2
f0895,contains,n3
f0896,contains,n1
f0896,contains,n2
f0896,contains,n3
f0897,contains,n1
f0897,contains,n2
f0897,contains,n3
f0898,contains,n1
f0898,contains,n2
f0898,contains,n3
f0899,contains,n1
f0899,contains,n2
f0899,contains,n3
f0900,contains,n1
f0900,contains,n2
f0900,contains,n3
f0901,contains,n1
f0901,contains,n2
f0901,contains,n3
f0902,contains,n1
f0902,contains,n2
f0902,contains,n3
f0903,contains,n1
f0903,contains,n2
f0903,contains,n3
f0904,contains,n1
f0904,contains,n2
f0904,contains,n3
f0905,contains,n1
f0905,contains,n2
f0905,contains,n3
f0906,contains,n1
f0906,contains,n2
f0906,contains,n3
f0907,contains,n1
f0907,contains,n2
f0907,contains,n3
f0908,contains,n1
f0908,contains,n2
f0908,contains,n3
f0909,contains,n1
f0909,contains,n2
f0909,contains,n3
f0910,contains,n1
f0910,contains,n2
f0910,contains,n3
f0911,contains,n1
f0911,contains,n2
f0911,contains,n3
f0912,contains,n1
f0912,contains,n2
f0912,contains,n3
f0913,contains,n1
f0913,contains,n2
f0913,contains,n3
f0914,contains,n1
f0914,contains,n2
f0914,contains,n3
f0915,contains,n1
f0915,contains,n2
f0915,contains,n3
f0916,contains,n1
f0916,contains,n2
f0916,contains,n3
f0917,contains,n1
f0917,contains,n2
f0917,contains,n3
f0918,contains,n1
f0918,contains,n2
f0918,contains,n3
f0919,contains,n1
f0919,contains,n2
f0919,contains,n3
f0920,contains,n1
f0920,contains,n2
f0920,contains,n3
f0921,contains,n1
f0921,contains,n2
f0921,contains,n3
f0922,contains,n1
f0922,contains,n2
f0922,contains,n3
f0923,contains,n1
f0923,contains,n2
f0923,contains,n3
f0924,contains,n1
f0924,contains,n2
f0924,contains,n3
f0925,contains,n1
f0925,contains,n2
f0925,contains,n3
f0926,contains,n1
f0926,contains,n2
f0926,contains,n3
f0927,contains,n1
f0927,contains,n2
f0927,contains,n3
f0928,contains,n1
f0928,contains,n2
f0928,contains,n3
f0929,contains,n1
f0929,contains,n2
f0929,contains,n3
f0930,contains,n1
f0930,contains,n2
f0930,contains,n3
f0931,contains,n1
f0931,contains,n2
f0931,contains,n3
f0932,contains,n1
f0932,contains,n2
f0932,contains,n3
f0933,contains,n1
f0933,contains,n2
f0933,contains,n3
f0934,contains,n1
f0934,contains,n2
f0934,contains,n3
f0935,contains,n1
f0935,contains,n2
f0935,contains,n3
f0936,contains,n1
f0936,contains,n2
f0936,contains,n3
f0937,contains,n1
f0937,contains,n2
f0937,contains,n3
f0938,contains,n1
f0938,contains,n2
f0938,contains,n3
f0939,contains,n1
f0939,contains,n2
f0939,contains,n3
f0940,contains,n1
f0940,contains,n2
f0940,contains,n3
f0941,contains,n1
f0941,contains,n2
f0941,contains,n3
f0942,contains,n1
f0942,contains,n2
f0942,contains,n3
f0943,contains,n1
f0943,contains,n2
f0943,contains,n3
f0944,contains,n1
f0944,contains,n2
f0944,contains,n3
f0945,contains,n1
f0945,contains,n2
f0945,contains,n3
f0946,contains,n1
f0946,contains,n2
f0946,contains,n3
f0947,contains,n1
f0947,contains,n2
f0947,contains,n3
f0948,contains,n1
f0948,contains,n2
f0948,contains,n3
f0949,contains,n1
f0949,contains,n2
f0949,contains,n3
f0950,contains,n1
f0950,contains,n2
f0950,contains,n3
f0951,contains,n1
f0951,contains,n2
f0951,contains,n3
f0952,contains,n1
f0952,contains,n2
f0952,contains,n3
f0953,contains,n1
f0953,contains,n2
f0953,contains,n3
f0954,contains,n1
f0954,contains,n2
f0954,contains,n3
f0955,contains,n1
f0955,contains,n2
f0955,contains,n3
f0956,contains,n1
f0956,contains,n2
f0956,contains,n3
f0957,contains,n1
f0957,contains,n2
f0957,contains,n3
f0958,contains,n1
f0958,contains,n2
f0958,contains,n3
f0959,contains,n1
f0959,contains,n2
f0959,contains,n3
f0960,contains,n1
f0960,contains,n2
f0960,contains,n3
f0961,contains,n1
f0961,contains,n2
f0961,contains,n3
f0962,contains,n1
f0962,contains,n2
f0962,contains,n3
f0963,contains,n1
f0963,contains,n2
f0963,contains,n3
f0964,contains,n1
f0964,contains,n2
f0964,contains,n3
f0965,contains,n1
f0965,contains,n2
f0965,contains,n3
f0966,contains,n1
f0966,contains,n2
f0966,contains,n3
f0967,contains,n1
f0967,contains,n2
f0967,contains,n3
f0968,contains,n1
f0968,contains,n2
f0968,contains,n3
f0969,contains,n1
f0969,contains,n2
f0969,contains,n3
f0970,contains,n1
f0970,contains,n2
f0970,contains,n3
f0971,contains,n1
f0971,contains,n2
f0971,contains,n3
f0972,contains,n1
f0972,contains,n2
f0972,contains,n3
f0973,contains,n1
f0973,contains,n2
f0973,contains,n3
f0974,contains,n1
f0974,contains,n2
f0974,contains,n3
f0975,contains,n1
f0975,contains,n2
f0975,contains,n3
f0976,contains,n1
f0976,contains,n2
f0976,contains,n3
f0977,contains,n1
f0977,contains,n2
f0977,contains,n3
f0978,contains,n1
f0978,contains,n2
f0978,contains,n3
f0979,contains,n1
f0979,contains,n2
f0979,contains,n3
f0980,contains,n1
f0980,contains,n2
f0980,contains,n3
f0981,contains,n1
f0981,contains,n2
f0981,contains,n3
f0982,contains,n1
f0982,contains,n2
f0982,contains,n3
f0983,contains,n1
f0983,contains,n2
f0983,contains,n3
f0984,contains,n1
f0984,contains,n2
f0984,contains,n3
f0985,contains,n1
f0985,contains,n2
f0985,contains,n3
f0986,contains,n1
f0986,contains,n2
f0986,contains,n3
f0987,contains,n1
f0987,contains,n2
f0987,contains,n3
f0988,contains,n1
f0988,contains,n2
f0988,contains,n3
f0989,contains,n1
f0989,contains,n2
f0989,contains,n3
f0990,contains,n1
f0990,contains,n2
f0990,contains,n3
f0991,contains,n1
f0991,contains,n2
f0991,contains,n3
f0992,contains,n1
f0992,contains,n2
f0992,contains,n3
f0993,contains,n1
f0993,contains,n2
f0993,contains,n3
f0994,contains,n1
f0994,contains,n2
f0994,contains,n3
f0995,contains,n1
f0995,contains,n2
f0995,contains,n3
f0996,contains,n1
f0996,contains,n2
f0996,contains,n3
f0997,contains,n1
f0997,contains,n2
f0997,contains,n3
f0998,contains,n1
f0998,contains,n2
f0998,contains,n3
f0999,contains,n1
f0999,contains,n2
f0999,contains,n3
f1000,contains,n1
f1000,contains,n2
f1000,contains,n3
f1001,contains,n1
f1001,contains,n2
f1001,contains,n3
f1002,contains,n1
f1002,contains,n2
f1002,contains,n3
f1003,contains,n1
f1003,contains,n2
f1003,contains,n3
f1004,contains,n1
f1004,contains,n2
f1004,contains,n3
f1005,contains,n1
f1005,contains,n2
f1005,contains,n3
f1006,contains,n1
f1006,contains,n2
f1006,contains,n3
f1007,contains,n1
f1007,contains,n2
f1007,contains,n3
f1008,contains,n1
f1008,contains,n2
f1008,contains,n3
f1009,contains,n1
f1009,contains,n2
f1009,contains,n3
f1010,contains,n1
f1010,contains,n2
f1010,contains,n3
f1011,contains,n1
f1011,contains,n2
f1011,contains,n3
f1012,contains,n1
f1012,contains,n2
f1012,contains,n3
f1013,contains,n1
f1013,contains,n2
f1013,contains,n3
f1014,contains,n1
f1014,contains,n2
f1014,contains,n3
f1015,contains,n1
f1015,contains,n2
f1015,contains,n3
f1016,contains,n1
f1016,contains,n2
f1016,contains,n3
f1017,contains,n1
f1017,contains,n2
f1017,contains,n3
f1018,contains,n1
f1018,contains,n2
f1018,contains,n3
f1019,contains,n1
f1019,contains,n2
f1019,contains,n3
f1020,contains,n1
f1020,contains,n2
f1020,contains,n3
f1021,contains,n1
f1021,contains,n2
f1021,contains,n3
f1022,contains,n1
f1022,contains,n2
f1022,contains,n3
f1023,contains,n1
f1023,contains,n2
f1023,contains,n3
f1024,contains,n1
f1024,contains,n2
f1024,contains,n3
f1025,contains,n1
f1025,contains,n2
f1025,contains,n3
f1026,contains,n1
f1026,contains,n2
f1026,contains,n3
f1027,contains,n1
f1027,contains,n2
f1027,contains,n3
f1028,contains,n1
f1028,contains,n2
f1028,contains,n3
f1029,contains,n1
f1029,contains,n2
f1029,contains,n3
f1030,contains,n1
f1030,contains,n2
f1030,contains,n3
f1031,contains,n1
f1031,contains,n2
f1031,contains,n3
f1032,contains,n1
f1032,contains,n2
f1032,contains,n3
f1033,contains,n1
f1033,contains,n2
f1033,contains,n3
f1034,contains,n1
f1034,contains,n2
f1034,contains,n3
f1035,contains,n1
f1035,contains,n2
f1035,contains,n3
f1036,contains,n1
f1036,contains,n2
f1036,contains,n3
f1037,contains,n1
f1037,contains,n2
f1037,contains,n3
f1038,contains,n1
f1038,contains,n2
f1038,contains,n3
f1039,contains,n1
f1039,contains,n2
f1039,contains,n3
f1040,contains,n1
f1040,contains,n2
f1040,contains,n3
f1041,contains,n1
f1041,contains,n2
f1041,contains,n3
f1042,contains,n1
f1042,contains,n2
f1042,contains,n3
f1043,contains,n1
f1043,contains,n2
f1043,contains,n3
f1044,contains,n1
f1044,contains,n2
f1044,contains,n3
f1045,contains,n1
f1045,contains,n2
f1045,contains,n3
f1046,contains,n1
f1046,contains,n2
f1046,contains,n3
f1047,contains,n1
f1047,contains,n2
f1047,contains,n3
f1048,contains,n1
f1048,contains,n2
f1048,contains,n3
f1049,contains,n1
f1049,contains,n2
f1049,contains,n3
f1050,contains,n1
f1050,contains,n2
f1050,contains,n3
f1051,contains,n1
f1051,contains,n2
f1051,contains,n3
f1052,contains,n1
f1052,contains,n2
f1052,contains,n3
f1053,contains,n1
f1053,contains,n2
f1053,contains,n3
f1054,contains,n1
f1054,contains,n2
f1054,contains,n3
f1055,contains,n1
f1055,contains,n2
f1055,contains,n3
f1056,contains,n1
f1056,contains,n2
f1056,contains,n3
f1057,contains,n1
f1057,contains,n2
f1057,contains,n3
f1058,contains,n1
f1058,contains,n2
f1058,contains,n3
f1059,contains,n1
f1059,contains,n2
f1059,contains,n3
f1060,contains,n1
f1060,contains,n2
f1060,contains,n3
f1061,contains,n1
f1061,contains,n2
f1061,contains,n3
f1062,contains,n1
f1062,contains,n2
f1062,contains,n3
f1063,contains,n1
f1063,contains,n2
f1063,contains,n3
f1064,contains,n1
f1064,contains,n2
f1064,contains,n3
f1065,contains,n1
f1065,contains,n2
f1065,contains,n3
f1066,contains,n1
f1066,contains,n2
f1066,contains,n3
f1067,contains,n1
f1067,contains,n2
f1067,contains,n3
f1068,contains,n1
f1068,contains,n2
f1068,contains,n3
f1069,contains,n1
f1069,contains,n2
f1069,contains,n3
f1070,contains,n1
f1070,contains,n2
f1070,contains,n3
f1071,contains,n1
f1071,contains,n2
f1071,contains,n3
f1072,contains,n1
f1072,contains,n2
f1072,contains,n3
f1073,contains,n1
f1073,contains,n2
f1073,contains,n3
f1074,contains,n1
f1074,contains,n2
f1074,contains,n3
f1075,contains,n1
f1075,contains,n2
f1075,contains,n3
f1076,contains,n1
f1076,contains,n2
f1076,contains,n3
f1077,contains,n1
f1077,contains,n2
f1077,contains,n3
f1078,contains,n1
f1078,contains,n2
f1078,contains,n3
f1079,contains,n1
f1079,contains,n2
f1079,contains,n3
f1080,contains,n1
f1080,contains,n2
f1080,contains,n3
f1081,contains,n1
f1081,contains,n2
f1081,contains,n3
f1082,contains,n1
f1082,contains,n2
f1082,contains,n3
f1083,contains,n1
f1083,contains,n2
f1083,contains,n3
f1084,contains,n1
f1084,contains,n2
f1084,contains,n3
f1085,contains,n1
f1085,contains,n2
f1085,contains,n3
f1086,contains,n1
f1086,contains,n2
f1086,contains,n3
f1087,contains,n1
f1087,contains,n2
f1087,contains,n3
f1088,contains,n1
f1088,contains,n2
f1088,contains,n3
f1089,contains,n1
f1089,contains,n2
f1089,contains,n3
f1090,contains,n1
f1090,contains,n2
f1090,contains,n3
f1091,contains,n1
f1091,contains,n2
f1091,contains,n3
f1092,contains,n1
f1092,contains,n2
f1092,contains,n3
f1093,contains,n1
f1093,contains,n2
f1093,contains,n3
f1094,contains,n1
f1094,contains,n2
f1094,contains,n3
f1095,contains,n1
f1095,contains,n2
f1095,contains,n3
f1096,contains,n1
f1096,contains,n2
f1096,contains,n3
f1097,contains,n1
f1097,contains,n2
f1097,contains,n3
f1098,contains,n1
f1098,contains,n2
f1098,contains,n3
f1099,contains,n1
f1099,contains,n2
f1099,contains,n3
f1100,contains,n1
f1100,contains,n2
f1100,contains,n3
f1101,contains,n1
f1101,contains,n2
f1101,contains,n3
f1102,contains,n1
f1102,contains,n2
f1102,contains,n3
f1103,contains,n1
f1103,contains,n2
f1103,contains,n3
f1104,contains,n1
f1104,contains,n2
f1104,contains,n3
f1105,contains,n1
f1105,contains,n2
f1105,contains,n3
f1106,contains,n1
f1106,contains,n2
f1106,contains,n3
f1107,contains,n1
f1107,contains,n2
f1107,contains,n3
f1108,contains,n1
f1108,contains,n2
f1108,contains,n3
f1109,contains,n1
f1109,contains,n2
f1109,contains,n3
f1110,contains,n1
f1110,contains,n2
f1110,contains,n3
f1111,contains,n1
f1111,contains,n2
f1111,contains,n3
f1112,contains,n1
f1112,contains,n2
f1112,contains,n3
f1113,contains,n1
f1113,contains,n2
f1113,contains,n3
f1114,contains,n1
f1114,contains,n2
f1114,contains,n3
f1115,contains,n1
f1115,contains,n2
f1115,contains,n3
f1116,contains,n1
f1116,contains,n2
f1116,contains,n3
f1117,contains,n1
f1117,contains,n2
f1117,contains,n3
f1118,contains,n1
f1118,contains,n2
f1118,contains,n3
f1119,contains,n1
f1119,contains,n2
f1119,contains,n3
f1120,contains,n1
f1120,contains,n2
f1120,contains,n3
f1121,contains,n1
f1121,contains,n2
f1121,contains,n3
f1122,contains,n1
f1122,contains,n2
f1122,contains,n3
f1123,contains,n1
f1123,contains,n2
f1123,contains,n3
f1124,contains,n1
f1124,contains,n2
f1124,contains,n3
f1125,contains,n1
f1125,contains,n2
f1125,contains,n3
f1126,contains,n1
f1126,contains,n2
f1126,contains,n3
f1127,contains,n1
f1127,contains,n2
f1127,contains,n3
f1128,contains,n1
f1128,contains,n2
f1128,contains,n3
f1129,contains,n1
f1129,contains,n2
f1129,contains,n3
f1130,contains,n1
f1130,contains,n2
f1130,contains,n3
f1131,contains,n1
f1131,contains,n2
f1131,contains,n3
f1132,contains,n1
f1132,contains,n2
f1132,contains,n3
f1133,contains,n1
f1133,contains,n2
f1133,contains,n3
f1134,contains,n1
f1134,contains,n2
f1134,contains,n3
f1135,contains,n1
f1135,contains,n2
f1135,contains,n3
f1136,contains,n1
f1136,contains,n2
f1136,contains,n3
f1137,contains,n1
f1137,contains,n2
f1137,contains,n3
f1138,contains,n1
f1138,contains,n2
f1138,contains,n3
f1139,contains,n1
f1139,contains,n2
f1139,contains,n3
f1140,contains,n1
f1140,contains,n2
f1140,contains,n3
f1141,contains,n1
f1141,contains,n2
f1141,contains,n3
f1142,contains,n1
f1142,contains,n2
f1142,contains,n3
f1143,contains,n1
f1143,contains,n2
f1143,contains,n3
f1144,contains,n1
f1144,contains,n2
f1144,contains,n3
f1145,contains,n1
f1145,contains,n2
f1145,contains,n3
f1146,contains,n1
f1146,contains,n2
f1146,contains,n3
f1147,contains,n1
f1147,contains,n2
f1147,contains,n3
f1148,contains,n1
f1148,contains,n2
f1148,contains,n3
f1149,contains,n1
f1149,contains,n2
f1149,contains,n3
f1150,contains,n1
f1150,contains,n2
f1150,contains,n3
f1151,contains,n1
f1151,contains,n2
f1151,contains,n3
f1152,contains,n1
f1152,contains,n2
f1152,contains,n3
f1153,contains,n1
f1153,contains,n2
f1153,contains,n3
f1154,contains,n1
f1154,contains,n2
f1154,contains,n3
f1155,contains,n1
f1155,contains,n2
f1155,contains,n3
f1156,contains,n1
f1156,contains,n2
f1156,contains,n3
f1157,contains,n1
f1157,contains,n2
f1157,contains,n3
f1158,contains,n1
f1158,contains,n2
f1158,contains,n3
f1159,contains,n1
f1159,contains,n2
f1159,contains,n3
f1160,contains,n1
f1160,contains,n2
f1160,contains,n3
f1161,contains,n1
f1161,contains,n2
f1161,contains,n3
f1162,contains,n1
f1162,contains,n2
f1162,contains,n3
f1163,contains,n1
f1163,contains,n2
f1163,contains,n3
f1164,contains,n1
f1164,contains,n2
f1164,contains,n3
f1165,contains,n1
f1165,contains,n2
f1165,contains,n3
f1166,contains,n1
f1166,contains,n2
f1166,contains,n3
f1167,contains,n1
f1167,contains,n2
f1167,contains,n3
f1168,contains,n1
f1168,contains,n2
f1168,contains,n3
f1169,contains,n1
f1169,contains,n2
f1169,contains,n3
f1170,contains,n1
f1170,contains,n2
f1170,contains,n3
f1171,contains,n1
f1171,contains,n2
f1171,contains,n3
f1172,contains,n1
f1172,contains,n2
f1172,contains,n3
f1173,contains,n1
f1173,contains,n2
f1173,contains,n3
f1174,contains,n1
f1174,contains,n2
f1174,contains,n3
f1175,contains,n1
f1175,contains,n2
f1175,contains,n3
f1176,contains,n1
f1176,contains,n2
f1176,contains,n3
f1177,contains,n1
f1177,contains,n2
f1177,contains,n3
f1178,contains,n1
f1178,contains,n2
f1178,contains,n3
f1179,contains,n1
f1179,contains,n2
f1179,contains,n3
f1180,contains,n1
f1180,contains,n2
f1180,contains,n3
f1181,contains,n1
f1181,contains,n2
f1181,contains,n3
f1182,contains,n1
f1182,contains,n2
f1182,contains,n3
f1183,contains,n1
f1183,contains,n2
f1183,contains,n3
f1184,contains,n1
f1184,contains,n2
f1184,contains,n3
f1185,contains,n1
f1185,contains,n2
f1185,contains,n3
f1186,contains,n1
f1186,contains,n2
f1186,contains,n3
f1187,contains,n1
f1187,contains,n2
f1187,contains,n3
f1188,contains,n1
f1188,contains,n2
f1188,contains,n3
f1189,contains,n1
f1189,contains,n2
f1189,contains,n3
f1190,contains,n1
f1190,contains,n2
f1190,contains,n3
f1191,contains,n1
f1191,contains,n2
f1191,contains,n3
f1192,contains,n1
f1192,contains,n2
f1192,contains,n3
f1193,contains,n1
f1193,contains,n2
f1193,contains,n3
f1194,contains,n1
f1194,contains,n2
f1194,contains,n3
f1195,contains,n1
f1195,contains,n2
f1195,contains,n3
f1196,contains,n1
f1196,contains,n2
f1196,contains,n3
f1197,contains,n1
f1197,contains,n2
f1197,contains,n3
f1198,contains,n1
f1198,contains,n2
f1198,contains,n3
f1199,contains,n1
f1199,contains,n2
f1199,contains,n3
f1200,contains,n1
f1200,contains,n2
f1200,contains,n3
f1201,contains,n1
f1201,contains,n2
f1201,contains,n3
f1202,contains,n1
f1202,contains,n2
f1202,contains,n3
f1203,contains,n1
f1203,contains,n2
f1203,contains,n3
f1204,contains,n1
f1204,contains,n2
f1204,contains,n3
f1205,contains,n1
f1205,contains,n2
f1205,contains,n3
f1206,contains,n1
f1206,contains,n2
f1206,contains,n3
f1207,contains,n1
f1207,contains,n2
f1207,contains,n3
f1208,contains,n1
f1208,contains,n2
f1208,contains,n3
f1209,contains,n1
f1209,contains,n2
f1209,contains,n3
f1210,contains,n1
f1210,contains,n2
f1210,contains,n3
f1211,contains,n1
f1211,contains,n2
f1211,contains,n3
f1212,contains,n1
f1212,contains,n2
f1212,contains,n3
f1213,contains,n1
f1213,contains,n2
f1213,contains,n3
f1214,contains,n1
f1214,contains,n2
f1214,contains,n3
f1215,contains,n1
f1215,contains,n2
f1215,contains,n3
f1216,contains,n1
f1216,contains,n2
f1216,contains,n3
f1217,contains,n1
f1217,contains,n2
f1217,contains,n3
f1218,contains,n1
f1218,contains,n2
f1218,contains,n3
f1219,contains,n1
f1219,contains,n2
f1219,contains,n3
f1220,contains,n1
f1220,contains,n2
f1220,contains,n3
f1221,contains,n1
f1221,contains,n2
f1221,contains,n3
f1222,contains,n1
f1222,contains,n2
f1222,contains,n3
f1223,contains,n1
f1223,contains,n2
f1223,contains,n3
f1224,contains,n1
f1224,contains,n2
f1224,contains,n3
f1225,contains,n1
f1225,contains,n2
f1225,contains,n3
f1226,contains,n1
f1226,contains,n2
f1226,contains,n3
f1227,contains,n1
f1227,contains,n2
f1227,contains,n3
f1228,contains,n1
f1228,contains,n2
f1228,contains,n3
f1229,contains,n1
f1229,contains,n2
f1229,contains,n3
f1230,contains,n1
f1230,contains,n2
f1230,contains,n3
f1231,contains,n1
f1231,contains,n2
f1231,contains,n3
f1232,contains,n1
f1232,contains,n2
f1232,contains,n3
f1233,contains,n1
f1233,contains,n2
f1233,contains,n3
f1234,contains,n1
f1234,contains,n2
f1234,contains,n3
f1235,contains,n1
f1235,contains,n2
f1235,contains,n3
f1236,contains,n1
f1236,contains,n2
f1236,contains,n3
f1237,contains,n1
f1237,contains,n2
f1237,contains,n3
f1238,contains,n1
f1238,contains,n2
f1238,contains,n3
f1239,contains,n1
f1239,contains,n2
f1239,contains,n3
f1240,contains,n1
f1240,contains,n2
f1240,contains,n3
f1241,contains,n1
f1241,contains,n2
f1241,contains,n3
f1242,contains,n1
f1242,contains,n2
f1242,contains,n3
f1243,contains,n1
f1243,contains,n2
f1243,contains,n3
f1244,contains,n1
f1244,contains,n2
f1244,contains,n3
f1245,contains,n1
f1245,contains,n2
f1245,contains,n3
f1246,contains,n1
f1246,contains,n2
f1246,contains,n3
f1247,contains,n1
f1247,contains,n2
f1247,contains,n3
f1248,contains,n1
f1248,contains,n2
f1248,contains,n3
f1249,contains,n1
f1249,contains,n2
f1249,contains,n3
f1250,contains,n1
f1250,contains,n2
f1250,contains,n3
f1251,contains,n1
f1251,contains,n2
f1251,contains,n3
f1252,contains,n1
f1252,contains,n2
f1252,contains,n3
f1253,contains,n1
f1253,contains,n2
f1253,contains,n3
f1254,contains,n1
f1254,contains,n2
f1254,contains,n3
f1255,contains,n1
f1255,contains,n2
f1255,contains,n3
f1256,contains,n1
f1256,contains,n2
f1256,contains,n3
f1257,contains,n1
f1257,contains,n2
f1257,contains,n3
f1258,contains,n1
f1258,contains,n2
f1258,contains,n3
f1259,contains,n1
f1259,contains,n2
f1259,contains,n3
f1260,contains,n1
f1260,contains,n2
f1260,contains,n3
f1261,contains,n1
f1261,contains,n2
f1261,contains,n3
f1262,contains,n1
f1262,contains,n2
f1262,contains,n3
f1263,contains,n1
f1263,contains,n2
f1263,contains,n3
f1264,contains,n1
f1264,contains,n2
f1264,contains,n3
f1265,contains,n1
f1265,contains,n2
f1265,contains,n3
f1266,contains,n1
f1266,contains,n2
f1266,contains,n3
f1267,contains,n1
f1267,contains,n2
f1267,contains,n3
f1268,contains,n1
f1268,contains,n2
f1268,contains,n3
f1269,contains,n1
f1269,contains,n2
f1269,contains,n3
f1270,contains,n1
f1270,contains,n2
f1270,contains,n3
f1271,contains,n1
f1271,contains,n2
f1271,contains,n3
f1272,contains,n1
f1272,contains,n2
f1272,contains,n3
f1273,contains,n1
f1273,contains,n2
f1273,contains,n3
f1274,contains,n1
f1274,contains,n2
f1274,contains,n3
f1275,contains,n1
f1275,contains,n2
f1275,contains,n3
f1276,contains,n1
f1276,contains,n2
f1276,contains,n3
f1277,contains,n1
f1277,contains,n2
f1277,contains,n3
f1278,contains,n1
f1278,contains,n2
f1278,contains,n3
f1279,contains,n1
f1279,contains,n2
f1279,contains,n3
f1280,contains,n1
f1280,contains,n2
f1280,contains,n3
f1281,contains,n1
f1281,contains,n2
f1281,contains,n3
f1282,contains,n1
f1282,contains,n2
f1282,contains,n3
f1283,contains,n1
f1283,contains,n2
f1283,contains,n3
f1284,contains,n1
f1284,contains,n2
f1284,contains,n3
f1285,contains,n1
f1285,contains,n2
f1285,contains,n3
f1286,contains,n1
f1286,contains,n2
f1286,contains,n3
f1287,contains,n1
f1287,contains,n2
f1287,contains,n3
f1288,contains,n1
f1288,contains,n2
f1288,contains,n3
f1289,contains,n1
f1289,contains,n2
f1289,contains,n3
f1290,contains,n1
f1290,contains,n2
f1290,contains,n3
f1291,contains,n1
f1291,contains,n2
f1291,contains,n3
f1292,contains,n1
f1292,contains,n2
f1292,contains,n3
f1293,contains,n1
f1293,contains,n2
f1293,contains,n3
f1294,contains,n1
f1294,contains,n2
f1294,contains,n3
f1295,contains,n1
f1295,contains,n2
f1295,contains,n3
f1296,contains,n1
f1296,contains,n2
f1296,contains,n3
f1297,contains,n1
f1297,contains,n2
f1297,contains,n3
f1298,contains,n1
f1298,contains,n2
f1298,contains,n3
f1299,contains,n1
f1299,contains,n2
f1299,contains,n3
f1300,contains,n1
f1300,contains,n2
f1300,contains,n3
f1301,contains,n1
f1301,contains,n2
f1301,contains,n3
f1302,contains,n1
f1302,contains,n2
f1302,contains,n3
f1303,contains,n1
f1303,contains,n2
f1303,contains,n3
f1304,contains,n1
f1304,contains,n2
f1304,contains,n3
f1305,contains,n1
f1305,contains,n2
f1305,contains,n3
f1306,contains,n1
f1306,contains,n2
f1306,contains,n3
f1307,contains,n1
f1307,contains,n2
f1307,contains,n3
f1308,contains,n1
f1308,contains,n2
f1308,contains,n3
f1309,contains,n1
f1309,contains,n2
f1309,contains,n3
f1310,contains,n1
f1310,contains,n2
f1310,contains,n3
f1311,contains,n1
f1311,contains,n2
f1311,contains,n3
f1312,contains,n1
f1312,contains,n2
f1312,contains,n3
f1313,contains,n1
f1313,contains,n2
f1313,contains,n3
f1314,contains,n1
f1314,contains,n2
f1314,contains,n3
f1315,contains,n1
f1315,contains,n2
f1315,contains,n3
f1316,contains,n1
f1316,contains,n2
f1316,contains,n3
f1317,contains,n1
f1317,contains,n2
f1317,contains,n3
f1318,contains,n1
f1318,contains,n2
f1318,contains,n3
f1319,contains,n1
f1319,contains,n2
f1319,contains,n3
f1320,contains,n1
f1320,contains,n2
f1320,contains,n3
f1321,contains,n1
f1321,contains,n2
f1321,contains,n3
f1322,contains,n1
f1322,contains,n2
f1322,contains,n3
f1323,contains,n1
f1323,contains,n2
f1323,contains,n3
f1324,contains,n1
f1324,contains,n2
f1324,contains,n3
f1325,contains,n1
f1325,contains,n2
f1325,contains,n3
f1326,contains,n1
f1326,contains,n2
f1326,contains,n3
f1327,contains,n1
f1327,contains,n2
f1327,contains,n3
f1328,contains,n1
f1328,contains,n2
f1328,contains,n3
f1329,contains,n1
f1329,contains,n2
f1329,contains,n3
f1330,contains,n1
f1330,contains,n2
f1330,contains,n3
f1331,contains,n1
f1331,contains,n2
f1331,contains,n3
f1332,contains,n1
f1332,contains,n2
f1332,contains,n3
f1333,contains,n1
f1333,contains,n2
f1333,contains,n3
f1334,contains,n1
f1334,contains,n2
f1334,contains,n3
f1335,contains,n1
f1335,contains,n2
f1335,contains,n3
f1336,contains,n1
f1336,contains,n2
f1336,contains,n3
f1337,contains,n1
f1337,contains,n2
f1337,contains,n3
f1338,contains,n1
f1338,contains,n2
f1338,contains,n3
f1339,contains,n1
f1339,contains,n2
f1339,contains,n3
f1340,contains,n1
f1340,contains,n2
f1340,contains,n3
f1341,contains,n1
f1341,contains,n2
f1341,contains,n3
f1342,contains,n1
f1342,contains,n2
f1342,contains,n3
f1343,contains,n1
f1343,contains,n2
f1343,contains,n3
f1344,contains,n1
f1344,contains,n2
f1344,contains,n3
f1345,contains,n1
f1345,contains,n2
f1345,contains,n3
f1346,contains,n1
f1346,contains,n2
f1346,contains,n3
f1347,contains,n1
f1347,contains,n2
f1347,contains,n3
f1348,contains,n1
f1348,contains,n2
f1348,contains,n3
f1349,contains,n1
f1349,contains,n2
f1349,contains,n3
f1350,contains,n1
f1350,contains,n2
f1350,contains,n3
f1351,contains,n1
f1351,contains,n2
f1351,contains,n3
f1352,contains,n1
f1352,contains,n2
f1352,contains,n3
f1353,contains,n1
f1353,contains,n2
f1353,contains,n3
f1354,contains,n1
f1354,contains,n2
f1354,contains,n3
f1355,contains,n1
f1355,contains,n2
f1355,contains,n3
f1356,contains,n1
f1356,contains,n2
f1356,contains,n3
f1357,contains,n1
f1357,contains,n2
f1357,contains,n3
f1358,contains,n1
f1358,contains,n2
f1358,contains,n3
f1359,contains,n1
f1359,contains,n2
f1359,contains,n3
f1360,contains,n1
f1360,contains,n2
f1360,contains,n3
f1361,contains,n1
f1361,contains,n2
f1361,contains,n3
f1362,contains,n1
f1362,contains,n2
f1362,contains,n3
f1363,contains,n1
f1363,contains,n2
f1363,contains,n3
f1364,contains,n1
f1364,contains,n2
f1364,contains,n3
f1365,contains,n1
f1365,contains,n2
f1365,contains,n3
f1366,contains,n1
f1366,contains,n2
f1366,contains,n3
f1367,contains,n1
f1367,contains,n2
f1367,contains,n3
f1368,contains,n1
f1368,contains,n2
f1368,contains,n3
f1369,contains,n1
f1369,contains,n2
f1369,contains,n3
f1370,contains,n1
f1370,contains,n2
f1370,contains,n3
f1371,contains,n1
f1371,contains,n2
f1371,contains,n3
f1372,contains,n1
f1372,contains,n2
f1372,contains,n3
f1373,contains,n1
f1373,contains,n2
f1373,contains,n3
f1374,contains,n1
f1374,contains,n2
f1374,contains,n3
f1375,contains,n1
f1375,contains,n2
f1375,contains,n3
f1376,contains,n1
f1376,contains,n2
f1376,contains,n3
f1377,contains,n1
f1377,contains,n2
f1377,contains,n3
f1378,contains,n1
f1378,contains,n2
f1378,contains,n3
f1379,contains,n1
f1379,contains,n2
f1379,contains,n3
f1380,contains,n1
f1380,contains,n2
f1380,contains,n3
f1381,contains,n1
f1381,contains,n2
f1381,contains,n3
f1382,contains,n1
f1382,contains,n2
f1382,contains,n3
f1383,contains,n1
f1383,contains,n2
f1383,contains,n3
f1384,contains,n1
f1384,contains,n2
f1384,contains,n3
f1385,contains,n1
f1385,contains,n2
f1385,contains,n3
f1386,contains,n1
f1386,contains,n2
f1386,contains,n3
f1387,contains,n1
f1387,contains,n2
f1387,contains,n3
f1388,contains,n1
f1388,contains,n2
f1388,contains,n3
f1389,contains,n1
f1389,contains,n2
f1389,contains,n3
f1390,contains,n1
f1390,contains,n2
f1390,contains,n3
f1391,contains,n1
f1391,contains,n2
f1391,contains,n3
f1392,contains,n1
f1392,contains,n2
f1392,contains,n3
f1393,contains,n1
f1393,contains,n2
f1393,contains,n3
f1394,contains,n1
f1394,contains,n2
f1394,contains,n3
f1395,contains,n1
f1395,contains,n2
f1395,contains,n3
f1396,contains,n1
f1396,contains,n2
f1396,contains,n3
f1397,contains,n1
f1397,contains,n2
f1397,contains,n3
f1398,contains,n1
f1398,contains,n2
f1398,contains,n3
f1399,contains,n1
f1399,contains,n2
f1399,contains,n3
f1400,contains,n1
f1400,contains,n2
f1400,contains,n3
f1401,contains,n1
f1401,contains,n2
f1401,contains,n3
f1402,contains,n1
f1402,contains,n2
f1402,contains,n3
f1403,contains,n1
f1403,contains,n2
f1403,contains,n3
f1404,contains,n1
f1404,contains,n2
f1404,contains,n3
f1405,contains,n1
f1405,contains,n2
f1405,contains,n3
f1406,contains,n1
f1406,contains,n2
f1406,contains,n3
f1407,contains,n1
f1407,contains,n2
f1407,contains,n3
f1408,contains,n1
f1408,contains,n2
f1408,contains,n3
f1409,contains,n1
f1409,contains,n2
f1409,contains,n3
f1410,contains,n1
f1410,contains,n2
f1410,contains,n3
f1411,contains,n1
f1411,contains,n2
f1411,contains,n3
f1412,contains,n1
f1412,contains,n2
f1412,contains,n3
f1413,contains,n1
f1413,contains,n2
f1413,contains,n3
f1414,contains,n1
f1414,contains,n2
f1414,contains,n3
f1415,contains,n1
f1415,contains,n2
f1415,contains,n3
f1416,contains,n1
f1416,contains,n2
f1416,contains,n3
f1417,contains,n1
f1417,contains,n2
f1417,contains,n3
f1418,contains,n1
f1418,contains,n2
f1418,contains,n3
f1419,contains,n1
f1419,contains,n2
f1419,contains,n3
f1420,contains,n1
f1420,contains,n2
f1420,contains,n3
f1421,contains,n1
f1421,contains,n2
f1421,contains,n3
f1422,contains,n1
f1422,contains,n2
f1422,contains,n3
f1423,contains,n1
f1423,contains,n2
f1423,contains,n3
f1424,contains,n1
f1424,contains,n2
f1424,contains,n3
f1425,contains,n1
f1425,contains,n2
f1425,contains,n3
f1426,contains,n1
f1426,contains,n2
f1426,contains,n3
f1427,contains,n1
f1427,contains,n2
f1427,contains,n3
f1428,contains,n1
f1428,contains,n2
f1428,contains,n3
f1429,contains,n1
f1429,contains,n2
f1429,contains,n3
f1430,contains,n1
f1430,contains,n2
f1430,contains,n3
f1431,contains,n1
f1431,contains,n2
f1431,contains,n3
f1432,contains,n1
f1432,contains,n2
f1432,contains,n3
f1433,contains,n1
f1433,contains,n2
f1433,contains,n3
f1434,contains,n1
f1434,contains,n2
f1434,contains,n3
f1435,contains,n1
f1435,contains,n2
f1435,contains,n3
f1436,contains,n1
f1436,contains,n2
f1436,contains,n3
f1437,contains,n1
f1437,contains,n2
f1437,contains,n3
f1438,contains,n1
f1438,contains,n2
f1438,contains,n3
f1439,contains,n1
f1439,contains,n2
f1439,contains,n3
f1440,contains,n1
f1440,contains,n2
f1440,contains,n3
f1441,contains,n1
f1441,contains,n2
f1441,contains,n3
f1442,contains,n1
f1442,contains,n2
f1442,contains,n3
f1443,contains,n1
f1443,contains,n2
f1443,contains,n3
f1444,contains,n1
f1444,contains,n2
f1444,contains,n3
f1445,contains,n1
f1445,contains,n2
f1445,contains,n3
f1446,contains,n1
f1446,contains,n2
f1446,contains,n3
f1447,contains,n1
f1447,contains,n2
f1447,contains,n3
f1448,contains,n1
f1448,contains,n2
f1448,contains,n3
f1449,contains,n1
f1449,contains,n2
f1449,contains,n3
f1450,contains,n1
f1450,contains,n2
f1450,contains,n3
f1451,contains,n1
f1451,contains,n2
f1451,contains,n3
f1452,contains,n1
f1452,contains,n2
f1452,contains,n3
f1453,contains,n1
f1453,contains,n2
f1453,contains,n3
f1454,contains,n1
f1454,contains,n2
f1454,contains,n3
f1455,contains,n1
f1455,contains,n2
f1455,contains,n3
f1456,contains,n1
f1456,contains,n2
f1456,contains,n3
f1457,contains,n1
f1457,contains,n2
f1457,contains,n3
f1458,contains,n1
f1458,contains,n2
f1458,contains,n3
f1459,contains,n1
f1459,contains,n2
f1459,contains,n3
f1460,contains,n1
f1460,contains,n2
f1460,contains,n3
f1461,contains,n1
f1461,contains,n2
f1461,contains,n3
f1462,contains,n1
f1462,contains,n2
f1462,contains,n3
f1463,contains,n1
f1463,contains,n2
f1463,contains,n3
f1464,contains,n1
f1464,contains,n2
f1464,contains,n3
f1465,contains,n1
f1465,contains,n2
f1465,contains,n3
f1466,contains,n1
f1466,contains,n2
f1466,contains,n3
f1467,contains,n1
f1467,contains,n2
f1467,contains,n3
f1468,contains,n1
f1468,contains,n2
f1468,contains,n3
f1469,contains,n1
f1469,contains,n2
f1469,contains,n3
f1470,contains,n1
f1470,contains,n2
f1470,contains,n3
f1471,contains,n1
f1471,contains,n2
f1471,contains,n3
f1472,contains,n1
f1472,contains,n2
f1472,contains,n3
f1473,contains,n1
f1473,contains,n2
f1473,contains,n3
f1474,contains,n1
f1474,contains,n2
f1474,contains,n3
f1475,contains,n1
f1475,contains,n2
f1475,contains,n3
f1476,contains,n1
f1476,contains,n2
f1476,contains,n3
f1477,contains,n1
f1477,contains,n2
f1477,contains,n3
f1478,contains,n1
f1478,contains,n2
f1478,contains,n3
f1479,contains,n1
f1479,contains,n2
f1479,contains,n3
f1480,contains,n1
f1480,contains,n2
f1480,contains,n3
f1481,contains,n1
f1481,contains,n2
f1481,contains,n3
f1482,contains,n1
f1482,contains,n2
f1482,contains,n3
f1483,contains,n1
f1483,contains,n2
f1483,contains,n3
f1484,contains,n1
f1484,contains,n2
f1484,contains,n3
f1485,contains,n1
f1485,contains,n2
f1485,contains,n3
f1486,contains,n1
f1486,contains,n2
f1486,contains,n3
f1487,contains,n1
f1487,contains,n2
f1487,contains,n3
f1488,contains,n1
f1488,contains,n2
f1488,contains,n3
f1489,contains,n1
f1489,contains,n2
f1489,contains,n3
f1490,contains,n1
f1490,contains,n2
f1490,contains,n3
f1491,contains,n1
f1491,contains,n2
f1491,contains,n3
f1492,contains,n1
f1492,contains,n2
f1492,contains,n3
f1493,contains,n1
f1493,contains,n2
f1493,contains,n3
f1494,contains,n1
f1494,contains,n2
f1494,contains,n3
f1495,contains,n1
f1495,contains,n2
f1495,contains,n3
f1496,contains,n1
f1496,contains,n2
f1496,contains,n3
f1497,contains,n1
f1497,contains,n2
f1497,contains,n3
f1498,contains,n1
f1498,contains,n2
f1498,contains,n3
f1499,contains,n1
f1499,contains,n2
f1499,contains,n3
f1500,contains,n1
f1500,contains,n2
f1500,contains,n3
f1501,contains,n1
f1501,contains,n2
f1501,contains,n3
f1502,contains,n1
f1502,contains,n2
f1502,contains,n3
f1503,contains,n1
f1503,contains,n2
f1503,contains,n3
f1504,contains,n1
f1504,contains,n2
f1504,contains,n3
f1505,contains,n1
f1505,contains,n2
f1505,contains,n3
f1506,contains,n1
f1506,contains,n2
f1506,contains,n3
f1507,contains,n1
f1507,contains,n2
f1507,contains,n3
f1508,contains,n1
f1508,contains,n2
f1508,contains,n3
f1509,contains,n1
f1509,contains,n2
f1509,contains,n3
f1510,contains,n1
f1510,contains,n2
f1510,contains,n3
f1511,contains,n1
f1511,contains,n2
f1511,contains,n3
f1512,contains,n1
f1512,contains,n2
f1512,contains,n3
f1513,contains,n1
f1513,contains,n2
f1513,contains,n3
f1514,contains,n1
f1514,contains,n2
f1514,contains,n3
f1515,contains,n1
f1515,contains,n2
f1515,contains,n3
f1516,contains,n1
f1516,contains,n2
f1516,contains,n3
f1517,contains,n1
f1517,contains,n2
f1517,contains,n3
f1518,contains,n1
f1518,contains,n2
f1518,contains,n3
f1519,contains,n1
f1519,contains,n2
f1519,contains,n3
f1520,contains,n1
f1520,contains,n2
f1520,contains,n3
f1521,contains,n1
f1521,contains,n2
f1521,contains,n3
f1522,contains,n1
f1522,contains,n2
f1522,contains,n3
f1523,contains,n1
f1523,contains,n2
f1523,contains,n3
f1524,contains,n1
f1524,contains,n2
f1524,contains,n3
f1525,contains,n1
f1525,contains,n2
f1525,contains,n3
f1526,contains,n1
f1526,contains,n2
f1526,contains,n3
f1527,contains,n1
f1527,contains,n2
f1527,contains,n3
f1528,contains,n1
f1528,contains,n2
f1528,contains,n3
f1529,contains,n1
f1529,contains,n2
f1529,contains,n3
f1530,contains,n1
f1530,contains,n2
f1530,contains,n3
f1531,contains,n1
f1531,contains,n2
f1531,contains,n3
f1532,contains,n1
f1532,contains,n2
f1532,contains,n3
f1533,contains,n1
f1533,contains,n2
f1533,contains,n3
f1534,contains,n1
f1534,contains,n2
f1534,contains,n3
f1535,contains,n1
f1535,contains,n2
f1535,contains,n3
f1536,contains,n1
f1536,contains,n2
f1536,contains,n3
f1537,contains,n1
f1537,contains,n2
f1537,contains,n3
f1538,contains,n1
f1538,contains,n2
f1538,contains,n3
f1539,contains,n1
f1539,contains,n2
f1539,contains,n3
f1540,contains,n1
f1540,contains,n2
f1540,contains,n3
f1541,contains,n1
f1541,contains,n2
f1541,contains,n3
f1542,contains,n1
f1542,contains,n2
f1542,contains,n3
f1543,contains,n1
f1543,contains,n2
f1543,contains,n3
f1544,contains,n1
f1544,contains,n2
f1544,contains,n3
f1545,contains,n1
f1545,contains,n2
f1545,contains,n3
f1546,contains,n1
f1546,contains,n2
f1546,contains,n3
f1547,contains,n1
f1547,contains,n2
f1547,contains,n3
f1548,contains,n1
f1548,contains,n2
f1548,contains,n3
f1549,contains,n1
f1549,contains,n2
f1549,contains,n3
f1550,contains,n1
f1550,contains,n2
f1550,contains,n3
f1551,contains,n1
f1551,contains,n2
f1551,contains,n3
f1552,contains,n1
f1552,contains,n2
f1552,contains,n3
f1553,contains,n1
f1553,contains,n2
f1553,contains,n3
f1554,contains,n1
f1554,contains,n2
f1554,contains,n3
f1555,contains,n1
f1555,contains,n2
f1555,contains,n3
f1556,contains,n1
f1556,contains,n2
f1556,contains,n3
f1557,contains,n1
f1557,contains,n2
f1557,contains,n3
f1558,contains,n1
f1558,contains,n2
f1558,contains,n3
f1559,contains,n1
f1559,contains,n2
f1559,contains,n3
f1560,contains,n1
f1560,contains,n2
f1560,contains,n3
f1561,contains,n1
f1561,contains,n2
f1561,contains,n3
f1562,contains,n1
f1562,contains,n2
f1562,contains,n3
f1563,contains,n1
f1563,contains,n2
f1563,contains,n3
f1564,contains,n1
f1564,contains,n2
f1564,contains,n3
f1565,contains,n1
f1565,contains,n2
f1565,contains,n3
f1566,contains,n1
f1566,contains,n2
f1566,contains,n3
f1567,contains,n1
f1567,contains,n2
f1567,contains,n3
f1568,contains,n1
f1568,contains,n2
f1568,contains,n3
f1569,contains,n1
f1569,contains,n2
f1569,contains,n3
f1570,contains,n1
f1570,contains,n2
f1570,contains,n3
f1571,contains,n1
f1571,contains,n2
f1571,contains,n3
f1572,contains,n1
f1572,contains,n2
f1572,contains,n3
f1573,contains,n1
f1573,contains,n2
f1573,contains,n3
f1574,contains,n1
f1574,contains,n2
f1574,contains,n3
f1575,contains,n1
f1575,contains,n2
f1575,contains,n3
f1576,contains,n1
f1576,contains,n2
f1576,contains,n3
f1577,contains,n1
f1577,contains,n2
f1577,contains,n3
f1578,contains,n1
f1578,contains,n2
f1578,contains,n3
f1579,contains,n1
f1579,contains,n2
f1579,contains,n3
f1580,contains,n1
f1580,contains,n2
f1580,contains,n3
f1581,contains,n1
f1581,contains,n2
f1581,contains,n3
f1582,contains,n1
f1582,contains,n2
f1582,contains,n3
f1583,contains,n1
f1583,contains,n2
f1583,contains,n3
f1584,contains,n1
f1584,contains,n2
f1584,contains,n3
f1585,contains,n1
f1585,contains,n2
f1585,contains,n3
f1586,contains,n1
f1586,contains,n2
f1586,contains,n3
f1587,contains,n1
f1587,contains,n2
f1587,contains,n3
f1588,contains,n1
f1588,contains,n2
f1588,contains,n3
f1589,contains,n1
f1589,contains,n2
f1589,contains,n3
f1590,contains,n1
f1590,contains,n2
f1590,contains,n3
f1591,contains,n1
f1591,contains,n2
f1591,contains,n3
f1592,contains,n1
f1592,contains,n2
f1592,contains,n3
f1593,contains,n1
f1593,contains,n2
f1593,contains,n3
f1594,contains,n1
f1594,contains,n2
f1594,contains,n3
f1595,contains,n1
f1595,contains,n2
f1595,contains,n3
f1596,contains,n1
f1596,contains,n2
f1596,contains,n3
f1597,contains,n1
f1597,contains,n2
f1597,contains,n3
f1598,contains,n1
f1598,contains,n2
f1598,contains,n3
f1599,contains,n1
f1599,contains,n2
f1599,contains,n3
f1600,contains,n1
f1600,contains,n2
f1600,contains,n3
f1601,contains,n1
f1601,contains,n2
f1601,contains,n3
f1602,contains,n1
f1602,contains,n2
f1602,contains,n3
f1603,contains,n1
f1603,contains,n2
f1603,contains,n3
f1604,contains,n1
f1604,contains,n2
f1604,contains,n3
f1605,contains,n1
f1605,contains,n2
f1605,contains,n3
f1606,contains,n1
f1606,contains,n2
f1606,contains,n3
f1607,contains,n1
f1607,contains,n2
f1607,contains,n3
f1608,contains,n1
f1608,contains,n2
f1608,contains,n3
f1609,contains,n1
f1609,contains,n2
f1609,contains,n3
f1610,contains,n1
f1610,contains,n2
f1610,contains,n3
f1611,contains,n1
f1611,contains,n2
f1611,contains,n3
f1612,contains,n1
f1612,contains,n2
f1612,contains,n3
f1613,contains,n1
f1613,contains,n2
f1613,contains,n3
f1614,contains,n1
f1614,contains,n2
f1614,contains,n3
f1615,contains,n1
f1615,contains,n2
f1615,contains,n3
f1616,contains,n1
f1616,contains,n2
f1616,contains,n3
f1617,contains,n1
f1617,contains,n2
f1617,contains,n3
f1618,contains,n1
f1618,contains,n2
f1618,contains,n3
f1619,contains,n1
f1619,contains,n2
f1619,contains,n3
f1620,contains,n1
f1620,contains,n2
f1620,contains,n3
f1621,contains,n1
f1621,contains,n2
f1621,contains,n3
f1622,contains,n1
f1622,contains,n2
f1622,contains,n3
f1623,contains,n1
f1623,contains,n2
f1623,contains,n3
f1624,contains,n1
f1624,contains,n2
f1624,contains,n3
f1625,contains,n1
f1625,contains,n2
f1625,contains,n3
f1626,contains,n1
f1626,contains,n2
f1626,contains,n3
f1627,contains,n1
f1627,contains,n2
f1627,contains,n3
f1628,contains,n1
f1628,contains,n2
f1628,contains,n3
f1629,contains,n1
f1629,contains,n2
f1629,contains,n3
f1630,contains,n1
f1630,contains,n2
f1630,contains,n3
f1631,contains,n1
f1631,contains,n2
f1631,contains,n3
f1632,contains,n1
f1632,contains,n2
f1632,contains,n3
f1633,contains,n1
f1633,contains,n2
f1633,contains,n3
f1634,contains,n1
f1634,contains,n2
f1634,contains,n3
f1635,contains,n1
f1635,contains,n2
f1635,contains,n3
f1636,contains,n1
f1636,contains,n2
f1636,contains,n3
f1637,contains,n1
f1637,contains,n2
f1637,contains,n3
f1638,contains,n1
f1638,contains,n2
f1638,contains,n3
f1639,contains,n1
f1639,contains,n2
f1639,contains,n3
f1640,contains,n1
f1640,contains,n2
f1640,contains,n3
f1641,contains,n1
f1641,contains,n2
f1641,contains,n3
f1642,contains,n1
f1642,contains,n2
f1642,contains,n3
f1643,contains,n1
f1643,contains,n2
f1643,contains,n3
f1644,contains,n1
f1644,contains,n2
f1644,contains,n3
f1645,contains,n1
f1645,contains,n2
f1645,contains,n3
f1646,contains,n1
f1646,contains,n2
f1646,contains,n3
f1647,contains,n1
f1647,contains,n2
f1647,contains,n3
f1648,contains,n1
f1648,contains,n2
f1648,contains,n3
f1649,contains,n1
f1649,contains,n2
f1649,contains,n3
f1650,contains,n1
f1650,contains,n2
f1650,contains,n3
f1651,contains,n1
f1651,contains,n2
f1651,contains,n3
f1652,contains,n1
f1652,contains,n2
f1652,contains,n3
f1653,contains,n1
f1653,contains,n2
f1653,contains,n3
f1654,contains,n1
f1654,contains,n2
f1654,contains,n3
f1655,contains,n1
f1655,contains,n2
f1655,contains,n3
f1656,contains,n1
f1656,contains,n2
f1656,contains,n3
f1657,contains,n1
f1657,contains,n2
f1657,contains,n3
f1658,contains,n1
f1658,contains,n2
f1658,contains,n3
f1659,contains,n1
f1659,contains,n2
f1659,contains,n3
f1660,contains,n1
f1660,contains,n2
f1660,contains,n3
f1661,contains,n1
f1661,contains,n2
f1661,contains,n3
f1662,contains,n1
f1662,contains,n2
f1662,contains,n3
f1663,contains,n1
f1663,contains,n2
f1663,contains,n3
f1664,contains,n1
f1664,contains,n2
f1664,contains,n3
f1665,contains,n1
f1665,contains,n2
f1665,contains,n3
f1666,contains,n1
f1666,contains,n2
f1666,contains,n3
f1667,contains,n1
f1667,contains,n2
f1667,contains,n3
f1668,contains,n1
f1668,contains,n2
f1668,contains,n3
f1669,contains,n1
f1669,contains,n2
f1669,contains,n3
f1670,contains,n1
f1670,contains,n2
f1670,contains,n3
f1671,contains,n1
f1671,contains,n2
f1671,contains,n3
f1672,contains,n1
f1672,contains,n2
f1672,contains,n3
f1673,contains,n1
f1673,contains,n2
f1673,contains,n3
f1674,contains,n1
f1674,contains,n2
f1674,contains,n3
f1675,contains,n1
f1675,contains,n2
f1675,contains,n3
f1676,contains,n1
f1676,contains,n2
f1676,contains,n3
f1677,contains,n1
f1677,contains,n2
f1677,contains,n3
f1678,contains,n1
f1678,contains,n2
f1678,contains,n3
f1679,contains,n1
f1679,contains,n2
f1679,contains,n3
f1680,contains,n1
f1680,contains,n2
f1680,contains,n3
f1681,contains,n1
f1681,contains,n2
f1681,contains,n3
f1682,contains,n1
f1682,contains,n2
f1682,contains,n3
f1683,contains,n1
f1683,contains,n2
f1683,contains,n3
f1684,contains,n1
f1684,contains,n2
f1684,contains,n3
f1685,contains,n1
f1685,contains,n2
f1685,contains,n3
f1686,contains,n1
f1686,contains,n2
f1686,contains,n3
f1687,contains,n1
f1687,contains,n2
f1687,contains,n3
f1688,contains,n1
f1688,contains,n2
f1688,contains,n3
f1689,contains,n1
f1689,contains,n2
f1689,contains,n3
f1690,contains,n1
f1690,contains,n2
f1690,contains,n3
f1691,contains,n1
f1691,contains,n2
f1691,contains,n3
f1692,contains,n1
f1692,contains,n2
f1692,contains,n3
f1693,contains,n1
f1693,contains,n2
f1693,contains,n3
f1694,contains,n1
f1694,contains,n2
f1694,contains,n3
f1695,contains,n1
f1695,contains,n2
f1695,contains,n3
f1696,contains,n1
f1696,contains,n2
f1696,contains,n3
f1697,contains,n1
f1697,contains,n2
f1697,contains,n3
f1698,contains,n1
f1698,contains,n2
f1698,contains,n3
f1699,contains,n1
f1699,contains,n2
f1699,contains,n3
f1700,contains,n1
f1700,contains,n2
f1700,contains,n3
f1701,contains,n1
f1701,contains,n2
f1701,contains,n3
f1702,contains,n1
f1702,contains,n2
f1702,contains,n3
f1703,contains,n1
f1703,contains,n2
f1703,contains,n3
f1704,contains,n1
f1704,contains,n2
f1704,contains,n3
f1705,contains,n1
f1705,contains,n2
f1705,contains,n3
f1706,contains,n1
f1706,contains,n2
f1706,contains,n3
f1707,contains,n1
f1707,contains,n2
f1707,contains,n3
f1708,contains,n1
f1708,contains,n2
f1708,contains,n3
f1709,contains,n1
f1709,contains,n2
f1709,contains,n3
f1710,contains,n1
f1710,contains,n2
f1710,contains,n3
f1711,contains,n1
f1711,contains,n2
f1711,contains,n3
f1712,contains,n1
f1712,contains,n2
f1712,contains,n3
f1713,contains,n1
f1713,contains,n2
f1713,contains,n3
f1714,contains,n1
f1714,contains,n2
f1714,contains,n3
f1715,contains,n1
f1715,contains,n2
f1715,contains,n3
f1716,contains,n1
f1716,contains,n2
f1716,contains,n3
f1717,contains,n1
f1717,contains,n2
f1717,contains,n3
f1718,contains,n1
f1718,contains,n2
f1718,contains,n3
f1719,contains,n1
f1719,contains,n2
f1719,contains,n3
f1720,contains,n1
f1720,contains,n2
f1720,contains,n3
f1721,contains,n1
f1721,contains,n2
f1721,contains,n3
f1722,contains,n1
f1722,contains,n2
f1722,contains,n3
f1723,contains,n1
f1723,contains,n2
f1723,contains,n3
f1724,contains,n1
f1724,contains,n2
f1724,contains,n3
f1725,contains,n1
f1725,contains,n2
f1725,contains,n3
f1726,contains,n1
f1726,contains,n2
f1726,contains,n3
f1727,contains,n1
f1727,contains,n2
f1727,contains,n3
f1728,contains,n1
f1728,contains,n2
f1728,contains,n3
f1729,contains,n1
f1729,contains,n2
f1729,contains,n3
f1730,contains,n1
f1730,contains,n2
f1730,contains,n3
f1731,contains,n1
f1731,contains,n2
f1731,contains,n3
f1732,contains,n1
f1732,contains,n2
f1732,contains,n3
f1733,contains,n1
f1733,contains,n2
f1733,contains,n3
f1734,contains,n1
f1734,contains,n2
f1734,contains,n3
f1735,contains,n1
f1735,contains,n2
f1735,contains,n3
f1736,contains,n1
f1736,contains,n2
f1736,contains,n3
f1737,contains,n1
f1737,contains,n2
f1737,contains,n3
f1738,contains,n1
f1738,contains,n2
f1738,contains,n3
f1739,contains,n1
f1739,contains,n2
f1739,contains,n3
f1740,contains,n1
f1740,contains,n2
f1740,contains,n3
f1741,contains,n1
f1741,contains,n2
f1741,contains,n3
f1742,contains,n1
f1742,contains,n2
f1742,contains,n3
f1743,contains,n1
f1743,contains,n2
f1743,contains,n3
f1744,contains,n1
f1744,contains,n2
f1744,contains,n3
f1745,contains,n1
f1745,contains,n2
f1745,contains,n3
f1746,contains,n1
f1746,contains,n2
f1746,contains,n3
f1747,contains,n1
f1747,contains,n2
f1747,contains,n3
f1748,contains,n1
f1748,contains,n2
f1748,contains,n3
f1749,contains,n1
f1749,contains,n2
f1749,contains,n3
f1750,contains,n1
f1750,contains,n2
f1750,contains,n3
f1751,contains,n1
f1751,contains,n2
f1751,contains,n3
f1752,contains,n1
f1752,contains,n2
f1752,contains,n3
f1753,contains,n1
f1753,contains,n2
f1753,contains,n3
f1754,contains,n1
f1754,contains,n2
f1754,contains,n3
f1755,contains,n1
f1755,contains,n2
f1755,contains,n3
f1756,contains,n1
f1756,contains,n2
f1756,contains,n3
f1757,contains,n1
f1757,contains,n2
f1757,contains,n3
f1758,contains,n1
f1758,contains,n2
f1758,contains,n3
f1759,contains,n1
f1759,contains,n2
f1759,contains,n3
f1760,contains,n1
f1760,contains,n2
f1760,contains,n3
f1761,contains,n1
f1761,contains,n2
f1761,contains,n3
f1762,contains,n1
f1762,contains,n2
f1762,contains,n3
f1763,contains,n1
f1763,contains,n2
f1763,contains,n3
f1764,contains,n1
f1764,contains,n2
f1764,contains,n3
f1765,contains,n1
f1765,contains,n2
f1765,contains,n3
f1766,contains,n1
f1766,contains,n2
f1766,contains,n3
f1767,contains,n1
f1767,contains,n2
f1767,contains,n3
f1768,contains,n1
f1768,contains,n2
f1768,contains,n3
f1769,contains,n1
f1769,contains,n2
f1769,contains,n3
f1770,contains,n1
f1770,contains,n2
f1770,contains,n3
f1771,contains,n1
f1771,contains,n2
f1771,contains,n3
f1772,contains,n1
f1772,contains,n2
f1772,contains,n3
f1773,contains,n1
f1773,contains,n2
f1773,contains,n3
f1774,contains,n1
f1774,contains,n2
f1774,contains,n3
f1775,contains,n1
f1775,contains,n2
f1775,contains,n3
f1776,contains,n1
f1776,contains,n2
f1776,contains,n3
f1777,contains,n1
f1777,contains,n2
f1777,contains,n3
f1778,contains,n1
f1778,contains,n2
f1778,contains,n3
f1779,contains,n1
f1779,contains,n2
f1779,contains,n3
f1780,contains,n1
f1780,contains,n2
f1780,contains,n3
f1781,contains,n1
f1781,contains,n2
f1781,contains,n3
f1782,contains,n1
f1782,contains,n2
f1782,contains,n3
f1783,contains,n1
f1783,contains,n2
f1783,contains,n3
f1784,contains,n1
f1784,contains,n2
f1784,contains,n3
f1785,contains,n1
f1785,contains,n2
f1785,contains,n3
f1786,contains,n1
f1786,contains,n2
f1786,contains,n3
f1787,contains,n1
f1787,contains,n2
f1787,contains,n3
f1788,contains,n1
f1788,contains,n2
f1788,contains,n3
f1789,contains,n1
f1789,contains,n2
f1789,contains,n3
f1790,contains,n1
f1790,contains,n2
f1790,contains,n3
f1791,contains,n1
f1791,contains,n2
f1791,contains,n3
f1792,contains,n1
f1792,contains,n2
f1792,contains,n3
f1793,contains,n1
f1793,contains,n2
f1793,contains,n3
f1794,contains,n1
f1794,contains,n2
f1794,contains,n3
f1795,contains,n1
f1795,contains,n2
f1795,contains,n3
f1796,contains,n1
f1796,contains,n2
f1796,contains,n3
f1797,contains,n1
f1797,contains,n2
f1797,contains,n3
f1798,contains,n1
f1798,contains,n2
f1798,contains,n3
f1799,contains,n1
f1799,contains,n2
f1799,contains,n3
f1800,contains,n1
f1800,contains,n2
f1800,contains,n3
f1801,contains,n1
f1801,contains,n2
f1801,contains,n3
f1802,contains,n1
f1802,contains,n2
f1802,contains,n3
f1803,contains,n1
f1803,contains,n2
f1803,contains,n3
f1804,contains,n1
f1804,contains,n2
f1804,contains,n3
f1805,contains,n1
f1805,contains,n2
f1805,contains,n3
f1806,contains,n1
f1806,contains,n2
f1806,contains,n3
f1807,contains,n1
f1807,contains,n2
f1807,contains,n3
f1808,contains,n1
f1808,contains,n2
f1808,contains,n3
f1809,contains,n1
f1809,contains,n2
f1809,contains,n3
f1810,contains,n1
f1810,contains,n2
f1810,contains,n3
f1811,contains,n1
f1811,contains,n2
f1811,contains,n3
f1812,contains,n1
f1812,contains,n2
f1812,contains,n3
f1813,contains,n1
f1813,contains,n2
f1813,contains,n3
f1814,contains,n1
f1814,contains,n2
f1814,contains,n3
f1815,contains,n1
f1815,contains,n2
f1815,contains,n3
f1816,contains,n1
f1816,contains,n2
f1816,contains,n3
f1817,contains,n1
f1817,contains,n2
f1817,contains,n3
f1818,contains,n1
f1818,contains,n2
f1818,contains,n3
f1819,contains,n1
f1819,contains,n2
f1819,contains,n3
f1820,contains,n1
f1820,contains,n2
f1820,contains,n3
f1821,contains,n1
f1821,contains,n2
f1821,contains,n3
f1822,contains,n1
f1822,contains,n2
f1822,contains,n3
f1823,contains,n1
f1823,contains,n2
f1823,contains,n3
f1824,contains,n1
f1824,contains,n2
f1824,contains,n3
f1825,contains,n1
f1825,contains,n2
f1825,contains,n3
f1826,contains,n1
f1826,contains,n2
f1826,contains,n3
f1827,contains,n1
f1827,contains,n2
f1827,contains,n3
f1828,contains,n1
f1828,contains,n2
f1828,contains,n3
f1829,contains,n1
f1829,contains,n2
f1829,contains,n3
f1830,contains,n1
f1830,contains,n2
f1830,contains,n3
f1831,contains,n1
f1831,contains,n2
f1831,contains,n3
f1832,contains,n1
f1832,contains,n2
f1832,contains,n3
f1833,contains,n1
f1833,contains,n2
f1833,contains,n3
f1834,contains,n1
f1834,contains,n2
f1834,contains,n3
f1835,contains,n1
f1835,contains,n2
f1835,contains,n3
f1836,contains,n1
f1836,contains,n2
f1836,contains,n3
f1837,contains,n1
f1837,contains,n2
f1837,contains,n3
f1838,contains,n1
f1838,contains,n2
f1838,contains,n3
f1839,contains,n1
f1839,contains,n2
f1839,contains,n3
f1840,contains,n1
f1840,contains,n2
f1840,contains,n3
f1841,contains,n1
f1841,contains,n2
f1841,contains,n3
f1842,contains,n1
f1842,contains,n2
f1842,contains,n3
f1843,contains,n1
f1843,contains,n2
f1843,contains,n3
f1844,contains,n1
f1844,contains,n2
f1844,contains,n3
f1845,contains,n1
f1845,contains,n2
f1845,contains,n3
f1846,contains,n1
f1846,contains,n2
f1846,contains,n3
f1847,contains,n1
f1847,contains,n2
f1847,contains,n3
f1848,contains,n1
f1848,contains,n2
f1848,contains,n3
f1849,contains,n1
f1849,contains,n2
f1849,contains,n3
f1850,contains,n1
f1850,contains,n2
f1850,contains,n3
f1851,contains,n1
f1851,contains,n2
f1851,contains,n3
f1852,contains,n1
f1852,contains,n2
f1852,contains,n3
f1853,contains,n1
f1853,contains,n2
f1853,contains,n3
f1854,contains,n1
f1854,contains,n2
f1854,contains,n3
f1855,contains,n1
f1855,contains,n2
f1855,contains,n3
f1856,contains,n1
f1856,contains,n2
f1856,contains,n3
f1857,contains,n1
f1857,contains,n2
f1857,contains,n3
f1858,contains,n1
f1858,contains,n2
f1858,contains,n3
f1859,contains,n1
f1859,contains,n2
f1859,contains,n3
f1860,contains,n1
f1860,contains,n2
f1860,contains,n3
f1861,contains,n1
f1861,contains,n2
f1861,contains,n3
f1862,contains,n1
f1862,contains,n2
f1862,contains,n3
f1863,contains,n1
f1863,contains,n2
f1863,contains,n3
f1864,contains,n1
f1864,contains,n2
f1864,contains,n3
f1865,contains,n1
f1865,contains,n2
f1865,contains,n3
f1866,contains,n1
f1866,contains,n2
f1866,contains,n3
f1867,contains,n1
f1867,contains,n2
f1867,contains,n3
f1868,contains,n1
f1868,contains,n2
f1868,contains,n3
f1869,contains,n1
f1869,contains,n2
f1869,contains,n3
f1870,contains,n1
f1870,contains,n2
f1870,contains,n3
f1871,contains,n1
f1871,contains,n2
f1871,contains,n3
f1872,contains,n1
f1872,contains,n2
f1872,contains,n3
f1873,contains,n1
f1873,contains,n2
f1873,contains,n3
f1874,contains,n1
f1874,contains,n2
f1874,contains,n3
f1875,contains,n1
f1875,contains,n2
f1875,contains,n3
f1876,contains,n1
f1876,contains,n2
f1876,contains,n3
f1877,contains,n1
f1877,contains,n2
f1877,contains,n3
f1878,contains,n1
f1878,contains,n2
f1878,contains,n3
f1879,contains,n1
f1879,contains,n2
f1879,contains,n3
f1880,contains,n1
f1880,contains,n2
f1880,contains,n3
f1881,contains,n1
f1881,contains,n2
f1881,contains,n3
f1882,contains,n1
f1882,contains,n2
f1882,contains,n3
f1883,contains,n1
f1883,contains,n2
f1883,contains,n3
f1884,contains,n1
f1884,contains,n2
f1884,contains,n3
f1885,contains,n1
f1885,contains,n2
f1885,contains,n3
f1886,contains,n1
f1886,contains,n2
f1886,contains,n3
f1887,contains,n1
f1887,contains,n2
f1887,contains,n3
f1888,contains,n1
f1888,contains,n2
f1888,contains,n3
f1889,contains,n1
f1889,contains,n2
f1889,contains,n3
f1890,contains,n1
f1890,contains,n2
f1890,contains,n3
f1891,contains,n1
f1891,contains,n2
f1891,contains,n3
f1892,contains,n1
f1892,contains,n2
f1892,contains,n3
f1893,contains,n1
f1893,contains,n2
f1893,contains,n3
f1894,contains,n1
f1894,contains,n2
f1894,contains,n3
f1895,contains,n1
f1895,contains,n2
f1895,contains,n3
f1896,contains,n1
f1896,contains,n2
f1896,contains,n3
f1897,contains,n1
f1897,contains,n2
f1897,contains,n3
f1898,contains,n1
f1898,contains,n2
f1898,contains,n3
f1899,contains,n1
f1899,contains,n2
f1899,contains,n3
f1900,contains,n1
f1900,contains,n2
f1900,contains,n3
f1901,contains,n1
f1901,contains,n2
f1901,contains,n3
f1902,contains,n1
f1902,contains,n2
f1902,contains,n3
f1903,contains,n1
f1903,contains,n2
f1903,contains,n3
f1904,contains,n1
f1904,contains,n2
f1904,contains,n3
f1905,contains,n1
f1905,contains,n2
f1905,contains,n3
f1906,contains,n1
f1906,contains,n2
f1906,contains,n3
f1907,contains,n1
f1907,contains,n2
f1907,contains,n3
f1908,contains,n1
f1908,contains,n2
f1908,contains,n3
f1909,contains,n1
f1909,contains,n2
f1909,contains,n3
f1910,contains,n1
f1910,contains,n2
f1910,contains,n3
f1911,contains,n1
f1911,contains,n2
f1911,contains,n3
f1912,contains,n1
f1912,contains,n2
f1912,contains,n3
f1913,contains,n1
f1913,contains,n2
f1913,contains,n3
f1914,contains,n1
f1914,contains,n2
f1914,contains,n3
f1915,contains,n1
f1915,contains,n2
f1915,contains,n3
f1916,contains,n1
f1916,contains,n2
f1916,contains,n3
f1917,contains,n1
f1917,contains,n2
f1917,contains,n3
f1918,contains,n1
f1918,contains,n2
f1918,contains,n3
f1919,contains,n1
f1919,contains,n2
f1919,contains,n3
f1920,contains,n1
f1920,contains,n2
f1920,contains,n3
f1921,contains,n1
f1921,contains,n2
f1921,contains,n3
f1922,contains,n1
f1922,contains,n2
f1922,contains,n3
f1923,contains,n1
f1923,contains,n2
f1923,contains,n3
f1924,contains,n1
f1924,contains,n2
f1924,contains,n3
f1925,contains,n1
f1925,contains,n2
f1925,contains,n3
f1926,contains,n1
f1926,contains,n2
f1926,contains,n3
f1927,contains,n1
f1927,contains,n2
f1927,contains,n3
f1928,contains,n1
f1928,contains,n2
f1928,contains,n3
f1929,contains,n1
f1929,contains,n2
f1929,contains,n3
f1930,contains,n1
f1930,contains,n2
f1930,contains,n3
f1931,contains,n1
f1931,contains,n2
f1931,contains,n3
f1932,contains,n1
f1932,contains,n2
f1932,contains,n3
f1933,contains,n1
f1933,contains,n2
f1933,contains,n3
f1934,contains,n1
f1934,contains,n2
f1934,contains,n3
f1935,contains,n1
f1935,contains,n2
f1935,contains,n3
f1936,contains,n1
f1936,contains,n2
f1936,contains,n3
f1937,contains,n1
f1937,contains,n2
f1937,contains,n3
f1938,contains,n1
f1938,contains,n2
f1938,contains,n3
f1939,contains,n1
f1939,contains,n2
f1939,contains,n3
f1940,contains,n1
f1940,contains,n2
f1940,contains,n3
f1941,contains,n1
f1941,contains,n2
f1941,contains,n3
f1942,contains,n1
f1942,contains,n2
f1942,contains,n3
f1943,contains,n1
f1943,contains,n2
f1943,contains,n3
f1944,contains,n1
f1944,contains,n2
f1944,contains,n3
f1945,contains,n1
f1945,contains,n2
f1945,contains,n3
f1946,contains,n1
f1946,contains,n2
f1946,contains,n3
f1947,contains,n1
f1947,contains,n2
f1947,contains,n3
f1948,contains,n1
f1948,contains,n2
f1948,contains,n3
f1949,contains,n1
f1949,contains,n2
f1949,contains,n3
f1950,contains,n1
f1950,contains,n2
f1950,contains,n3
f1951,contains,n1
f1951,contains,n2
f1951,contains,n3
f1952,contains,n1
f1952,contains,n2
f1952,contains,n3
f1953,contains,n1
f1953,contains,n2
f1953,contains,n3
f1954,contains,n1
f1954,contains,n2
f1954,contains,n3
f1955,contains,n1
f1955,contains,n2
f1955,contains,n3
f1956,contains,n1
f1956,contains,n2
f1956,contains,n3
f1957,contains,n1
f1957,contains,n2
f1957,contains,n3
f1958,contains,n1
f1958,contains,n2
f1958,contains,n3
f1959,contains,n1
f1959,contains,n2
f1959,contains,n3
f1960,contains,n1
f1960,contains,n2
f1960,contains,n3
f1961,contains,n1
f1961,contains,n2
f1961,contains,n3
f1962,contains,n1
f1962,contains,n2
f1962,contains,n3
f1963,contains,n1
f1963,contains,n2
f1963,contains,n3
f1964,contains,n1
f1964,contains,n2
f1964,contains,n3
f1965,contains,n1
f1965,contains,n2
f1965,contains,n3
f1966,contains,n1
f1966,contains,n2
f1966,contains,n3
f1967,contains,n1
f1967,contains,n2
f1967,contains,n3
f1968,contains,n1
f1968,contains,n2
f1968,contains,n3
f1969,contains,n1
f1969,contains,n2
f1969,contains,n3
f1970,contains,n1
f1970,contains,n2
f1970,contains,n3
f1971,contains,n1
f1971,contains,n2
f1971,contains,n3
f1972,contains,n1
f1972,contains,n2
f1972,contains,n3
f1973,contains,n1
f1973,contains,n2
f1973,contains,n3
f1974,contains,n1
f1974,contains,n2
f1974,contains,n3
f1975,contains,n1
f1975,contains,n2
f1975,contains,n3
f1976,contains,n1
f1976,contains,n2
f1976,contains,n3
f1977,contains,n1
f1977,contains,n2
f1977,contains,n3
f1978,contains,n1
f1978,contains,n2
f1978,contains,n3
f1979,contains,n1
f1979,contains,n2
f1979,contains,n3
f1980,contains,n1
f1980,contains,n2
f1980,contains,n3
f1981,contains,n1
f1981,contains,n2
f1981,contains,n3
f1982,contains,n1
f1982,contains,n2
f1982,contains,n3
f1983,contains,n1
f1983,contains,n2
f1983,contains,n3
f1984,contains,n1
f1984,contains,n2
f1984,contains,n3
f1985,contains,n1
f1985,contains,n2
f1985,contains,n3
f1986,contains,n1
f1986,contains,n2
f1986,contains,n3
f1987,contains,n1
f1987,contains,n2
f1987,contains,n3
f1988,contains,n1
f1988,contains,n2
f1988,contains,n3
f1989,contains,n1
f1989,contains,n2
f1989,contains,n3
f1990,contains,n1
f1990,contains,n2
f1990,contains,n3
f1991,contains,n1
f1991,contains,n2
f1991,contains,n3
f1992,contains,n1
f1992,contains,n2
f1992,contains,n3
f1993,contains,n1
f1993,contains,n2
f1993,contains,n3
f1994,contains,n1
f1994,contains,n2
f1994,contains,n3
f1995,contains,n1
f1995,contains,n2
f1995,contains,n3
f1996,contains,n1
f1996,contains,n2
f1996,contains,n3
f1997,contains,n1
f1997,contains,n2
f1997,contains,n3
f1998,contains,n1
f1998,contains,n2
f1998,contains,n3
f1999,contains,n1
f1999,contains,n2
f1999,contains,n3
f2000,contains,n1
f2000,contains,n2
f2000,contains,n3
f2001,contains,n1
f2001,contains,n2
f2001,contains,n3
f2002,contains,n1
f2002,contains,n2
f2002,contains,n3
f2003,contains,n1
f2003,contains,n2
f2003,contains,n3
f2004,contains,n1
f2004,contains,n2
f2004,contains,n3
f2005,contains,n1
f2005,contains,n2
f2005,contains,n3
f2006,contains,n1
f2006,contains,n2
f2006,contains,n3
f2007,contains,n1
f2007,contains,n2
f2007,contains,n3
f2008,contains,n1
f2008,contains,n2
f2008,contains,n3
f2009,contains,n1
f2009,contains,n2
f2009,contains,n3
f2010,contains,n1
f2010,contains,n2
f2010,contains,n3
f2011,contains,n1
f2011,contains,n2
f2011,contains,n3
f2012,contains,n1
f2012,contains,n2
f2012,contains,n3
f2013,contains,n1
f2013,contains,n2
f2013,contains,n3
f2014,contains,n1
f2014,contains,n2
f2014,contains,n3
f2015,contains,n1
f2015,contains,n2
f2015,contains,n3
f2016,contains,n1
f2016,contains,n2
f2016,contains,n3
f2017,contains,n1
f2017,contains,n2
f2017,contains,n3
f2018,contains,n1
f2018,contains,n2
f2018,contains,n3
f2019,contains,n1
f2019,contains,n2
f2019,contains,n3
f2020,contains,n1
f2020,contains,n2
f2020,contains,n3
f2021,contains,n1
f2021,contains,n2
f2021,contains,n3
f2022,contains,n1
f2022,contains,n2
f2022,contains,n3
f2023,contains,n1
f2023,contains,n2
f2023,contains,n3
f2024,contains,n1
f2024,contains,n2
f2024,contains,n3
f2025,contains,n1
f2025,contains,n2
f2025,contains,n3
f2026,contains,n1
f2026,contains,n2
f2026,contains,n3
f2027,contains,n1
f2027,contains,n2
f2027,contains,n3
f2028,contains,n1
f2028,contains,n2
f2028,contains,n3
f2029,contains,n1
f2029,contains,n2
f2029,contains,n3
f2030,contains,n1
f2030,contains,n2
f2030,contains,n3
f2031,contains,n1
f2031,contains,n2
f2031,contains,n3
f2032,contains,n1
f2032,contains,n2
f2032,contains,n3
f2033,contains,n1
f2033,contains,n2
f2033,contains,n3
f2034,contains,n1
f2034,contains,n2
f2034,contains,n3
f2035,contains,n1
f2035,contains,n2
f2035,contains,n3
f2036,contains,n1
f2036,contains,n2
f2036,contains,n3
f2037,contains,n1
f2037,contains,n2
f2037,contains,n3
f2038,contains,n1
f2038,contains,n2
f2038,contains,n3
f2039,contains,n1
f2039,contains,n2
f2039,contains,n3
f2040,contains,n1
f2040,contains,n2
f2040,contains,n3
f2041,contains,n1
f2041,contains,n2
f2041,contains,n3
f2042,contains,n1
f2042,contains,n2
f2042,contains,n3
f2043,contains,n1
f2043,contains,n2
f2043,contains,n3
f2044,contains,n1
f2044,contains,n2
f2044,contains,n3
f2045,contains,n1
f2045,contains,n2
f2045,contains,n3
f2046,contains,n1
f2046,contains,n2
f2046,contains,n3
f2047,contains,n1
f2047,contains,n2
f2047,contains,n3
f2048,contains,n1
f2048,contains,n2
f2048,contains,n3
f2049,contains,n1
f2049,contains,n2
f2049,contains,n3
f2050,contains,n1
f2050,contains,n2
f2050,contains,n3
f2051,contains,n1
f2051,contains,n2
f2051,contains,n3
f2052,contains,n1
f2052,contains,n2
f2052,contains,n3
f2053,contains,n1
f2053,contains,n2
f2053,contains,n3
f2054,contains,n1
f2054,contains,n2
f2054,contains,n3
f2055,contains,n1
f2055,contains,n2
f2055,contains,n3
f2056,contains,n1
f2056,contains,n2
f2056,contains,n3
f2057,contains,n1
f2057,contains,n2
f2057,contains,n3
f2058,contains,n1
f2058,contains,n2
f2058,contains,n3
f2059,contains,n1
f2059,contains,n2
f2059,contains,n3
f2060,contains,n1
f2060,contains,n2
f2060,contains,n3
f2061,contains,n1
f2061,contains,n2
f2061,contains,n3
f2062,contains,n1
f2062,contains,n2
f2062,contains,n3
f2063,contains,n1
f2063,contains,n2
f2063,contains,n3
f2064,contains,n1
f2064,contains,n2
f2064,contains,n3
f2065,contains,n1
f2065,contains,n2
f2065,contains,n3
f2066,contains,n1
f2066,contains,n2
f2066,contains,n3
f2067,contains,n1
f2067,contains,n2
f2067,contains,n3
f2068,contains,n1
f2068,contains,n2
f2068,contains,n3
f2069,contains,n1
f2069,contains,n2
f2069,contains,n3
f2070,contains,n1
f2070,contains,n2
f2070,contains,n3
f2071,contains,n1
f2071,contains,n2
f2071,contains,n3
f2072,contains,n1
f2072,contains,n2
f2072,contains,n3
f2073,contains,n1
f2073,contains,n2
f2073,contains,n3
f2074,contains,n1
f2074,contains,n2
f2074,contains,n3
f2075,contains,n1
f2075,contains,n2
f2075,contains,n3
f2076,contains,n1
f2076,contains,n2
f2076,contains,n3
f2077,contains,n1
f2077,contains,n2
f2077,contains,n3
f2078,contains,n1
f2078,contains,n2
f2078,contains,n3
f2079,contains,n1
f2079,contains,n2
f2079,contains,n3
f2080,contains,n1
f2080,contains,n2
f2080,contains,n3
f2081,contains,n1
f2081,contains,n2
f2081,contains,n3
f2082,contains,n1
f2082,contains,n2
f2082,contains,n3
f2083,contains,n1
f2083,contains,n2
f2083,contains,n3
f2084,contains,n1
f2084,contains,n2
f2084,contains,n3
f2085,contains,n1
f2085,contains,n2
f2085,contains,n3
f2086,contains,n1
f2086,contains,n2
f2086,contains,n3
f2087,contains,n1
f2087,contains,n2
f2087,contains,n3
f2088,contains,n1
f2088,contains,n2
f2088,contains,n3
f2089,contains,n1
f2089,contains,n2
f2089,contains,n3
f2090,contains,n1
f2090,contains,n2
f2090,contains,n3
f2091,contains,n1
f2091,contains,n2
f2091,contains,n3
f2092,contains,n1
f2092,contains,n2
f2092,contains,n3
f2093,contains,n1
f2093,contains,n2
f2093,contains,n3
f2094,contains,n1
f2094,contains,n2
f2094,contains,n3
f2095,contains,n1
f2095,contains,n2
f2095,contains,n3
f2096,contains,n1
f2096,contains,n2
f2096,contains,n3
f2097,contains,n1
f2097,contains,n2
f2097,contains,n3
f2098,contains,n1
f2098,contains,n2
f2098,contains,n3
f2099,contains,n1
f2099,contains,n2
f2099,contains,n3
f2100,contains,n1
f2100,contains,n2
f2100,contains,n3
f2101,contains,n1
f2101,contains,n2
f2101,contains,n3
f2102,contains,n1
f2102,contains,n2
f2102,contains,n3
f2103,contains,n1
f2103,contains,n2
f2103,contains,n3
f2104,contains,n1
f2104,contains,n2
f2104,contains,n3
f2105,contains,n1
f2105,contains,n2
f2105,contains,n3
f2106,contains,n1
f2106,contains,n2
f2106,contains,n3
f2107,contains,n1
f2107,contains,n2
f2107,contains,n3
f2108,contains,n1
f2108,contains,n2
f2108,contains,n3
f2109,contains,n1
f2109,contains,n2
f2109,contains,n3
f2110,contains,n1
f2110,contains,n2
f2110,contains,n3
f2111,contains,n1
f2111,contains,n2
f2111,contains,n3
f2112,contains,n1
f2112,contains,n2
f2112,contains,n3
f2113,contains,n1
f2113,contains,n2
f2113,contains,n3
f2114,contains,n1
f2114,contains,n2
f2114,contains,n3
f2115,contains,n1
f2115,contains,n2
f2115,contains,n3
f2116,contains,n1
f2116,contains,n2
f2116,contains,n3
f2117,contains,n1
f2117,contains,n2
f2117,contains,n3
f2118,contains,n1
f2118,contains,n2
f2118,contains,n3
f2119,contains,n1
f2119,contains,n2
f2119,contains,n3
f2120,contains,n1
f2120,contains,n2
f2120,contains,n3
f2121,contains,n1
f2121,contains,n2
f2121,contains,n3
f2122,contains,n1
f2122,contains,n2
f2122,contains,n3
f2123,contains,n1
f2123,contains,n2
f2123,contains,n3
f2124,contains,n1
f2124,contains,n2
f2124,contains,n3
f2125,contains,n1
f2125,contains,n2
f2125,contains,n3
f2126,contains,n1
f2126,contains,n2
f2126,contains,n3
f2127,contains,n1
f2127,contains,n2
f2127,contains,n3
f2128,contains,n1
f2128,contains,n2
f2128,contains,n3
f2129,contains,n1
f2129,contains,n2
f2129,contains,n3
f2130,contains,n1
f2130,contains,n2
f2130,contains,n3
f2131,contains,n1
f2131,contains,n2
f2131,contains,n3
f2132,contains,n1
f2132,contains,n2
f2132,contains,n3
f2133,contains,n1
f2133,contains,n2
f2133,contains,n3
f2134,contains,n1
f2134,contains,n2
f2134,contains,n3
f2135,contains,n1
f2135,contains,n2
f2135,contains,n3
f2136,contains,n1
f2136,contains,n2
f2136,contains,n3
f2137,contains,n1
f2137,contains,n2
f2137,contains,n3
f2138,contains,n1
f2138,contains,n2
f2138,contains,n3
f2139,contains,n1
f2139,contains,n2
f2139,contains,n3
f2140,contains,n1
f2140,contains,n2
f2140,contains,n3
f2141,contains,n1
f2141,contains,n2
f2141,contains,n3
f2142,contains,n1
f2142,contains,n2
f2142,contains,n3
f2143,contains,n1
f2143,contains,n2
f2143,contains,n3
f2144,contains,n1
f2144,contains,n2
f2144,contains,n3
f2145,contains,n1
f2145,contains,n2
f2145,contains,n3
f2146,contains,n1
f2146,contains,n2
f2146,contains,n3
f2147,contains,n1
f2147,contains,n2
f2147,contains,n3
f2148,contains,n1
f2148,contains,n2
f2148,contains,n3
f2149,contains,n1
f2149,contains,n2
f2149,contains,n3
f2150,contains,n1
f2150,contains,n2
f2150,contains,n3
f2151,contains,n1
f2151,contains,n2
f2151,contains,n3
f2152,contains,n1
f2152,contains,n2
f2152,contains,n3
f2153,contains,n1
f2153,contains,n2
f2153,contains,n3
f2154,contains,n1
f2154,contains,n2
f2154,contains,n3
f2155,contains,n1
f2155,contains,n2
f2155,contains,n3
f2156,contains,n1
f2156,contains,n2
f2156,contains,n3
f2157,contains,n1
f2157,contains,n2
f2157,contains,n3
f2158,contains,n1
f2158,contains,n2
f2158,contains,n3
f2159,contains,n1
f2159,contains,n2
f2159,contains,n3
f2160,contains,n1
f2160,contains,n2
f2160,contains,n3
f2161,contains,n1
f2161,contains,n2
f2161,contains,n3
f2162,contains,n1
f2162,contains,n2
f2162,contains,n3
f2163,contains,n1
f2163,contains,n2
f2163,contains,n3
f2164,contains,n1
f2164,contains,n2
f2164,contains,n3
f2165,contains,n1
f2165,contains,n2
f2165,contains,n3
f2166,contains,n1
f2166,contains,n2
f2166,contains,n3
f2167,contains,n1
f2167,contains,n2
f2167,contains,n3
f2168,contains,n1
f2168,contains,n2
f2168,contains,n3
f2169,contains,n1
f2169,contains,n2
f2169,contains,n3
f2170,contains,n1
f2170,contains,n2
f2170,contains,n3
f2171,contains,n1
f2171,contains,n2
f2171,contains,n3
f2172,contains,n1
f2172,contains,n2
f2172,contains,n3
f2173,contains,n1
f2173,contains,n2
f2173,contains,n3
f2174,contains,n1
f2174,contains,n2
f2174,contains,n3
f2175,contains,n1
f2175,contains,n2
f2175,contains,n3
f2176,contains,n1
f2176,contains,n2
f2176,contains,n3
f2177,contains,n1
f2177,contains,n2
f2177,contains,n3
f2178,contains,n1
f2178,contains,n2
f2178,contains,n3
f2179,contains,n1
f2179,contains,n2
f2179,contains,n3
f2180,contains,n1
f2180,contains,n2
f2180,contains,n3
f2181,contains,n1
f2181,contains,n2
f2181,contains,n3
f2182,contains,n1
f2182,contains,n2
f2182,contains,n3
f2183,contains,n1
f2183,contains,n2
f2183,contains,n3
f2184,contains,n1
f2184,contains,n2
f2184,contains,n3
f2185,contains,n1
f2185,contains,n2
f2185,contains,n3
f2186,contains,n1
f2186,contains,n2
f2186,contains,n3
f2187,contains,n1
f2187,contains,n2
f2187,contains,n3
f2188,contains,n1
f2188,contains,n2
f2188,contains,n3
f2189,contains,n1
f2189,contains,n2
f2189,contains,n3
f2190,contains,n1
f2190,contains,n2
f2190,contains,n3
f2191,contains,n1
f2191,contains,n2
f2191,contains,n3
f2192,contains,n1
f2192,contains,n2
f2192,contains,n3
f2193,contains,n1
f2193,contains,n2
f2193,contains,n3
f2194,contains,n1
f2194,contains,n2
f2194,contains,n3
f2195,contains,n1
f2195,contains,n2
f2195,contains,n3
f2196,contains,n1
f2196,contains,n2
f2196,contains,n3
f2197,contains,n1
f2197,contains,n2
f2197,contains,n3
f2198,contains,n1
f2198,contains,n2
f2198,contains,n3
f2199,contains,n1
f2199,contains,n2
f2199,contains,n3
f2200,contains,n1
f2200,contains,n2
f2200,contains,n3
f2201,contains,n1
f2201,contains,n2
f2201,contains,n3
f2202,contains,n1
f2202,contains,n2
f2202,contains,n3
f2203,contains,n1
f2203,contains,n2
f2203,contains,n3
f2204,contains,n1
f2204,contains,n2
f2204,contains,n3
f2205,contains,n1
f2205,contains,n2
f2205,contains,n3
f2206,contains,n1
f2206,contains,n2
f2206,contains,n3
f2207,contains,n1
f2207,contains,n2
f2207,contains,n3
f2208,contains,n1
f2208,contains,n2
f2208,contains,n3
f2209,contains,n1
f2209,contains,n2
f2209,contains,n3
f2210,contains,n1
f2210,contains,n2
f2210,contains,n3
f2211,contains,n1
f2211,contains,n2
f2211,contains,n3
f2212,contains,n1
f2212,contains,n2
f2212,contains,n3
f2213,contains,n1
f2213,contains,n2
f2213,contains,n3
f2214,contains,n1
f2214,contains,n2
f2214,contains,n3
f2215,contains,n1
f2215,contains,n2
f2215,contains,n3
f2216,contains,n1
f2216,contains,n2
f2216,contains,n3
f2217,contains,n1
f2217,contains,n2
f2217,contains,n3
f2218,contains,n1
f2218,contains,n2
f2218,contains,n3
f2219,contains,n1
f2219,contains,n2
f2219,contains,n3
f2220,contains,n1
f2220,contains,n2
f2220,contains,n3
f2221,contains,n1
f2221,contains,n2
f2221,contains,n3
f2222,contains,n1
f2222,contains,n2
f2222,contains,n3
f2223,contains,n1
f2223,contains,n2
f2223,contains,n3
f2224,contains,n1
f2224,contains,n2
f2224,contains,n3
f2225,contains,n1
f2225,contains,n2
f2225,contains,n3
f2226,contains,n1
f2226,contains,n2
f2226,contains,n3
f2227,contains,n1
f2227,contains,n2
f2227,contains,n3
f2228,contains,n1
f2228,contains,n2
f2228,contains,n3
f2229,contains,n1
f2229,contains,n2
f2229,contains,n3
f2230,contains,n1
f2230,contains,n2
f2230,contains,n3
f2231,contains,n1
f2231,contains,n2
f2231,contains,n3
f2232,contains,n1
f2232,contains,n2
f2232,contains,n3
f2233,contains,n1
f2233,contains,n2
f2233,contains,n3
f2234,contains,n1
f2234,contains,n2
f2234,contains,n3
f2235,contains,n1
f2235,contains,n2
f2235,contains,n3
f2236,contains,n1
f2236,contains,n2
f2236,contains,n3
f2237,contains,n1
f2237,contains,n2
f2237,contains,n3
f2238,contains,n1
f2238,contains,n2
f2238,contains,n3
f2239,contains,n1
f2239,contains,n2
f2239,contains,n3
f2240,contains,n1
f2240,contains,n2
f2240,contains,n3
f2241,contains,n1
f2241,contains,n2
f2241,contains,n3
f2242,contains,n1
f2242,contains,n2
f2242,contains,n3
f2243,contains,n1
f2243,contains,n2
f2243,contains,n3
f2244,contains,n1
f2244,contains,n2
f2244,contains,n3
f2245,contains,n1
f2245,contains,n2
f2245,contains,n3
f2246,contains,n1
f2246,contains,n2
f2246,contains,n3
f2247,contains,n1
f2247,contains,n2
f2247,contains,n3
f2248,contains,n1
f2248,contains,n2
f2248,contains,n3
f2249,contains,n1
f2249,contains,n2
f2249,contains,n3
f2250,contains,n1
f2250,contains,n2
f2250,contains,n3
f2251,contains,n1
f2251,contains,n2
f2251,contains,n3
f2252,contains,n1
f2252,contains,n2
f2252,contains,n3
f2253,contains,n1
f2253,contains,n2
f2253,contains,n3
f2254,contains,n1
f2254,contains,n2
f2254,contains,n3
f2255,contains,n1
f2255,contains,n2
f2255,contains,n3
f2256,contains,n1
f2256,contains,n2
f2256,contains,n3
f2257,contains,n1
f2257,contains,n2
f2257,contains,n3
f2258,contains,n1
f2258,contains,n2
f2258,contains,n3
f2259,contains,n1
f2259,contains,n2
f2259,contains,n3
f2260,contains,n1
f2260,contains,n2
f2260,contains,n3
f2261,contains,n1
f2261,contains,n2
f2261,contains,n3
f2262,contains,n1
f2262,contains,n2
f2262,contains,n3
f2263,contains,n1
f2263,contains,n2
f2263,contains,n3
f2264,contains,n1
f2264,contains,n2
f2264,contains,n3
f2265,contains,n1
f2265,contains,n2
f2265,contains,n3
f2266,contains,n1
f2266,contains,n2
f2266,contains,n3
f2267,contains,n1
f2267,contains,n2
f2267,contains,n3
f2268,contains,n1
f2268,contains,n2
f2268,contains,n3
f2269,contains,n1
f2269,contains,n2
f2269,contains,n3
f2270,contains,n1
f2270,contains,n2
f2270,contains,n3
f2271,contains,n1
f2271,contains,n2
f2271,contains,n3
f2272,contains,n1
f2272,contains,n2
f2272,contains,n3
f2273,contains,n1
f2273,contains,n2
f2273,contains,n3
f2274,contains,n1
f2274,contains,n2
f2274,contains,n3
f2275,contains,n1
f2275,contains,n2
f2275,contains,n3
f2276,contains,n1
f2276,contains,n2
f2276,contains,n3
f2277,contains,n1
f2277,contains,n2
f2277,contains,n3
f2278,contains,n1
f2278,contains,n2
f2278,contains,n3
f2279,contains,n1
f2279,contains,n2
f2279,contains,n3
f2280,contains,n1
f2280,contains,n2
f2280,contains,n3
f2281,contains,n1
f2281,contains,n2
f2281,contains,n3
f2282,contains,n1
f2282,contains,n2
f2282,contains,n3
f2283,contains,n1
f2283,contains,n2
f2283,contains,n3
f2284,contains,n1
f2284,contains,n2
f2284,contains,n3
f2285,contains,n1
f2285,contains,n2
f2285,contains,n3
f2286,contains,n1
f2286,contains,n2
f2286,contains,n3
f2287,contains,n1
f2287,contains,n2
f2287,contains,n3
f2288,contains,n1
f2288,contains,n2
f2288,contains,n3
f2289,contains,n1
f2289,contains,n2
f2289,contains,n3
f2290,contains,n1
f2290,contains,n2
f2290,contains,n3
f2291,contains,n1
f2291,contains,n2
f2291,contains,n3
f2292,contains,n1
f2292,contains,n2
f2292,contains,n3
f2293,contains,n1
f2293,contains,n2
f2293,contains,n3
f2294,contains,n1
f2294,contains,n2
f2294,contains,n3
f2295,contains,n1
f2295,contains,n2
f2295,contains,n3
f2296,contains,n1
f2296,contains,n2
f2296,contains,n3
f2297,contains,n1
f2297,contains,n2
f2297,contains,n3
f2298,contains,n1
f2298,contains,n2
f2298,contains,n3
f2299,contains,n1
f2299,contains,n2
f2299,contains,n3
f2300,contains,n1
f2300,contains,n2
f2300,contains,n3
f2301,contains,n1
f2301,contains,n2
f2301,contains,n3
f2302,contains,n1
f2302,contains,n2
f2302,contains,n3
f2303,contains,n1
f2303,contains,n2
f2303,contains,n3
f2304,contains,n1
f2304,contains,n2
f2304,contains,n3
f2305,contains,n1
f2305,contains,n2
f2305,contains,n3
f2306,contains,n1
f2306,contains,n2
f2306,contains,n3
f2307,contains,n1
f2307,contains,n2
f2307,contains,n3
f2308,contains,n1
f2308,contains,n2
f2308,contains,n3
f2309,contains,n1
f2309,contains,n2
f2309,contains,n3
f2310,contains,n1
f2310,contains,n2
f2310,contains,n3
f2311,contains,n1
f2311,contains,n2
f2311,contains,n3
f2312,contains,n1
f2312,contains,n2
f2312,contains,n3
f2313,contains,n1
f2313,contains,n2
f2313,contains,n3
f2314,contains,n1
f2314,contains,n2
f2314,contains,n3
f2315,contains,n1
f2315,contains,n2
f2315,contains,n3
f2316,contains,n1
f2316,contains,n2
f2316,contains,n3
f2317,contains,n1
f2317,contains,n2
f2317,contains,n3
f2318,contains,n1
f2318,contains,n2
f2318,contains,n3
f2319,contains,n1
f2319,contains,n2
f2319,contains,n3
f2320,contains,n1
f2320,contains,n2
f2320,contains,n3
f2321,contains,n1
f2321,contains,n2
f2321,contains,n3
f2322,contains,n1
f2322,contains,n2
f2322,contains,n3
f2323,contains,n1
f2323,contains,n2
f2323,contains,n3
f2324,contains,n1
f2324,contains,n2
f2324,contains,n3
f2325,contains,n1
f2325,contains,n2
f2325,contains,n3
f2326,contains,n1
f2326,contains,n2
f2326,contains,n3
f2327,contains,n1
f2327,contains,n2
f2327,contains,n3
f2328,contains,n1
f2328,contains,n2
f2328,contains,n3
f2329,contains,n1
f2329,contains,n2
f2329,contains,n3
f2330,contains,n1
f2330,contains,n2
f2330,contains,n3
f2331,contains,n1
f2331,contains,n2
f2331,contains,n3
f2332,contains,n1
f2332,contains,n2
f2332,contains,n3
f2333,contains,n1
f2333,contains,n2
f2333,contains,n3
f2334,contains,n1
f2334,contains,n2
f2334,contains,n3
f2335,contains,n1
f2335,contains,n2
f2335,contains,n3
f2336,contains,n1
f2336,contains,n2
f2336,contains,n3
f2337,contains,n1
f2337,contains,n2
f2337,contains,n3
f2338,contains,n1
f2338,contains,n2
f2338,contains,n3
f2339,contains,n1
f2339,contains,n2
f2339,contains,n3
f2340,contains,n1
f2340,contains,n2
f2340,contains,n3
f2341,contains,n1
f2341,contains,n2
f2341,contains,n3
f2342,contains,n1
f2342,contains,n2
f2342,contains,n3
f2343,contains,n1
f2343,contains,n2
f2343,contains,n3
f2344,contains,n1
f2344,contains,n2
f2344,contains,n3
f2345,contains,n1
f2345,contains,n2
f2345,contains,n3
f2346,contains,n1
f2346,contains,n2
f2346,contains,n3
f2347,contains,n1
f2347,contains,n2
f2347,contains,n3
f2348,contains,n1
f2348,contains,n2
f2348,contains,n3
f2349,contains,n1
f2349,contains,n2
f2349,contains,n3
f2350,contains,n1
f2350,contains,n2
f2350,contains,n3
f2351,contains,n1
f2351,contains,n2
f2351,contains,n3
f2352,contains,n1
f2352,contains,n2
f2352,contains,n3
f2353,contains,n1
f2353,contains,n2
f2353,contains,n3
f2354,contains,n1
f2354,contains,n2
f2354,contains,n3
f2355,contains,n1
f2355,contains,n2
f2355,contains,n3
f2356,contains,n1
f2356,contains,n2
f2356,contains,n3
f2357,contains,n1
f2357,contains,n2
f2357,contains,n3
f2358,contains,n1
f2358,contains,n2
f2358,contains,n3
f2359,contains,n1
f2359,contains,n2
f2359,contains,n3
f2360,contains,n1
f2360,contains,n2
f2360,contains,n3
f2361,contains,n1
f2361,contains,n2
f2361,contains,n3
f2362,contains,n1
f2362,contains,n2
f2362,contains,n3
f2363,contains,n1
f2363,contains,n2
f2363,contains,n3
f2364,contains,n1
f2364,contains,n2
f2364,contains,n3
f2365,contains,n1
f2365,contains,n2
f2365,contains,n3
f2366,contains,n1
f2366,contains,n2
f2366,contains,n3
f2367,contains,n1
f2367,contains,n2
f2367,contains,n3
f2368,contains,n1
f2368,contains,n2
f2368,contains,n3
f2369,contains,n1
f2369,contains,n2
f2369,contains,n3
f2370,contains,n1
f2370,contains,n2
f2370,contains,n3
f2371,contains,n1
f2371,contains,n2
f2371,contains,n3
f2372,contains,n1
f2372,contains,n2
f2372,contains,n3
f2373,contains,n1
f2373,contains,n2
f2373,contains,n3
f2374,contains,n1
f2374,contains,n2
f2374,contains,n3
f2375,contains,n1
f2375,contains,n2
f2375,contains,n3
f2376,contains,n1
f2376,contains,n2
f2376,contains,n3
f2377,contains,n1
f2377,contains,n2
f2377,contains,n3
f2378,contains,n1
f2378,contains,n2
f2378,contains,n3
f2379,contains,n1
f2379,contains,n2
f2379,contains,n3
f2380,contains,n1
f2380,contains,n2
f2380,contains,n3
f2381,contains,n1
f2381,contains,n2
f2381,contains,n3
f2382,contains,n1
f2382,contains,n2
f2382,contains,n3
f2383,contains,n1
f2383,contains,n2
f2383,contains,n3
f2384,contains,n1
f2384,contains,n2
f2384,contains,n3
f2385,contains,n1
f2385,contains,n2
f2385,contains,n3
f2386,contains,n1
f2386,contains,n2
f2386,contains,n3
f2387,contains,n1
f2387,contains,n2
f2387,contains,n3
f2388,contains,n1
f2388,contains,n2
f2388,contains,n3
f2389,contains,n1
f2389,contains,n2
f2389,contains,n3
f2390,contains,n1
f2390,contains,n2
f2390,contains,n3
f2391,contains,n1
f2391,contains,n2
f2391,contains,n3
f2392,contains,n1
f2392,contains,n2
f2392,contains,n3
f2393,contains,n1
f2393,contains,n2
f2393,contains,n3
f2394,contains,n1
f2394,contains,n2
f2394,contains,n3
f2395,contains,n1
f2395,contains,n2
f2395,contains,n3
f2396,contains,n1
f2396,contains,n2
f2396,contains,n3
f2397,contains,n1
f2397,contains,n2
f2397,contains,n3
f2398,contains,n1
f2398,contains,n2
f2398,contains,n3
f2399,contains,n1
f2399,contains,n2
f2399,contains,n3
f2400,contains,n1
f2400,contains,n2
f2400,contains,n3
f2401,contains,n1
f2401,contains,n2
f2401,contains,n3
f2402,contains,n1
f2402,contains,n2
f2402,contains,n3
f2403,contains,n1
f2403,contains,n2
f2403,contains,n3
f2404,contains,n1
f2404,contains,n2
f2404,contains,n3
f2405,contains,n1
f2405,contains,n2
f2405,contains,n3
f2406,contains,n1
f2406,contains,n2
f2406,contains,n3
f2407,contains,n1
f2407,contains,n2
f2407,contains,n3
f2408,contains,n1
f2408,contains,n2
f2408,contains,n3
f2409,contains,n1
f2409,contains,n2
f2409,contains,n3
f2410,contains,n1
f2410,contains,n2
f2410,contains,n3
f2411,contains,n1
f2411,contains,n2
f2411,contains,n3
f2412,contains,n1
f2412,contains,n2
f2412,contains,n3
f2413,contains,n1
f2413,contains,n2
f2413,contains,n3
f2414,contains,n1
f2414,contains,n2
f2414,contains,n3
f2415,contains,n1
f2415,contains,n2
f2415,contains,n3
f2416,contains,n1
f2416,contains,n2
f2416,contains,n3
f2417,contains,n1
f2417,contains,n2
f2417,contains,n3
f2418,contains,n1
f2418,contains,n2
f2418,contains,n3
f2419,contains,n1
f2419,contains,n2
f2419,contains,n3
f2420,contains,n1
f2420,contains,n2
f2420,contains,n3
f2421,contains,n1
f2421,contains,n2
f2421,contains,n3
f2422,contains,n1
f2422,contains,n2
f2422,contains,n3
f2423,contains,n1
f2423,contains,n2
f2423,contains,n3
f2424,contains,n1
f2424,contains,n2
f2424,contains,n3
f2425,contains,n1
f2425,contains,n2
f2425,contains,n3
f2426,contains,n1
f2426,contains,n2
f2426,contains,n3
f2427,contains,n1
f2427,contains,n2
f2427,contains,n3
f2428,contains,n1
f2428,contains,n2
f2428,contains,n3
f2429,contains,n1
f2429,contains,n2
f2429,contains,n3
f2430,contains,n1
f2430,contains,n2
f2430,contains,n3
f2431,contains,n1
f2431,contains,n2
f2431,contains,n3
f2432,contains,n1
f2432,contains,n2
f2432,contains,n3
f2433,contains,n1
f2433,contains,n2
f2433,contains,n3
f2434,contains,n1
f2434,contains,n2
f2434,contains,n3
f2435,contains,n1
f2435,contains,n2
f2435,contains,n3
f2436,contains,n1
f2436,contains,n2
f2436,contains,n3
f2437,contains,n1
f2437,contains,n2
f2437,contains,n3
f2438,contains,n1
f2438,contains,n2
f2438,contains,n3
f2439,contains,n1
f2439,contains,n2
f2439,contains,n3
f2440,contains,n1
f2440,contains,n2
f2440,contains,n3
f2441,contains,n1
f2441,contains,n2
f2441,contains,n3
f2442,contains,n1
f2442,contains,n2
f2442,contains,n3
f2443,contains,n1
f2443,contains,n2
f2443,contains,n3
f2444,contains,n1
f2444,contains,n2
f2444,contains,n3
f2445,contains,n1
f2445,contains,n2
f2445,contains,n3
f2446,contains,n1
f2446,contains,n2
f2446,contains,n3
f2447,contains,n1
f2447,contains,n2
f2447,contains,n3
f2448,contains,n1
f2448,contains,n2
f2448,contains,n3
f2449,contains,n1
f2449,contains,n2
f2449,contains,n3
f2450,contains,n1
f2450,contains,n2
f2450,contains,n3
f2451,contains,n1
f2451,contains,n2
f2451,contains,n3
f2452,contains,n1
f2452,contains,n2
f2452,contains,n3
f2453,contains,n1
f2453,contains,n2
f2453,contains,n3
f2454,contains,n1
f2454,contains,n2
f2454,contains,n3
f2455,contains,n1
f2455,contains,n2
f2455,contains,n3
f2456,contains,n1
f2456,contains,n2
f2456,contains,n3
f2457,contains,n1
f2457,contains,n2
f2457,contains,n3
f2458,contains,n1
f2458,contains,n2
f2458,contains,n3
f2459,contains,n1
f2459,contains,n2
f2459,contains,n3
f2460,contains,n1
f2460,contains,n2
f2460,contains,n3
f2461,contains,n1
f2461,contains,n2
f2461,contains,n3
f2462,contains,n1
f2462,contains,n2
f2462,contains,n3
f2463,contains,n1
f2463,contains,n2
f2463,contains,n3
f2464,contains,n1
f2464,contains,n2
f2464,contains,n3
f2465,contains,n1
f2465,contains,n2
f2465,contains,n3
f2466,contains,n1
f2466,contains,n2
f2466,contains,n3
f2467,contains,n1
f2467,contains,n2
f2467,contains,n3
f2468,contains,n1
f2468,contains,n2
f2468,contains,n3
f2469,contains,n1
f2469,contains,n2
f2469,contains,n3
f2470,contains,n1
f2470,contains,n2
f2470,contains,n3
f2471,contains,n1
f2471,contains,n2
f2471,contains,n3
f2472,contains,n1
f2472,contains,n2
f2472,contains,n3
f2473,contains,n1
f2473,contains,n2
f2473,contains,n3
f2474,contains,n1
f2474,contains,n2
f2474,contains,n3
f2475,contains,n1
f2475,contains,n2
f2475,contains,n3
f2476,contains,n1
f2476,contains,n2
f2476,contains,n3
f2477,contains,n1
f2477,contains,n2
f2477,contains,n3
f2478,contains,n1
f2478,contains,n2
f2478,contains,n3
f2479,contains,n1
f2479,contains,n2
f2479,contains,n3
f2480,contains,n1
f2480,contains,n2
f2480,contains,n3
f2481,contains,n1
f2481,contains,n2
f2481,contains,n3
f2482,contains,n1
f2482,contains,n2
f2482,contains,n3
f2483,contains,n1
f2483,contains,n2
f2483,contains,n3
f2484,contains,n1
f2484,contains,n2
f2484,contains,n3
f2485,contains,n1
f2485,contains,n2
f2485,contains,n3
f2486,contains,n1
f2486,contains,n2
f2486,contains,n3
f2487,contains,n1
f2487,contains,n2
f2487,contains,n3
f2488,contains,n1
f2488,contains,n2
f2488,contains,n3
f2489,contains,n1
f2489,contains,n2
f2489,contains,n3
f2490,contains,n1
f2490,contains,n2
f2490,contains,n3
f2491,contains,n1
f2491,contains,n2
f2491,contains,n3
f2492,contains,n1
f2492,contains,n2
f2492,contains,n3
f2493,contains,n1
f2493,contains,n2
f2493,contains,n3
f2494,contains,n1
f2494,contains,n2
f2494,contains,n3
f2495,contains,n1
f2495,contains,n2
f2495,contains,n3
f2496,contains,n1
f2496,contains,n2
f2496,contains,n3
f2497,contains,n1
f2497,contains,n2
f2497,contains,n3
f2498,contains,n1
f2498,contains,n2
f2498,contains,n3
f2499,contains,n1
f2499,contains,n2
f2499,contains,n3
f2500,contains,n1
f2500,contains,n2
f2500,contains,n3
f0001,raises,Low_GI
f0002,raises,Medium_GI
f0003,raises,Low_GI
f0004,raises,Medium_GI
f0005,raises,Medium_GI
f0006,raises,Medium_GI
f0007,raises,Medium_GI
f0008,raises,Medium_GI
f0009,raises,High_GI
f0010,raises,Medium_GI
f0011,raises,Medium_GI
f0012,raises,Medium_GI
f0013,raises,Medium_GI
f0014,raises,Low_GI
f0015,raises,Low_GI
f0016,raises,Low_GI
f0017,raises,Medium_GI
f0018,raises,Low_GI
f0019,raises,Low_GI
f0020,raises,Medium_GI
f0021,raises,Medium_GI
f0022,raises,Low_GI
f0023,raises,Medium_GI
f0024,raises,Medium_GI
f0025,raises,Medium_GI
f0026,raises,Medium_GI
f0027,raises,Medium_GI
f0028,raises,Medium_GI
f0029,raises,Medium_GI
f0030,raises,Medium_GI
f0031,raises,Low_GI
f0032,raises,Medium_GI
f0033,raises,Medium_GI
f0034,raises,Low_GI
f0035,raises,Medium_GI
f0036,raises,Low_GI
f0037,raises,Medium_GI
f0038,raises,Low_GI
f0039,raises,Medium_GI
f0040,raises,Low_GI
f0041,raises,Medium_GI
f0042,raises,Low_GI
f0043,raises,Low_GI
f0044,raises,Medium_GI
f0045,raises,Medium_GI
f0046,raises,Medium_GI
f0047,raises,Low_GI
f0048,raises,Low_GI
f0049,raises,Medium_GI
f0050,raises,Medium_GI
f0051,raises,Medium_GI
f0052,raises,Medium_GI
f0053,raises,Medium_GI
f0054,raises,Low_GI
f0055,raises,Low_GI
f0056,raises,Medium_GI
f0057,raises,Medium_GI
f0058,raises,Medium_GI
f0059,raises,Low_GI
f0060,raises,Low_GI
f0061,raises,Medium_GI
f0062,raises,Low_GI
f0063,raises,Medium_GI
f0064,raises,Medium_GI
f0065,raises,High_GI
f0066,raises,Medium_GI
f0067,raises,Medium_GI
f0068,raises,Medium_GI
f0069,raises,Low_GI
f0070,raises,Low_GI
f0071,raises,Medium_GI
f0072,raises,Medium_GI
f0073,raises,Low_GI
f0074,raises,Low_GI
f0075,raises,Low_GI
f0076,raises,Low_GI
f0077,raises,Medium_GI
f0078,raises,Low_GI
f0079,raises,Medium_GI
f0080,raises,Medium_GI
f0081,raises,Medium_GI
f0082,raises,Medium_GI
f0083,raises,Low_GI
f0084,raises,Low_GI
f0085,raises,Low_GI
f0086,raises,Medium_GI
f0087,raises,Medium_GI
f0088,raises,Low_GI
f0089,raises,Low_GI
f0090,raises,Medium_GI
f0091,raises,Low_GI
f0092,raises,Medium_GI
f0093,raises,Medium_GI
f0094,raises,Low_GI
f0095,raises,Medium_GI
f0096,raises,Medium_GI
f0097,raises,Medium_GI
f0098,raises,Low_GI
f0099,raises,Low_GI
f0100,raises,Low_GI
f0101,raises,Low_GI
f0102,raises,Medium_GI
f0103,raises,Medium_GI
f0104,raises,Medium_GI
f0105,raises,Medium_GI
f0106,raises,Medium_GI
f0107,raises,Medium_GI
f0108,raises,Medium_GI
f0109,raises,Medium_GI
f0110,raises,Medium_GI
f0111,raises,Medium_GI
f0112,raises,Medium_GI
f0113,raises,Medium_GI
f0114,raises,Low_GI
f0115,raises,Low_GI
f0116,raises,Medium_GI
f0117,raises,Low_GI
f0118,raises,Low_GI
f0119,raises,Medium_GI
f0120,raises,Medium_GI
f0121,raises,Medium_GI
f0122,raises,Medium_GI
f0123,raises,Medium_GI
f0124,raises,Low_GI
f0125,raises,Low_GI
f0126,raises,Low_GI
f0127,raises,Low_GI
f0128,raises,High_GI
f0129,raises,Medium_GI
f0130,raises,Medium_GI
f0131,raises,Medium_GI
f0132,raises,Medium_GI
f0133,raises,Medium_GI
f0134,raises,Low_GI
f0135,raises,Low_GI
f0136,raises,Medium_GI
f0137,raises,Medium_GI
f0138,raises,Low_GI
f0139,raises,Low_GI
f0140,raises,Low_GI
f0141,raises,Low_GI
f0142,raises,Low_GI
f0143,raises,Low_GI
f0144,raises,Low_GI
f0145,raises,Medium_GI
f0146,raises,Medium_GI
f0147,raises,Medium_GI
f0148,raises,Low_GI
f0149,raises,Medium_GI
f0150,raises,Medium_GI
f0151,raises,Medium_GI
f0152,raises,Medium_GI
f0153,raises,Medium_GI
f0154,raises,Low_GI
f0155,raises,Medium_GI
f0156,raises,Medium_GI
f0157,raises,High_GI
f0158,raises,Medium_GI
f0159,raises,Medium_GI
f0160,raises,Medium_GI
f0161,raises,Medium_GI
f0162,raises,Low_GI
f0163,raises,Low_GI
f0164,raises,Medium_GI
f0165,raises,Medium_GI
f0166,raises,Low_GI
f0167,raises,Low_GI
f0168,raises,Low_GI
f0169,raises,Low_GI
f0170,raises,Medium_GI
f0171,raises,Low_GI
f0172,raises,Medium_GI
f0173,raises,Low_GI
f0174,raises,Low_GI
f0175,raises,Medium_GI
f0176,raises,Medium_GI
f0177,raises,Low_GI
f0178,raises,Low_GI
f0179,raises,Medium_GI
f0180,raises,Medium_GI
f0181,raises,Medium_GI
f0182,raises,Low_GI
f0183,raises,Low_GI
f0184,raises,Low_GI
f0185,raises,Medium_GI
f0186,raises,Medium_GI
f0187,raises,Medium_GI
f0188,raises,Low_GI
f0189,raises,Medium_GI
f0190,raises,Low_GI
f0191,raises,Low_GI
f0192,raises,Low_GI
f0193,raises,Low_GI
f0194,raises,Low_GI
f0195,raises,Medium_GI
f0196,raises,Low_GI
f0197,raises,Medium_GI
f0198,raises,Medium_GI
f0199,raises,Low_GI
f0200,raises,Medium_GI
f0201,raises,Medium_GI
f0202,raises,Low_GI
f0203,raises,Medium_GI
f0204,raises,Low_GI
f0205,raises,Medium_GI
f0206,raises,Low_GI
f0207,raises,Medium_GI
f0208,raises,Medium_GI
f0209,raises,Low_GI
f0210,raises,Low_GI
f0211,raises,Medium_GI
f0212,raises,Medium_GI
f0213,raises,Medium_GI
f0214,raises,Low_GI
f0215,raises,Medium_GI
f0216,raises,Low_GI
f0217,raises,Medium_GI
f0218,raises,High_GI
f0219,raises,Medium_GI
f0220,raises,Medium_GI
f0221,raises,Medium_GI
f0222,raises,Low_GI
f0223,raises,Medium_GI
f0224,raises,Medium_GI
f0225,raises,Low_GI
f0226,raises,High_GI
f0227,raises,Medium_GI
f0228,raises,Medium_GI
f0229,raises,Low_GI
f0230,raises,Medium_GI
f0231,raises,Low_GI
f0232,raises,Low_GI
f0233,raises,Medium_GI
f0234,raises,High_GI
f0235,raises,Medium_GI
f0236,raises,Low_GI
f0237,raises,Low_GI
f0238,raises,Medium_GI
f0239,raises,Medium_GI
f0240,raises,Medium_GI
f0241,raises,Low_GI
f0242,raises,Medium_GI
f0243,raises,Medium_GI
f0244,raises,Medium_GI
f0245,raises,Medium_GI
f0246,raises,Medium_GI
f0247,raises,Medium_GI
f0248,raises,Medium_GI
f0249,raises,Medium_GI
f0250,raises,Low_GI
f0251,raises,Low_GI
f0252,raises,Low_GI
f0253,raises,Low_GI
f0254,raises,Low_GI
f0255,raises,Low_GI
f0256,raises,Medium_GI
f0257,raises,Medium_GI
f0258,raises,Low_GI
f0259,raises,Low_GI
f0260,raises,Low_GI
f0261,raises,Low_GI
f0262,raises,Low_GI
f0263,raises,Medium_GI
f0264,raises,Medium_GI
f0265,raises,Medium_GI
f0266,raises,Medium_GI
f0267,raises,Medium_GI
f0268,raises,Medium_GI
f0269,raises,Low_GI
f0270,raises,High_GI
f0271,raises,High_GI
f0272,raises,Low_GI
f0273,raises,Medium_GI
f0274,raises,Low_GI
f0275,raises,Medium_GI
f0276,raises,Low_GI
f0277,raises,Low_GI
f0278,raises,Medium_GI
f0279,raises,Low_GI
f0280,raises,Medium_GI
f0281,raises,Low_GI
f0282,raises,Low_GI
f0283,raises,Low_GI
f0284,raises,Medium_GI
f0285,raises,Medium_GI
f0286,raises,Medium_GI
f0287,raises,Low_GI
f0288,raises,Medium_GI
f0289,raises,High_GI
f0290,raises,Medium_GI
f0291,raises,Medium_GI
f0292,raises,Medium_GI
f0293,raises,Medium_GI
f0294,raises,Low_GI
f0295,raises,Medium_GI
f0296,raises,Medium_GI
f0297,raises,Low_GI
f0298,raises,Low_GI
f0299,raises,Low_GI
f0300,raises,Low_GI
f0301,raises,Low_GI
f0302,raises,Medium_GI
f0303,raises,Medium_GI
f0304,raises,Low_GI
f0305,raises,Medium_GI
f0306,raises,Low_GI
f0307,raises,Medium_GI
f0308,raises,Low_GI
f0309,raises,Medium_GI
f0310,raises,Medium_GI
f0311,raises,Low_GI
f0312,raises,Low_GI
f0313,raises,Low_GI
f0314,raises,Medium_GI
f0315,raises,Medium_GI
f0316,raises,Medium_GI
f0317,raises,Medium_GI
f0318,raises,Low_GI
f0319,raises,Medium_GI
f0320,raises,Low_GI
f0321,raises,Medium_GI
f0322,raises,Medium_GI
f0323,raises,Medium_GI
f0324,raises,Medium_GI
f0325,raises,Low_GI
f0326,raises,Medium_GI
f0327,raises,Medium_GI
f0328,raises,Medium_GI
f0329,raises,Medium_GI
f0330,raises,Medium_GI
f0331,raises,Medium_GI
f0332,raises,Medium_GI
f0333,raises,Low_GI
f0334,raises,Medium_GI
f0335,raises,Medium_GI
f0336,raises,High_GI
f0337,raises,Low_GI
f0338,raises,Low_GI
f0339,raises,Low_GI
f0340,raises,Low_GI
f0341,raises,Low_GI
f0342,raises,Low_GI
f0343,raises,Low_GI
f0344,raises,Low_GI
f0345,raises,Medium_GI
f0346,raises,Medium_GI
f0347,raises,Medium_GI
f0348,raises,Low_GI
f0349,raises,Medium_GI
f0350,raises,Medium_GI
f0351,raises,Medium_GI
f0352,raises,Low_GI
f0353,raises,Low_GI
f0354,raises,Medium_GI
f0355,raises,Low_GI
f0356,raises,Medium_GI
f0357,raises,Low_GI
f0358,raises,Medium_GI
f0359,raises,Medium_GI
f0360,raises,Medium_GI
f0361,raises,Medium_GI
f0362,raises,Medium_GI
f0363,raises,Medium_GI
f0364,raises,Low_GI
f0365,raises,Low_GI
f0366,raises,Low_GI
f0367,raises,Medium_GI
f0368,raises,Low_GI
f0369,raises,Medium_GI
f0370,raises,Low_GI
f0371,raises,Low_GI
f0372,raises,Low_GI
f0373,raises,Medium_GI
f0374,raises,Low_GI
f0375,raises,Low_GI
f0376,raises,Low_GI
f0377,raises,Medium_GI
f0378,raises,Medium_GI
f0379,raises,Low_GI
f0380,raises,Low_GI
f0381,raises,Low_GI
f0382,raises,Medium_GI
f0383,raises,Medium_GI
f0384,raises,Medium_GI
f0385,raises,Medium_GI
f0386,raises,Low_GI
f0387,raises,Medium_GI
f0388,raises,Medium_GI
f0389,raises,Medium_GI
f0390,raises,Medium_GI
f0391,raises,Medium_GI
f0392,raises,Medium_GI
f0393,raises,Low_GI
f0394,raises,Medium_GI
f0395,raises,Low_GI
f0396,raises,High_GI
f0397,raises,Low_GI
f0398,raises,Low_GI
f0399,raises,Low_GI
f0400,raises,Low_GI
f0401,raises,Low_GI
f0402,raises,Low_GI
f0403,raises,Low_GI
f0404,raises,Medium_GI
f0405,raises,Medium_GI
f0406,raises,Medium_GI
f0407,raises,Low_GI
f0408,raises,Low_GI
f0409,raises,Medium_GI
f0410,raises,Low_GI
f0411,raises,Medium_GI
f0412,raises,Medium_GI
f0413,raises,Medium_GI
f0414,raises,Low_GI
f0415,raises,Medium_GI
f0416,raises,Medium_GI
f0417,raises,Medium_GI
f0418,raises,Medium_GI
f0419,raises,Medium_GI
f0420,raises,Medium_GI
f0421,raises,Low_GI
f0422,raises,Medium_GI
f0423,raises,Low_GI
f0424,raises,Medium_GI
f0425,raises,Low_GI
f0426,raises,Low_GI
f0427,raises,Medium_GI
f0428,raises,Medium_GI
f0429,raises,Low_GI
f0430,raises,Low_GI
f0431,raises,Low_GI
f0432,raises,Low_GI
f0433,raises,Low_GI
f0434,raises,Medium_GI
f0435,raises,Low_GI
f0436,raises,Medium_GI
f0437,raises,High_GI
f0438,raises,Low_GI
f0439,raises,Medium_GI
f0440,raises,Medium_GI
f0441,raises,Low_GI
f0442,raises,Low_GI
f0443,raises,Medium_GI
f0444,raises,Low_GI
f0445,raises,Medium_GI
f0446,raises,Medium_GI
f0447,raises,Medium_GI
f0448,raises,Medium_GI
f0449,raises,Medium_GI
f0450,raises,Low_GI
f0451,raises,Medium_GI
f0452,raises,Low_GI
f0453,raises,Medium_GI
f0454,raises,Low_GI
f0455,raises,Low_GI
f0456,raises,Medium_GI
f0457,raises,Medium_GI
f0458,raises,Medium_GI
f0459,raises,Medium_GI
f0460,raises,Medium_GI
f0461,raises,Low_GI
f0462,raises,Medium_GI
f0463,raises,Medium_GI
f0464,raises,Medium_GI
f0465,raises,Low_GI
f0466,raises,High_GI
f0467,raises,Medium_GI
f0468,raises,Medium_GI
f0469,raises,Medium_GI
f0470,raises,Medium_GI
f0471,raises,Medium_GI
f0472,raises,Medium_GI
f0473,raises,Medium_GI
f0474,raises,Medium_GI
f0475,raises,Medium_GI
f0476,raises,Low_GI
f0477,raises,Medium_GI
f0478,raises,Low_GI
f0479,raises,Medium_GI
f0480,raises,High_GI
f0481,raises,Low_GI
f0482,raises,Low_GI
f0483,raises,Low_GI
f0484,raises,Low_GI
f0485,raises,Medium_GI
f0486,raises,Medium_GI
f0487,raises,Medium_GI
f0488,raises,Low_GI
f0489,raises,High_GI
f0490,raises,Medium_GI
f0491,raises,Medium_GI
f0492,raises,Low_GI
f0493,raises,Medium_GI
f0494,raises,Low_GI
f0495,raises,Medium_GI
f0496,raises,Low_GI
f0497,raises,Medium_GI
f0498,raises,Medium_GI
f0499,raises,Medium_GI
f0500,raises,Medium_GI
f0501,raises,Low_GI
f0502,raises,Medium_GI
f0503,raises,Medium_GI
f0504,raises,Medium_GI
f0505,raises,Medium_GI
f0506,raises,Low_GI
f0507,raises,Medium_GI
f0508,raises,Medium_GI
f0509,raises,Low_GI
f0510,raises,Medium_GI
f0511,raises,Low_GI
f0512,raises,High_GI
f0513,raises,Medium_GI
f0514,raises,Medium_GI
f0515,raises,Medium_GI
f0516,raises,Low_GI
f0517,raises,Medium_GI
f0518,raises,Medium_GI
f0519,raises,Low_GI
f0520,raises,Medium_GI
f0521,raises,Medium_GI
f0522,raises,Low_GI
f0523,raises,Medium_GI
f0524,raises,High_GI
f0525,raises,Low_GI
f0526,raises,Medium_GI
f0527,raises,Medium_GI
f0528,raises,Low_GI
f0529,raises,Low_GI
f0530,raises,Medium_GI
f0531,raises,Low_GI
f0532,raises,Low_GI
f0533,raises,Medium_GI
f0534,raises,Low_GI
f0535,raises,Low_GI
f0536,raises,Medium_GI
f0537,raises,Low_GI
f0538,raises,Low_GI
f0539,raises,Low_GI
f0540,raises,Medium_GI
f0541,raises,Low_GI
f0542,raises,Medium_GI
f0543,raises,Low_GI
f0544,raises,Medium_GI
f0545,raises,Medium_GI
f0546,raises,Low_GI
f0547,raises,Low_GI
f0548,raises,Low_GI
f0549,raises,Medium_GI
f0550,raises,Medium_GI
f0551,raises,Medium_GI
f0552,raises,Low_GI
f0553,raises,Medium_GI
f0554,raises,Medium_GI
f0555,raises,Medium_GI
f0556,raises,Low_GI
f0557,raises,Medium_GI
f0558,raises,Medium_GI
f0559,raises,Low_GI
f0560,raises,Low_GI
f0561,raises,Low_GI
f0562,raises,Low_GI
f0563,raises,Medium_GI
f0564,raises,Medium_GI
f0565,raises,Low_GI
f0566,raises,Medium_GI
f0567,raises,Low_GI
f0568,raises,Medium_GI
f0569,raises,Medium_GI
f0570,raises,Low_GI
f0571,raises,Medium_GI
f0572,raises,Medium_GI
f0573,raises,High_GI
f0574,raises,Medium_GI
f0575,raises,Medium_GI
f0576,raises,Low_GI
f0577,raises,Medium_GI
f0578,raises,Low_GI
f0579,raises,Low_GI
f0580,raises,Medium_GI
f0581,raises,Medium_GI
f0582,raises,Medium_GI
f0583,raises,Low_GI
f0584,raises,Medium_GI
f0585,raises,Low_GI
f0586,raises,Medium_GI
f0587,raises,Medium_GI
f0588,raises,Low_GI
f0589,raises,Medium_GI
f0590,raises,Medium_GI
f0591,raises,Low_GI
f0592,raises,Low_GI
f0593,raises,Low_GI
f0594,raises,Medium_GI
f0595,raises,Medium_GI
f0596,raises,Medium_GI
f0597,raises,Medium_GI
f0598,raises,Low_GI
f0599,raises,Low_GI
f0600,raises,Medium_GI
f0601,raises,Low_GI
f0602,raises,Low_GI
f0603,raises,Medium_GI
f0604,raises,Low_GI
f0605,raises,Medium_GI
f0606,raises,Medium_GI
f0607,raises,Low_GI
f0608,raises,Low_GI
f0609,raises,Low_GI
f0610,raises,Medium_GI
f0611,raises,Medium_GI
f0612,raises,Low_GI
f0613,raises,Low_GI
f0614,raises,Medium_GI
f0615,raises,Medium_GI
f0616,raises,Medium_GI
f0617,raises,Low_GI
f0618,raises,Medium_GI
f0619,raises,Low_GI
f0620,raises,Low_GI
f0621,raises,Low_GI
f0622,raises,Low_GI
f0623,raises,Medium_GI
f0624,raises,Medium_GI
f0625,raises,Medium_GI
f0626,raises,Low_GI
f0627,raises,Medium_GI
f0628,raises,Low_GI
f0629,raises,Low_GI
f0630,raises,Low_GI
f0631,raises,Medium_GI
f0632,raises,Medium_GI
f0633,raises,Low_GI
f0634,raises,Low_GI
f0635,raises,High_GI
f0636,raises,Low_GI
f0637,raises,Low_GI
f0638,raises,Low_GI
f0639,raises,Medium_GI
f0640,raises,Low_GI
f0641,raises,Medium_GI
f0642,raises,Medium_GI
f0643,raises,Low_GI
f0644,raises,Medium_GI
f0645,raises,Low_GI
f0646,raises,Medium_GI
f0647,raises,Medium_GI
f0648,raises,Low_GI
f0649,raises,Medium_GI
f0650,raises,Medium_GI
f0651,raises,Low_GI
f0652,raises,Medium_GI
f0653,raises,Medium_GI
f0654,raises,Medium_GI
f0655,raises,Low_GI
f0656,raises,Medium_GI
f0657,raises,Low_GI
f0658,raises,Medium_GI
f0659,raises,Low_GI
f0660,raises,Medium_GI
f0661,raises,Medium_GI
f0662,raises,Medium_GI
f0663,raises,Medium_GI
f0664,raises,Low_GI
f0665,raises,Low_GI
f0666,raises,Medium_GI
f0667,raises,Medium_GI
f0668,raises,Medium_GI
f0669,raises,Low_GI
f0670,raises,Medium_GI
f0671,raises,Low_GI
f0672,raises,Medium_GI
f0673,raises,Medium_GI
f0674,raises,Low_GI
f0675,raises,Low_GI
f0676,raises,Medium_GI
f0677,raises,Low_GI
f0678,raises,Medium_GI
f0679,raises,Low_GI
f0680,raises,Medium_GI
f0681,raises,Medium_GI
f0682,raises,Medium_GI
f0683,raises,Medium_GI
f0684,raises,Medium_GI
f0685,raises,Low_GI
f0686,raises,Medium_GI
f0687,raises,Low_GI
f0688,raises,Low_GI
f0689,raises,Medium_GI
f0690,raises,Medium_GI
f0691,raises,Low_GI
f0692,raises,Medium_GI
f0693,raises,Medium_GI
f0694,raises,Low_GI
f0695,raises,Low_GI
f0696,raises,Low_GI
f0697,raises,Medium_GI
f0698,raises,Medium_GI
f0699,raises,Medium_GI
f0700,raises,Low_GI
f0701,raises,Medium_GI
f0702,raises,Medium_GI
f0703,raises,Medium_GI
f0704,raises,Low_GI
f0705,raises,Medium_GI
f0706,raises,Low_GI
f0707,raises,Medium_GI
f0708,raises,Low_GI
f0709,raises,Medium_GI
f0710,raises,Low_GI
f0711,raises,Medium_GI
f0712,raises,Medium_GI
f0713,raises,Low_GI
f0714,raises,Medium_GI
f0715,raises,Low_GI
f0716,raises,Medium_GI
f0717,raises,Medium_GI
f0718,raises,Medium_GI
f0719,raises,Medium_GI
f0720,raises,Low_GI
f0721,raises,Medium_GI
f0722,raises,Low_GI
f0723,raises,Medium_GI
f0724,raises,Medium_GI
f0725,raises,Medium_GI
f0726,raises,Low_GI
f0727,raises,High_GI
f0728,raises,Low_GI
f0729,raises,Medium_GI
f0730,raises,Medium_GI
f0731,raises,Low_GI
f0732,raises,Low_GI
f0733,raises,Medium_GI
f0734,raises,Medium_GI
f0735,raises,Medium_GI
f0736,raises,Medium_GI
f0737,raises,Medium_GI
f0738,raises,Medium_GI
f0739,raises,Low_GI
f0740,raises,Low_GI
f0741,raises,Medium_GI
f0742,raises,Medium_GI
f0743,raises,Medium_GI
f0744,raises,Medium_GI
f0745,raises,Medium_GI
f0746,raises,Medium_GI
f0747,raises,Medium_GI
f0748,raises,Low_GI
f0749,raises,Low_GI
f0750,raises,Medium_GI
f0751,raises,Medium_GI
f0752,raises,Low_GI
f0753,raises,Medium_GI
f0754,raises,Medium_GI
f0755,raises,Medium_GI
f0756,raises,Medium_GI
f0757,raises,Medium_GI
f0758,raises,Medium_GI
f0759,raises,Low_GI
f0760,raises,Medium_GI
f0761,raises,Medium_GI
f0762,raises,Low_GI
f0763,raises,Medium_GI
f0764,raises,Medium_GI
f0765,raises,Medium_GI
f0766,raises,Medium_GI
f0767,raises,Medium_GI
f0768,raises,Medium_GI
f0769,raises,Medium_GI
f0770,raises,Low_GI
f0771,raises,Low_GI
f0772,raises,Medium_GI
f0773,raises,Medium_GI
f0774,raises,Low_GI
f0775,raises,Low_GI
f0776,raises,Medium_GI
f0777,raises,Medium_GI
f0778,raises,Medium_GI
f0779,raises,Medium_GI
f0780,raises,Medium_GI
f0781,raises,Low_GI
f0782,raises,Medium_GI
f0783,raises,Medium_GI
f0784,raises,Low_GI
f0785,raises,Medium_GI
f0786,raises,Medium_GI
f0787,raises,Low_GI
f0788,raises,Low_GI
f0789,raises,Medium_GI
f0790,raises,Low_GI
f0791,raises,Low_GI
f0792,raises,Low_GI
f0793,raises,Medium_GI
f0794,raises,Medium_GI
f0795,raises,Low_GI
f0796,raises,Medium_GI
f0797,raises,Medium_GI
f0798,raises,Medium_GI
f0799,raises,Medium_GI
f0800,raises,Low_GI
f0801,raises,Medium_GI
f0802,raises,Low_GI
f0803,raises,Low_GI
f0804,raises,Low_GI
f0805,raises,Medium_GI
f0806,raises,Medium_GI
f0807,raises,Low_GI
f0808,raises,Medium_GI
f0809,raises,Low_GI
f0810,raises,Medium_GI
f0811,raises,Medium_GI
f0812,raises,Low_GI
f0813,raises,Low_GI
f0814,raises,Medium_GI
f0815,raises,Medium_GI
f0816,raises,Medium_GI
f0817,raises,Medium_GI
f0818,raises,Low_GI
f0819,raises,Low_GI
f0820,raises,Low_GI
f0821,raises,Low_GI
f0822,raises,Medium_GI
f0823,raises,Medium_GI
f0824,raises,Medium_GI
f0825,raises,Medium_GI
f0826,raises,High_GI
f0827,raises,Medium_GI
f0828,raises,Medium_GI
f0829,raises,Medium_GI
f0830,raises,Medium_GI
f0831,raises,Medium_GI
f0832,raises,Low_GI
f0833,raises,Medium_GI
f0834,raises,Medium_GI
f0835,raises,Low_GI
f0836,raises,Medium_GI
f0837,raises,High_GI
f0838,raises,Medium_GI
f0839,raises,Medium_GI
f0840,raises,Medium_GI
f0841,raises,Medium_GI
f0842,raises,Medium_GI
f0843,raises,Medium_GI
f0844,raises,Medium_GI
f0845,raises,Low_GI
f0846,raises,High_GI
f0847,raises,Medium_GI
f0848,raises,Medium_GI
f0849,raises,Medium_GI
f0850,raises,Medium_GI
f0851,raises,Low_GI
f0852,raises,Low_GI
f0853,raises,Medium_GI
f0854,raises,Medium_GI
f0855,raises,Medium_GI
f0856,raises,Medium_GI
f0857,raises,Medium_GI
f0858,raises,Medium_GI
f0859,raises,Medium_GI
f0860,raises,Medium_GI
f0861,raises,Medium_GI
f0862,raises,Low_GI
f0863,raises,Medium_GI
f0864,raises,Low_GI
f0865,raises,Medium_GI
f0866,raises,Low_GI
f0867,raises,Medium_GI
f0868,raises,Low_GI
f0869,raises,Low_GI
f0870,raises,Medium_GI
f0871,raises,Medium_GI
f0872,raises,Medium_GI
f0873,raises,Medium_GI
f0874,raises,Low_GI
f0875,raises,Low_GI
f0876,raises,Medium_GI
f0877,raises,Medium_GI
f0878,raises,Low_GI
f0879,raises,Medium_GI
f0880,raises,Medium_GI
f0881,raises,Medium_GI
f0882,raises,Low_GI
f0883,raises,Low_GI
f0884,raises,Medium_GI
f0885,raises,Medium_GI
f0886,raises,Low_GI
f0887,raises,Low_GI
f0888,raises,Low_GI
f0889,raises,Low_GI
f0890,raises,Low_GI
f0891,raises,Medium_GI
f0892,raises,Low_GI
f0893,raises,Low_GI
f0894,raises,Low_GI
f0895,raises,High_GI
f0896,raises,Medium_GI
f0897,raises,Low_GI
f0898,raises,Medium_GI
f0899,raises,Medium_GI
f0900,raises,Low_GI
f0901,raises,Low_GI
f0902,raises,Medium_GI
f0903,raises,Medium_GI
f0904,raises,Medium_GI
f0905,raises,Low_GI
f0906,raises,Medium_GI
f0907,raises,Medium_GI
f0908,raises,Medium_GI
f0909,raises,Low_GI
f0910,raises,Low_GI
f0911,raises,Medium_GI
f0912,raises,Medium_GI
f0913,raises,Medium_GI
f0914,raises,Low_GI
f0915,raises,Low_GI
f0916,raises,Medium_GI
f0917,raises,Medium_GI
f0918,raises,Low_GI
f0919,raises,Low_GI
f0920,raises,High_GI
f0921,raises,Low_GI
f0922,raises,Medium_GI
f0923,raises,Medium_GI
f0924,raises,Low_GI
f0925,raises,Medium_GI
f0926,raises,Low_GI
f0927,raises,Medium_GI
f0928,raises,Low_GI
f0929,raises,Low_GI
f0930,raises,Medium_GI
f0931,raises,Medium_GI
f0932,raises,Medium_GI
f0933,raises,Low_GI
f0934,raises,Low_GI
f0935,raises,Medium_GI
f0936,raises,Low_GI
f0937,raises,Low_GI
f0938,raises,Low_GI
f0939,raises,Medium_GI
f0940,raises,Medium_GI
f0941,raises,Medium_GI
f0942,raises,Medium_GI
f0943,raises,Low_GI
f0944,raises,Low_GI
f0945,raises,Medium_GI
f0946,raises,Low_GI
f0947,raises,Medium_GI
f0948,raises,Medium_GI
f0949,raises,Medium_GI
f0950,raises,Low_GI
f0951,raises,Medium_GI
f0952,raises,Low_GI
f0953,raises,Medium_GI
f0954,raises,Medium_GI
f0955,raises,High_GI
f0956,raises,Low_GI
f0957,raises,Low_GI
f0958,raises,Medium_GI
f0959,raises,Low_GI
f0960,raises,Medium_GI
f0961,raises,Medium_GI
f0962,raises,Medium_GI
f0963,raises,High_GI
f0964,raises,Low_GI
f0965,raises,Medium_GI
f0966,raises,Medium_GI
f0967,raises,Low_GI
f0968,raises,Medium_GI
f0969,raises,Medium_GI
f0970,raises,Low_GI
f0971,raises,Medium_GI
f0972,raises,Low_GI
f0973,raises,Low_GI
f0974,raises,Medium_GI
f0975,raises,Medium_GI
f0976,raises,Medium_GI
f0977,raises,Medium_GI
f0978,raises,Low_GI
f0979,raises,Medium_GI
f0980,raises,Medium_GI
f0981,raises,Medium_GI
f0982,raises,Medium_GI
f0983,raises,Low_GI
f0984,raises,Medium_GI
f0985,raises,Medium_GI
f0986,raises,Medium_GI
f0987,raises,Medium_GI
f0988,raises,Low_GI
f0989,raises,Low_GI
f0990,raises,Low_GI
f0991,raises,Low_GI
f0992,raises,Low_GI
f0993,raises,Medium_GI
f0994,raises,Low_GI
f0995,raises,Low_GI
f0996,raises,Low_GI
f0997,raises,Medium_GI
f0998,raises,Low_GI
f0999,raises,Low_GI
f1000,raises,Medium_GI
f1001,raises,Medium_GI
f1002,raises,Medium_GI
f1003,raises,Medium_GI
f1004,raises,Low_GI
f1005,raises,Low_GI
f1006,raises,Medium_GI
f1007,raises,Low_GI
f1008,raises,Medium_GI
f1009,raises,Low_GI
f1010,raises,Medium_GI
f1011,raises,Medium_GI
f1012,raises,Low_GI
f1013,raises,Medium_GI
f1014,raises,Medium_GI
f1015,raises,Low_GI
f1016,raises,Low_GI
f1017,raises,Medium_GI
f1018,raises,Medium_GI
f1019,raises,Medium_GI
f1020,raises,Low_GI
f1021,raises,Low_GI
f1022,raises,Low_GI
f1023,raises,Low_GI
f1024,raises,Low_GI
f1025,raises,Low_GI
f1026,raises,Low_GI
f1027,raises,Low_GI
f1028,raises,Medium_GI
f1029,raises,Low_GI
f1030,raises,Medium_GI
f1031,raises,Medium_GI
f1032,raises,Medium_GI
f1033,raises,Low_GI
f1034,raises,Low_GI
f1035,raises,Low_GI
f1036,raises,Medium_GI
f1037,raises,Medium_GI
f1038,raises,Low_GI
f1039,raises,Low_GI
f1040,raises,Low_GI
f1041,raises,Medium_GI
f1042,raises,Medium_GI
f1043,raises,Low_GI
f1044,raises,Low_GI
f1045,raises,Medium_GI
f1046,raises,Medium_GI
f1047,raises,Medium_GI
f1048,raises,Medium_GI
f1049,raises,Medium_GI
f1050,raises,Low_GI
f1051,raises,Medium_GI
f1052,raises,Low_GI
f1053,raises,Medium_GI
f1054,raises,Low_GI
f1055,raises,Medium_GI
f1056,raises,Low_GI
f1057,raises,Low_GI
f1058,raises,Medium_GI
f1059,raises,Medium_GI
f1060,raises,Low_GI
f1061,raises,Medium_GI
f1062,raises,Low_GI
f1063,raises,Low_GI
f1064,raises,Low_GI
f1065,raises,Low_GI
f1066,raises,Medium_GI
f1067,raises,Medium_GI
f1068,raises,Medium_GI
f1069,raises,Medium_GI
f1070,raises,Low_GI
f1071,raises,Medium_GI
f1072,raises,Medium_GI
f1073,raises,Medium_GI
f1074,raises,Medium_GI
f1075,raises,Medium_GI
f1076,raises,Low_GI
f1077,raises,Low_GI
f1078,raises,Medium_GI
f1079,raises,High_GI
f1080,raises,Medium_GI
f1081,raises,Medium_GI
f1082,raises,Low_GI
f1083,raises,Medium_GI
f1084,raises,High_GI
f1085,raises,Low_GI
f1086,raises,Medium_GI
f1087,raises,Medium_GI
f1088,raises,Low_GI
f1089,raises,Medium_GI
f1090,raises,Medium_GI
f1091,raises,Medium_GI
f1092,raises,Medium_GI
f1093,raises,Low_GI
f1094,raises,Medium_GI
f1095,raises,Low_GI
f1096,raises,Medium_GI
f1097,raises,Medium_GI
f1098,raises,Medium_GI
f1099,raises,Low_GI
f1100,raises,Low_GI
f1101,raises,Low_GI
f1102,raises,Low_GI
f1103,raises,Low_GI
f1104,raises,Medium_GI
f1105,raises,Medium_GI
f1106,raises,High_GI
f1107,raises,Medium_GI
f1108,raises,Medium_GI
f1109,raises,Low_GI
f1110,raises,Medium_GI
f1111,raises,Medium_GI
f1112,raises,Medium_GI
f1113,raises,Low_GI
f1114,raises,Low_GI
f1115,raises,Low_GI
f1116,raises,Low_GI
f1117,raises,Low_GI
f1118,raises,Medium_GI
f1119,raises,Medium_GI
f1120,raises,Medium_GI
f1121,raises,Low_GI
f1122,raises,Medium_GI
f1123,raises,Medium_GI
f1124,raises,Medium_GI
f1125,raises,Low_GI
f1126,raises,Low_GI
f1127,raises,Medium_GI
f1128,raises,Low_GI
f1129,raises,Low_GI
f1130,raises,High_GI
f1131,raises,Medium_GI
f1132,raises,Medium_GI
f1133,raises,Medium_GI
f1134,raises,High_GI
f1135,raises,Medium_GI
f1136,raises,Low_GI
f1137,raises,Medium_GI
f1138,raises,Medium_GI
f1139,raises,Medium_GI
f1140,raises,Medium_GI
f1141,raises,Medium_GI
f1142,raises,Medium_GI
f1143,raises,Medium_GI
f1144,raises,Medium_GI
f1145,raises,Low_GI
f1146,raises,Low_GI
f1147,raises,Medium_GI
f1148,raises,Medium_GI
f1149,raises,Low_GI
f1150,raises,Medium_GI
f1151,raises,Low_GI
f1152,raises,High_GI
f1153,raises,Medium_GI
f1154,raises,Low_GI
f1155,raises,Low_GI
f1156,raises,Low_GI
f1157,raises,Low_GI
f1158,raises,Low_GI
f1159,raises,Low_GI
f1160,raises,Medium_GI
f1161,raises,Medium_GI
f1162,raises,Medium_GI
f1163,raises,Low_GI
f1164,raises,Medium_GI
f1165,raises,Medium_GI
f1166,raises,Medium_GI
f1167,raises,Low_GI
f1168,raises,Low_GI
f1169,raises,Low_GI
f1170,raises,Medium_GI
f1171,raises,Medium_GI
f1172,raises,Medium_GI
f1173,raises,Medium_GI
f1174,raises,Medium_GI
f1175,raises,Medium_GI
f1176,raises,Medium_GI
f1177,raises,Medium_GI
f1178,raises,Low_GI
f1179,raises,Low_GI
f1180,raises,Low_GI
f1181,raises,Medium_GI
f1182,raises,Low_GI
f1183,raises,Low_GI
f1184,raises,Medium_GI
f1185,raises,Low_GI
f1186,raises,Low_GI
f1187,raises,Medium_GI
f1188,raises,Low_GI
f1189,raises,Medium_GI
f1190,raises,Medium_GI
f1191,raises,Medium_GI
f1192,raises,Medium_GI
f1193,raises,Medium_GI
f1194,raises,Medium_GI
f1195,raises,Medium_GI
f1196,raises,Medium_GI
f1197,raises,Low_GI
f1198,raises,Low_GI
f1199,raises,Low_GI
f1200,raises,Medium_GI
f1201,raises,Medium_GI
f1202,raises,Medium_GI
f1203,raises,High_GI
f1204,raises,Low_GI
f1205,raises,Medium_GI
f1206,raises,Medium_GI
f1207,raises,Low_GI
f1208,raises,Low_GI
f1209,raises,Low_GI
f1210,raises,Medium_GI
f1211,raises,High_GI
f1212,raises,Medium_GI
f1213,raises,Medium_GI
f1214,raises,Low_GI
f1215,raises,Medium_GI
f1216,raises,Low_GI
f1217,raises,High_GI
f1218,raises,Medium_GI
f1219,raises,Medium_GI
f1220,raises,Medium_GI
f1221,raises,Medium_GI
f1222,raises,Low_GI
f1223,raises,Medium_GI
f1224,raises,Low_GI
f1225,raises,Medium_GI
f1226,raises,High_GI
f1227,raises,Medium_GI
f1228,raises,Medium_GI
f1229,raises,Medium_GI
f1230,raises,Medium_GI
f1231,raises,High_GI
f1232,raises,Medium_GI
f1233,raises,Medium_GI
f1234,raises,Medium_GI
f1235,raises,Medium_GI
f1236,raises,Medium_GI
f1237,raises,Medium_GI
f1238,raises,Low_GI
f1239,raises,Medium_GI
f1240,raises,Low_GI
f1241,raises,Medium_GI
f1242,raises,Low_GI
f1243,raises,Medium_GI
f1244,raises,High_GI
f1245,raises,Low_GI
f1246,raises,Medium_GI
f1247,raises,Medium_GI
f1248,raises,High_GI
f1249,raises,Low_GI
f1250,raises,High_GI
f1251,raises,Medium_GI
f1252,raises,Medium_GI
f1253,raises,Medium_GI
f1254,raises,Low_GI
f1255,raises,Low_GI
f1256,raises,Low_GI
f1257,raises,Medium_GI
f1258,raises,Medium_GI
f1259,raises,Low_GI
f1260,raises,Medium_GI
f1261,raises,Low_GI
f1262,raises,Medium_GI
f1263,raises,Medium_GI
f1264,raises,Medium_GI
f1265,raises,Medium_GI
f1266,raises,Medium_GI
f1267,raises,Medium_GI
f1268,raises,Low_GI
f1269,raises,Medium_GI
f1270,raises,Low_GI
f1271,raises,Low_GI
f1272,raises,Medium_GI
f1273,raises,Low_GI
f1274,raises,Low_GI
f1275,raises,Medium_GI
f1276,raises,Medium_GI
f1277,raises,Medium_GI
f1278,raises,Medium_GI
f1279,raises,Low_GI
f1280,raises,Low_GI
f1281,raises,Medium_GI
f1282,raises,Medium_GI
f1283,raises,Low_GI
f1284,raises,Low_GI
f1285,raises,Low_GI
f1286,raises,Low_GI
f1287,raises,Medium_GI
f1288,raises,Medium_GI
f1289,raises,Low_GI
f1290,raises,Medium_GI
f1291,raises,Low_GI
f1292,raises,Low_GI
f1293,raises,Low_GI
f1294,raises,Medium_GI
f1295,raises,Medium_GI
f1296,raises,Medium_GI
f1297,raises,Low_GI
f1298,raises,Medium_GI
f1299,raises,Medium_GI
f1300,raises,Low_GI
f1301,raises,Medium_GI
f1302,raises,Medium_GI
f1303,raises,Low_GI
f1304,raises,High_GI
f1305,raises,Low_GI
f1306,raises,Medium_GI
f1307,raises,Medium_GI
f1308,raises,Medium_GI
f1309,raises,Low_GI
f1310,raises,Low_GI
f1311,raises,Medium_GI
f1312,raises,Medium_GI
f1313,raises,Low_GI
f1314,raises,Low_GI
f1315,raises,Medium_GI
f1316,raises,Medium_GI
f1317,raises,Medium_GI
f1318,raises,Low_GI
f1319,raises,Low_GI
f1320,raises,Low_GI
f1321,raises,Medium_GI
f1322,raises,Medium_GI
f1323,raises,Medium_GI
f1324,raises,Medium_GI
f1325,raises,Low_GI
f1326,raises,Medium_GI
f1327,raises,Medium_GI
f1328,raises,Medium_GI
f1329,raises,High_GI
f1330,raises,High_GI
f1331,raises,Low_GI
f1332,raises,Low_GI
f1333,raises,Medium_GI
f1334,raises,Low_GI
f1335,raises,Medium_GI
f1336,raises,Medium_GI
f1337,raises,Low_GI
f1338,raises,Low_GI
f1339,raises,Low_GI
f1340,raises,Low_GI
f1341,raises,Low_GI
f1342,raises,Medium_GI
f1343,raises,Medium_GI
f1344,raises,Medium_GI
f1345,raises,Low_GI
f1346,raises,Medium_GI
f1347,raises,Low_GI
f1348,raises,Medium_GI
f1349,raises,Medium_GI
f1350,raises,Medium_GI
f1351,raises,Medium_GI
f1352,raises,Low_GI
f1353,raises,Low_GI
f1354,raises,High_GI
f1355,raises,Low_GI
f1356,raises,Medium_GI
f1357,raises,Low_GI
f1358,raises,Medium_GI
f1359,raises,Medium_GI
f1360,raises,Low_GI
f1361,raises,Low_GI
f1362,raises,Medium_GI
f1363,raises,Medium_GI
f1364,raises,Medium_GI
f1365,raises,Low_GI
f1366,raises,Low_GI
f1367,raises,Low_GI
f1368,raises,Low_GI
f1369,raises,Medium_GI
f1370,raises,Medium_GI
f1371,raises,Medium_GI
f1372,raises,Medium_GI
f1373,raises,Medium_GI
f1374,raises,Low_GI
f1375,raises,Medium_GI
f1376,raises,Medium_GI
f1377,raises,Low_GI
f1378,raises,Low_GI
f1379,raises,Medium_GI
f1380,raises,Low_GI
f1381,raises,Medium_GI
f1382,raises,Low_GI
f1383,raises,Low_GI
f1384,raises,Medium_GI
f1385,raises,Low_GI
f1386,raises,Medium_GI
f1387,raises,Low_GI
f1388,raises,Low_GI
f1389,raises,Low_GI
f1390,raises,Medium_GI
f1391,raises,Low_GI
f1392,raises,Medium_GI
f1393,raises,Low_GI
f1394,raises,Medium_GI
f1395,raises,Medium_GI
f1396,raises,Medium_GI
f1397,raises,Low_GI
f1398,raises,Medium_GI
f1399,raises,Low_GI
f1400,raises,Low_GI
f1401,raises,Medium_GI
f1402,raises,Medium_GI
f1403,raises,Low_GI
f1404,raises,Low_GI
f1405,raises,Low_GI
f1406,raises,Medium_GI
f1407,raises,Low_GI
f1408,raises,Medium_GI
f1409,raises,Medium_GI
f1410,raises,Medium_GI
f1411,raises,Medium_GI
f1412,raises,High_GI
f1413,raises,Medium_GI
f1414,raises,Low_GI
f1415,raises,Medium_GI
f1416,raises,Medium_GI
f1417,raises,Medium_GI
f1418,raises,Low_GI
f1419,raises,Medium_GI
f1420,raises,Medium_GI
f1421,raises,Low_GI
f1422,raises,Low_GI
f1423,raises,Low_GI
f1424,raises,Medium_GI
f1425,raises,Medium_GI
f1426,raises,Low_GI
f1427,raises,Low_GI
f1428,raises,High_GI
f1429,raises,Medium_GI
f1430,raises,Medium_GI
f1431,raises,Low_GI
f1432,raises,Medium_GI
f1433,raises,Low_GI
f1434,raises,Medium_GI
f1435,raises,Medium_GI
f1436,raises,Medium_GI
f1437,raises,Medium_GI
f1438,raises,Low_GI
f1439,raises,Medium_GI
f1440,raises,Medium_GI
f1441,raises,Medium_GI
f1442,raises,Medium_GI
f1443,raises,Medium_GI
f1444,raises,High_GI
f1445,raises,Medium_GI
f1446,raises,Low_GI
f1447,raises,Medium_GI
f1448,raises,Low_GI
f1449,raises,Low_GI
f1450,raises,Medium_GI
f1451,raises,Low_GI
f1452,raises,Low_GI
f1453,raises,Medium_GI
f1454,raises,Low_GI
f1455,raises,Medium_GI
f1456,raises,Medium_GI
f1457,raises,Medium_GI
f1458,raises,Low_GI
f1459,raises,Medium_GI
f1460,raises,Low_GI
f1461,raises,Medium_GI
f1462,raises,Low_GI
f1463,raises,Low_GI
f1464,raises,Low_GI
f1465,raises,Medium_GI
f1466,raises,Low_GI
f1467,raises,Medium_GI
f1468,raises,Medium_GI
f1469,raises,Medium_GI
f1470,raises,Medium_GI
f1471,raises,Low_GI
f1472,raises,Low_GI
f1473,raises,Medium_GI
f1474,raises,Medium_GI
f1475,raises,Low_GI
f1476,raises,Medium_GI
f1477,raises,Low_GI
f1478,raises,Medium_GI
f1479,raises,Low_GI
f1480,raises,Medium_GI
f1481,raises,Medium_GI
f1482,raises,Medium_GI
f1483,raises,Low_GI
f1484,raises,Medium_GI
f1485,raises,Medium_GI
f1486,raises,Low_GI
f1487,raises,Medium_GI
f1488,raises,Medium_GI
f1489,raises,Low_GI
f1490,raises,Medium_GI
f1491,raises,Low_GI
f1492,raises,Medium_GI
f1493,raises,Low_GI
f1494,raises,Medium_GI
f1495,raises,Medium_GI
f1496,raises,Medium_GI
f1497,raises,Low_GI
f1498,raises,Medium_GI
f1499,raises,Medium_GI
f1500,raises,Medium_GI
f1501,raises,Medium_GI
f1502,raises,Low_GI
f1503,raises,Medium_GI
f1504,raises,Medium_GI
f1505,raises,Medium_GI
f1506,raises,Low_GI
f1507,raises,Low_GI
f1508,raises,Low_GI
f1509,raises,Medium_GI
f1510,raises,Low_GI
f1511,raises,Low_GI
f1512,raises,Medium_GI
f1513,raises,Low_GI
f1514,raises,Low_GI
f1515,raises,Medium_GI
f1516,raises,Medium_GI
f1517,raises,Low_GI
f1518,raises,Low_GI
f1519,raises,Medium_GI
f1520,raises,Low_GI
f1521,raises,Low_GI
f1522,raises,Medium_GI
f1523,raises,Medium_GI
f1524,raises,Medium_GI
f1525,raises,Low_GI
f1526,raises,Low_GI
f1527,raises,Medium_GI
f1528,raises,Low_GI
f1529,raises,Medium_GI
f1530,raises,Medium_GI
f1531,raises,Low_GI
f1532,raises,Low_GI
f1533,raises,Medium_GI
f1534,raises,Low_GI
f1535,raises,Low_GI
f1536,raises,Low_GI
f1537,raises,Low_GI
f1538,raises,Low_GI
f1539,raises,Medium_GI
f1540,raises,Medium_GI
f1541,raises,Medium_GI
f1542,raises,Medium_GI
f1543,raises,Low_GI
f1544,raises,Medium_GI
f1545,raises,Low_GI
f1546,raises,Medium_GI
f1547,raises,Medium_GI
f1548,raises,Medium_GI
f1549,raises,Medium_GI
f1550,raises,High_GI
f1551,raises,Medium_GI
f1552,raises,Low_GI
f1553,raises,Medium_GI
f1554,raises,Medium_GI
f1555,raises,Low_GI
f1556,raises,Medium_GI
f1557,raises,High_GI
f1558,raises,Medium_GI
f1559,raises,Low_GI
f1560,raises,Medium_GI
f1561,raises,Low_GI
f1562,raises,Medium_GI
f1563,raises,Medium_GI
f1564,raises,Medium_GI
f1565,raises,Low_GI
f1566,raises,Medium_GI
f1567,raises,Low_GI
f1568,raises,High_GI
f1569,raises,Medium_GI
f1570,raises,Medium_GI
f1571,raises,Low_GI
f1572,raises,Medium_GI
f1573,raises,Medium_GI
f1574,raises,Medium_GI
f1575,raises,Medium_GI
f1576,raises,Low_GI
f1577,raises,High_GI
f1578,raises,Low_GI
f1579,raises,Low_GI
f1580,raises,Low_GI
f1581,raises,Medium_GI
f1582,raises,Medium_GI
f1583,raises,Low_GI
f1584,raises,Medium_GI
f1585,raises,Medium_GI
f1586,raises,Medium_GI
f1587,raises,Low_GI
f1588,raises,Medium_GI
f1589,raises,Medium_GI
f1590,raises,Medium_GI
f1591,raises,Low_GI
f1592,raises,Low_GI
f1593,raises,Medium_GI
f1594,raises,Medium_GI
f1595,raises,Medium_GI
f1596,raises,Medium_GI
f1597,raises,Medium_GI
f1598,raises,High_GI
f1599,raises,Low_GI
f1600,raises,Low_GI
f1601,raises,Medium_GI
f1602,raises,Medium_GI
f1603,raises,Low_GI
f1604,raises,Low_GI
f1605,raises,Medium_GI
f1606,raises,Low_GI
f1607,raises,Low_GI
f1608,raises,Low_GI
f1609,raises,Medium_GI
f1610,raises,Medium_GI
f1611,raises,Medium_GI
f1612,raises,Medium_GI
f1613,raises,Low_GI
f1614,raises,Medium_GI
f1615,raises,Medium_GI
f1616,raises,Medium_GI
f1617,raises,Low_GI
f1618,raises,Medium_GI
f1619,raises,Low_GI
f1620,raises,Medium_GI
f1621,raises,Medium_GI
f1622,raises,Low_GI
f1623,raises,Medium_GI
f1624,raises,Low_GI
f1625,raises,Medium_GI
f1626,raises,Medium_GI
f1627,raises,Low_GI
f1628,raises,Medium_GI
f1629,raises,Low_GI
f1630,raises,Low_GI
f1631,raises,Medium_GI
f1632,raises,Low_GI
f1633,raises,Medium_GI
f1634,raises,Medium_GI
f1635,raises,Low_GI
f1636,raises,Low_GI
f1637,raises,Medium_GI
f1638,raises,Low_GI
f1639,raises,High_GI
f1640,raises,Low_GI
f1641,raises,Medium_GI
f1642,raises,Low_GI
f1643,raises,Low_GI
f1644,raises,Medium_GI
f1645,raises,Medium_GI
f1646,raises,Medium_GI
f1647,raises,High_GI
f1648,raises,Medium_GI
f1649,raises,Low_GI
f1650,raises,Medium_GI
f1651,raises,Low_GI
f1652,raises,Low_GI
f1653,raises,Low_GI
f1654,raises,Medium_GI
f1655,raises,Medium_GI
f1656,raises,Medium_GI
f1657,raises,Medium_GI
f1658,raises,Low_GI
f1659,raises,High_GI
f1660,raises,Low_GI
f1661,raises,Low_GI
f1662,raises,Medium_GI
f1663,raises,Medium_GI
f1664,raises,Medium_GI
f1665,raises,Medium_GI
f1666,raises,Low_GI
f1667,raises,Medium_GI
f1668,raises,Medium_GI
f1669,raises,Medium_GI
f1670,raises,Medium_GI
f1671,raises,Medium_GI
f1672,raises,Low_GI
f1673,raises,Medium_GI
f1674,raises,Medium_GI
f1675,raises,Low_GI
f1676,raises,Medium_GI
f1677,raises,Medium_GI
f1678,raises,Low_GI
f1679,raises,Medium_GI
f1680,raises,Medium_GI
f1681,raises,Low_GI
f1682,raises,Medium_GI
f1683,raises,Low_GI
f1684,raises,Low_GI
f1685,raises,High_GI
f1686,raises,Low_GI
f1687,raises,Medium_GI
f1688,raises,High_GI
f1689,raises,Low_GI
f1690,raises,Low_GI
f1691,raises,Low_GI
f1692,raises,Medium_GI
f1693,raises,Medium_GI
f1694,raises,Medium_GI
f1695,raises,Medium_GI
f1696,raises,High_GI
f1697,raises,Medium_GI
f1698,raises,Medium_GI
f1699,raises,Low_GI
f1700,raises,Low_GI
f1701,raises,Medium_GI
f1702,raises,Medium_GI
f1703,raises,Low_GI
f1704,raises,Medium_GI
f1705,raises,Medium_GI
f1706,raises,Low_GI
f1707,raises,Low_GI
f1708,raises,Medium_GI
f1709,raises,Medium_GI
f1710,raises,Medium_GI
f1711,raises,Medium_GI
f1712,raises,Low_GI
f1713,raises,High_GI
f1714,raises,Low_GI
f1715,raises,Low_GI
f1716,raises,Medium_GI
f1717,raises,Low_GI
f1718,raises,Low_GI
f1719,raises,Low_GI
f1720,raises,Low_GI
f1721,raises,Medium_GI
f1722,raises,Low_GI
f1723,raises,Medium_GI
f1724,raises,Medium_GI
f1725,raises,Medium_GI
f1726,raises,Medium_GI
f1727,raises,Low_GI
f1728,raises,Medium_GI
f1729,raises,Medium_GI
f1730,raises,Medium_GI
f1731,raises,Medium_GI
f1732,raises,High_GI
f1733,raises,Low_GI
f1734,raises,Low_GI
f1735,raises,Low_GI
f1736,raises,Low_GI
f1737,raises,Medium_GI
f1738,raises,Medium_GI
f1739,raises,High_GI
f1740,raises,Medium_GI
f1741,raises,Medium_GI
f1742,raises,Medium_GI
f1743,raises,Low_GI
f1744,raises,Low_GI
f1745,raises,Medium_GI
f1746,raises,High_GI
f1747,raises,High_GI
f1748,raises,Low_GI
f1749,raises,Medium_GI
f1750,raises,Low_GI
f1751,raises,Medium_GI
f1752,raises,Medium_GI
f1753,raises,Medium_GI
f1754,raises,Medium_GI
f1755,raises,Medium_GI
f1756,raises,Low_GI
f1757,raises,Low_GI
f1758,raises,Low_GI
f1759,raises,Low_GI
f1760,raises,Low_GI
f1761,raises,Medium_GI
f1762,raises,Medium_GI
f1763,raises,Low_GI
f1764,raises,Low_GI
f1765,raises,Low_GI
f1766,raises,Medium_GI
f1767,raises,Low_GI
f1768,raises,Low_GI
f1769,raises,Medium_GI
f1770,raises,High_GI
f1771,raises,Medium_GI
f1772,raises,Low_GI
f1773,raises,Medium_GI
f1774,raises,Low_GI
f1775,raises,Medium_GI
f1776,raises,Medium_GI
f1777,raises,Medium_GI
f1778,raises,Medium_GI
f1779,raises,Low_GI
f1780,raises,Medium_GI
f1781,raises,Low_GI
f1782,raises,Medium_GI
f1783,raises,Low_GI
f1784,raises,Medium_GI
f1785,raises,High_GI
f1786,raises,Medium_GI
f1787,raises,Medium_GI
f1788,raises,Medium_GI
f1789,raises,Low_GI
f1790,raises,Low_GI
f1791,raises,Medium_GI
f1792,raises,Medium_GI
f1793,raises,Low_GI
f1794,raises,Low_GI
f1795,raises,Medium_GI
f1796,raises,Medium_GI
f1797,raises,Low_GI
f1798,raises,Low_GI
f1799,raises,Low_GI
f1800,raises,Medium_GI
f1801,raises,Low_GI
f1802,raises,Low_GI
f1803,raises,Medium_GI
f1804,raises,Low_GI
f1805,raises,Medium_GI
f1806,raises,Medium_GI
f1807,raises,Medium_GI
f1808,raises,Medium_GI
f1809,raises,Medium_GI
f1810,raises,Medium_GI
f1811,raises,Low_GI
f1812,raises,Low_GI
f1813,raises,Low_GI
f1814,raises,Low_GI
f1815,raises,Medium_GI
f1816,raises,Medium_GI
f1817,raises,Medium_GI
f1818,raises,Medium_GI
f1819,raises,Low_GI
f1820,raises,Medium_GI
f1821,raises,Medium_GI
f1822,raises,Medium_GI
f1823,raises,Medium_GI
f1824,raises,High_GI
f1825,raises,Low_GI
f1826,raises,Medium_GI
f1827,raises,Low_GI
f1828,raises,High_GI
f1829,raises,Medium_GI
f1830,raises,Low_GI
f1831,raises,Medium_GI
f1832,raises,Medium_GI
f1833,raises,Low_GI
f1834,raises,Medium_GI
f1835,raises,Low_GI
f1836,raises,Medium_GI
f1837,raises,Medium_GI
f1838,raises,Medium_GI
f1839,raises,Low_GI
f1840,raises,Medium_GI
f1841,raises,High_GI
f1842,raises,Low_GI
f1843,raises,Medium_GI
f1844,raises,Medium_GI
f1845,raises,Medium_GI
f1846,raises,Medium_GI
f1847,raises,Medium_GI
f1848,raises,Medium_GI
f1849,raises,Medium_GI
f1850,raises,Medium_GI
f1851,raises,Low_GI
f1852,raises,Low_GI
f1853,raises,Low_GI
f1854,raises,High_GI
f1855,raises,Low_GI
f1856,raises,Medium_GI
f1857,raises,Medium_GI
f1858,raises,Low_GI
f1859,raises,Medium_GI
f1860,raises,Low_GI
f1861,raises,Low_GI
f1862,raises,Medium_GI
f1863,raises,Medium_GI
f1864,raises,Medium_GI
f1865,raises,Medium_GI
f1866,raises,Low_GI
f1867,raises,Medium_GI
f1868,raises,Medium_GI
f1869,raises,Medium_GI
f1870,raises,Medium_GI
f1871,raises,Medium_GI
f1872,raises,Low_GI
f1873,raises,Medium_GI
f1874,raises,Low_GI
f1875,raises,Low_GI
f1876,raises,Low_GI
f1877,raises,Medium_GI
f1878,raises,Medium_GI
f1879,raises,Medium_GI
f1880,raises,Low_GI
f1881,raises,Low_GI
f1882,raises,Medium_GI
f1883,raises,Medium_GI
f1884,raises,Low_GI
f1885,raises,Low_GI
f1886,raises,Medium_GI
f1887,raises,Medium_GI
f1888,raises,Medium_GI
f1889,raises,Low_GI
f1890,raises,Medium_GI
f1891,raises,Low_GI
f1892,raises,Medium_GI
f1893,raises,Medium_GI
f1894,raises,Low_GI
f1895,raises,Medium_GI
f1896,raises,Medium_GI
f1897,raises,Medium_GI
f1898,raises,Medium_GI
f1899,raises,Medium_GI
f1900,raises,Low_GI
f1901,raises,Medium_GI
f1902,raises,Medium_GI
f1903,raises,Medium_GI
f1904,raises,High_GI
f1905,raises,Low_GI
f1906,raises,Medium_GI
f1907,raises,Medium_GI
f1908,raises,Medium_GI
f1909,raises,Medium_GI
f1910,raises,Low_GI
f1911,raises,Low_GI
f1912,raises,High_GI
f1913,raises,Medium_GI
f1914,raises,Medium_GI
f1915,raises,Low_GI
f1916,raises,Low_GI
f1917,raises,Low_GI
f1918,raises,Medium_GI
f1919,raises,Medium_GI
f1920,raises,Low_GI
f1921,raises,Medium_GI
f1922,raises,Medium_GI
f1923,raises,Medium_GI
f1924,raises,Low_GI
f1925,raises,Medium_GI
f1926,raises,Medium_GI
f1927,raises,Low_GI
f1928,raises,Low_GI
f1929,raises,Medium_GI
f1930,raises,Low_GI
f1931,raises,Medium_GI
f1932,raises,Low_GI
f1933,raises,Medium_GI
f1934,raises,Medium_GI
f1935,raises,Medium_GI
f1936,raises,High_GI
f1937,raises,Low_GI
f1938,raises,Low_GI
f1939,raises,Low_GI
f1940,raises,Medium_GI
f1941,raises,Medium_GI
f1942,raises,Low_GI
f1943,raises,Medium_GI
f1944,raises,Medium_GI
f1945,raises,Low_GI
f1946,raises,Low_GI
f1947,raises,Medium_GI
f1948,raises,Medium_GI
f1949,raises,Low_GI
f1950,raises,Low_GI
f1951,raises,Low_GI
f1952,raises,High_GI
f1953,raises,Medium_GI
f1954,raises,Medium_GI
f1955,raises,Low_GI
f1956,raises,Low_GI
f1957,raises,Low_GI
f1958,raises,Medium_GI
f1959,raises,Medium_GI
f1960,raises,High_GI
f1961,raises,Medium_GI
f1962,raises,Medium_GI
f1963,raises,Low_GI
f1964,raises,Medium_GI
f1965,raises,Medium_GI
f1966,raises,Medium_GI
f1967,raises,Medium_GI
f1968,raises,Medium_GI
f1969,raises,Low_GI
f1970,raises,Medium_GI
f1971,raises,Low_GI
f1972,raises,Medium_GI
f1973,raises,Medium_GI
f1974,raises,Medium_GI
f1975,raises,Medium_GI
f1976,raises,Medium_GI
f1977,raises,Low_GI
f1978,raises,Medium_GI
f1979,raises,Low_GI
f1980,raises,Low_GI
f1981,raises,High_GI
f1982,raises,Medium_GI
f1983,raises,Medium_GI
f1984,raises,Low_GI
f1985,raises,Low_GI
f1986,raises,Medium_GI
f1987,raises,Medium_GI
f1988,raises,Low_GI
f1989,raises,High_GI
f1990,raises,Low_GI
f1991,raises,Medium_GI
f1992,raises,Low_GI
f1993,raises,High_GI
f1994,raises,Medium_GI
f1995,raises,High_GI
f1996,raises,Medium_GI
f1997,raises,Medium_GI
f1998,raises,Medium_GI
f1999,raises,Medium_GI
f2000,raises,Medium_GI
f2001,raises,Low_GI
f2002,raises,Medium_GI
f2003,raises,Low_GI
f2004,raises,Low_GI
f2005,raises,Medium_GI
f2006,raises,Low_GI
f2007,raises,Medium_GI
f2008,raises,Medium_GI
f2009,raises,Low_GI
f2010,raises,Medium_GI
f2011,raises,Low_GI
f2012,raises,Medium_GI
f2013,raises,Low_GI
f2014,raises,Low_GI
f2015,raises,Low_GI
f2016,raises,High_GI
f2017,raises,Low_GI
f2018,raises,Low_GI
f2019,raises,Low_GI
f2020,raises,Medium_GI
f2021,raises,Low_GI
f2022,raises,Medium_GI
f2023,raises,Low_GI
f2024,raises,Medium_GI
f2025,raises,Medium_GI
f2026,raises,Medium_GI
f2027,raises,Medium_GI
f2028,raises,Medium_GI
f2029,raises,Low_GI
f2030,raises,Low_GI
f2031,raises,Medium_GI
f2032,raises,Medium_GI
f2033,raises,Medium_GI
f2034,raises,Low_GI
f2035,raises,Low_GI
f2036,raises,Low_GI
f2037,raises,Medium_GI
f2038,raises,Low_GI
f2039,raises,Low_GI
f2040,raises,Low_GI
f2041,raises,Medium_GI
f2042,raises,Medium_GI
f2043,raises,Low_GI
f2044,raises,Medium_GI
f2045,raises,Medium_GI
f2046,raises,Low_GI
f2047,raises,Medium_GI
f2048,raises,Low_GI
f2049,raises,Low_GI
f2050,raises,Medium_GI
f2051,raises,Medium_GI
f2052,raises,Low_GI
f2053,raises,Low_GI
f2054,raises,Low_GI
f2055,raises,Medium_GI
f2056,raises,Low_GI
f2057,raises,Medium_GI
f2058,raises,Medium_GI
f2059,raises,Medium_GI
f2060,raises,Medium_GI
f2061,raises,Medium_GI
f2062,raises,High_GI
f2063,raises,Medium_GI
f2064,raises,Low_GI
f2065,raises,Medium_GI
f2066,raises,Low_GI
f2067,raises,Low_GI
f2068,raises,Medium_GI
f2069,raises,High_GI
f2070,raises,Low_GI
f2071,raises,Low_GI
f2072,raises,Low_GI
f2073,raises,Medium_GI
f2074,raises,Medium_GI
f2075,raises,Low_GI
f2076,raises,Low_GI
f2077,raises,High_GI
f2078,raises,Medium_GI
f2079,raises,Medium_GI
f2080,raises,Low_GI
f2081,raises,Low_GI
f2082,raises,Low_GI
f2083,raises,Medium_GI
f2084,raises,Medium_GI
f2085,raises,Low_GI
f2086,raises,Medium_GI
f2087,raises,Medium_GI
f2088,raises,Medium_GI
f2089,raises,Low_GI
f2090,raises,Medium_GI
f2091,raises,Medium_GI
f2092,raises,Low_GI
f2093,raises,Medium_GI
f2094,raises,Medium_GI
f2095,raises,Medium_GI
f2096,raises,Medium_GI
f2097,raises,Medium_GI
f2098,raises,Low_GI
f2099,raises,Medium_GI
f2100,raises,Low_GI
f2101,raises,Low_GI
f2102,raises,Medium_GI
f2103,raises,Medium_GI
f2104,raises,Low_GI
f2105,raises,Medium_GI
f2106,raises,Medium_GI
f2107,raises,Medium_GI
f2108,raises,Medium_GI
f2109,raises,Low_GI
f2110,raises,Low_GI
f2111,raises,Low_GI
f2112,raises,Medium_GI
f2113,raises,Medium_GI
f2114,raises,Medium_GI
f2115,raises,Low_GI
f2116,raises,Low_GI
f2117,raises,Medium_GI
f2118,raises,Low_GI
f2119,raises,Medium_GI
f2120,raises,Medium_GI
f2121,raises,Medium_GI
f2122,raises,Medium_GI
f2123,raises,Medium_GI
f2124,raises,Medium_GI
f2125,raises,Low_GI
f2126,raises,Low_GI
f2127,raises,Medium_GI
f2128,raises,Low_GI
f2129,raises,Low_GI
f2130,raises,Medium_GI
f2131,raises,Medium_GI
f2132,raises,Medium_GI
f2133,raises,Medium_GI
f2134,raises,Medium_GI
f2135,raises,Medium_GI
f2136,raises,Medium_GI
f2137,raises,Low_GI
f2138,raises,Medium_GI
f2139,raises,Medium_GI
f2140,raises,Medium_GI
f2141,raises,Low_GI
f2142,raises,Low_GI
f2143,raises,Medium_GI
f2144,raises,Low_GI
f2145,raises,Medium_GI
f2146,raises,Medium_GI
f2147,raises,Low_GI
f2148,raises,Low_GI
f2149,raises,Low_GI
f2150,raises,Low_GI
f2151,raises,Low_GI
f2152,raises,Low_GI
f2153,raises,Medium_GI
f2154,raises,Medium_GI
f2155,raises,Medium_GI
f2156,raises,High_GI
f2157,raises,Low_GI
f2158,raises,Medium_GI
f2159,raises,Medium_GI
f2160,raises,Medium_GI
f2161,raises,Low_GI
f2162,raises,Medium_GI
f2163,raises,Medium_GI
f2164,raises,Medium_GI
f2165,raises,Medium_GI
f2166,raises,Low_GI
f2167,raises,Medium_GI
f2168,raises,Medium_GI
f2169,raises,High_GI
f2170,raises,Medium_GI
f2171,raises,Medium_GI
f2172,raises,Medium_GI
f2173,raises,Medium_GI
f2174,raises,Low_GI
f2175,raises,Low_GI
f2176,raises,Medium_GI
f2177,raises,Medium_GI
f2178,raises,Medium_GI
f2179,raises,Low_GI
f2180,raises,Medium_GI
f2181,raises,Medium_GI
f2182,raises,Low_GI
f2183,raises,Medium_GI
f2184,raises,Low_GI
f2185,raises,Low_GI
f2186,raises,Low_GI
f2187,raises,Low_GI
f2188,raises,Medium_GI
f2189,raises,High_GI
f2190,raises,Medium_GI
f2191,raises,Medium_GI
f2192,raises,Low_GI
f2193,raises,High_GI
f2194,raises,Medium_GI
f2195,raises,Medium_GI
f2196,raises,Low_GI
f2197,raises,Medium_GI
f2198,raises,Low_GI
f2199,raises,Low_GI
f2200,raises,Medium_GI
f2201,raises,Medium_GI
f2202,raises,Medium_GI
f2203,raises,Low_GI
f2204,raises,Medium_GI
f2205,raises,Low_GI
f2206,raises,Low_GI
f2207,raises,Low_GI
f2208,raises,Low_GI
f2209,raises,Medium_GI
f2210,raises,Medium_GI
f2211,raises,Low_GI
f2212,raises,Low_GI
f2213,raises,Medium_GI
f2214,raises,Low_GI
f2215,raises,Medium_GI
f2216,raises,Low_GI
f2217,raises,Medium_GI
f2218,raises,Low_GI
f2219,raises,Low_GI
f2220,raises,Medium_GI
f2221,raises,Medium_GI
f2222,raises,Medium_GI
f2223,raises,Medium_GI
f2224,raises,Low_GI
f2225,raises,Medium_GI
f2226,raises,Medium_GI
f2227,raises,Medium_GI
f2228,raises,Low_GI
f2229,raises,Low_GI
f2230,raises,Medium_GI
f2231,raises,Medium_GI
f2232,raises,Low_GI
f2233,raises,High_GI
f2234,raises,Medium_GI
f2235,raises,Medium_GI
f2236,raises,Medium_GI
f2237,raises,Low_GI
f2238,raises,Medium_GI
f2239,raises,Medium_GI
f2240,raises,High_GI
f2241,raises,Medium_GI
f2242,raises,Low_GI
f2243,raises,Low_GI
f2244,raises,Medium_GI
f2245,raises,Low_GI
f2246,raises,Low_GI
f2247,raises,Medium_GI
f2248,raises,Medium_GI
f2249,raises,Medium_GI
f2250,raises,Medium_GI
f2251,raises,Medium_GI
f2252,raises,Low_GI
f2253,raises,Low_GI
f2254,raises,Low_GI
f2255,raises,High_GI
f2256,raises,Medium_GI
f2257,raises,Low_GI
f2258,raises,Medium_GI
f2259,raises,Medium_GI
f2260,raises,Medium_GI
f2261,raises,Medium_GI
f2262,raises,Low_GI
f2263,raises,Medium_GI
f2264,raises,Low_GI
f2265,raises,Medium_GI
f2266,raises,Medium_GI
f2267,raises,Low_GI
f2268,raises,Low_GI
f2269,raises,Medium_GI
f2270,raises,Medium_GI
f2271,raises,Medium_GI
f2272,raises,Medium_GI
f2273,raises,High_GI
f2274,raises,Low_GI
f2275,raises,Low_GI
f2276,raises,Medium_GI
f2277,raises,High_GI
f2278,raises,Medium_GI
f2279,raises,Medium_GI
f2280,raises,Low_GI
f2281,raises,Low_GI
f2282,raises,Medium_GI
f2283,raises,Medium_GI
f2284,raises,Medium_GI
f2285,raises,Medium_GI
f2286,raises,Low_GI
f2287,raises,Medium_GI
f2288,raises,Low_GI
f2289,raises,Medium_GI
f2290,raises,Medium_GI
f2291,raises,Low_GI
f2292,raises,Low_GI
f2293,raises,Medium_GI
f2294,raises,Medium_GI
f2295,raises,Medium_GI
f2296,raises,Medium_GI
f2297,raises,Medium_GI
f2298,raises,Low_GI
f2299,raises,Medium_GI
f2300,raises,Low_GI
f2301,raises,Low_GI
f2302,raises,Medium_GI
f2303,raises,Medium_GI
f2304,raises,Low_GI
f2305,raises,Low_GI
f2306,raises,Medium_GI
f2307,raises,Medium_GI
f2308,raises,Medium_GI
f2309,raises,Medium_GI
f2310,raises,Low_GI
f2311,raises,Medium_GI
f2312,raises,Medium_GI
f2313,raises,Medium_GI
f2314,raises,Low_GI
f2315,raises,Medium_GI
f2316,raises,Low_GI
f2317,raises,Medium_GI
f2318,raises,Low_GI
f2319,raises,Medium_GI
f2320,raises,Low_GI
f2321,raises,Medium_GI
f2322,raises,Low_GI
f2323,raises,Low_GI
f2324,raises,Low_GI
f2325,raises,Low_GI
f2326,raises,Medium_GI
f2327,raises,Medium_GI
f2328,raises,Low_GI
f2329,raises,High_GI
f2330,raises,Medium_GI
f2331,raises,Low_GI
f2332,raises,Medium_GI
f2333,raises,Low_GI
f2334,raises,Low_GI
f2335,raises,Medium_GI
f2336,raises,Low_GI
f2337,raises,Low_GI
f2338,raises,Medium_GI
f2339,raises,Medium_GI
f2340,raises,Low_GI
f2341,raises,High_GI
f2342,raises,Medium_GI
f2343,raises,Medium_GI
f2344,raises,Low_GI
f2345,raises,Medium_GI
f2346,raises,Medium_GI
f2347,raises,Medium_GI
f2348,raises,Medium_GI
f2349,raises,Medium_GI
f2350,raises,Medium_GI
f2351,raises,Low_GI
f2352,raises,Low_GI
f2353,raises,Medium_GI
f2354,raises,Low_GI
f2355,raises,High_GI
f2356,raises,Medium_GI
f2357,raises,Low_GI
f2358,raises,Low_GI
f2359,raises,Medium_GI
f2360,raises,Medium_GI
f2361,raises,Medium_GI
f2362,raises,Medium_GI
f2363,raises,Low_GI
f2364,raises,Low_GI
f2365,raises,Low_GI
f2366,raises,Low_GI
f2367,raises,Medium_GI
f2368,raises,Medium_GI
f2369,raises,Low_GI
f2370,raises,Low_GI
f2371,raises,Medium_GI
f2372,raises,High_GI
f2373,raises,Low_GI
f2374,raises,Low_GI
f2375,raises,High_GI
f2376,raises,Medium_GI
f2377,raises,Low_GI
f2378,raises,Medium_GI
f2379,raises,Medium_GI
f2380,raises,Medium_GI
f2381,raises,Medium_GI
f2382,raises,Medium_GI
f2383,raises,Low_GI
f2384,raises,Medium_GI
f2385,raises,Medium_GI
f2386,raises,Medium_GI
f2387,raises,Medium_GI
f2388,raises,Medium_GI
f2389,raises,Medium_GI
f2390,raises,Medium_GI
f2391,raises,Medium_GI
f2392,raises,Medium_GI
f2393,raises,Medium_GI
f2394,raises,Medium_GI
f2395,raises,Medium_GI
f2396,raises,Medium_GI
f2397,raises,Low_GI
f2398,raises,Low_GI
f2399,raises,Low_GI
f2400,raises,Low_GI
f2401,raises,Low_GI
f2402,raises,Medium_GI
f2403,raises,Low_GI
f2404,raises,Medium_GI
f2405,raises,Medium_GI
f2406,raises,Low_GI
f2407,raises,High_GI
f2408,raises,Low_GI
f2409,raises,Low_GI
f2410,raises,Low_GI
f2411,raises,Medium_GI
f2412,raises,Medium_GI
f2413,raises,Medium_GI
f2414,raises,Medium_GI
f2415,raises,Medium_GI
f2416,raises,Low_GI
f2417,raises,High_GI
f2418,raises,Medium_GI
f2419,raises,Low_GI
f2420,raises,Medium_GI
f2421,raises,Medium_GI
f2422,raises,Low_GI
f2423,raises,Medium_GI
f2424,raises,Low_GI
f2425,raises,Medium_GI
f2426,raises,Medium_GI
f2427,raises,Medium_GI
f2428,raises,Medium_GI
f2429,raises,Medium_GI
f2430,raises,Medium_GI
f2431,raises,Medium_GI
f2432,raises,Medium_GI
f2433,raises,Low_GI
f2434,raises,Medium_GI
f2435,raises,Medium_GI
f2436,raises,Medium_GI
f2437,raises,Low_GI
f2438,raises,Low_GI
f2439,raises,Low_GI
f2440,raises,Medium_GI
f2441,raises,Low_GI
f2442,raises,Low_GI
f2443,raises,Low_GI
f2444,raises,Medium_GI
f2445,raises,Low_GI
f2446,raises,Low_GI
f2447,raises,Low_GI
f2448,raises,Medium_GI
f2449,raises,Medium_GI
f2450,raises,Medium_GI
f2451,raises,Medium_GI
f2452,raises,Low_GI
f2453,raises,Low_GI
f2454,raises,Low_GI
f2455,raises,Low_GI
f2456,raises,Low_GI
f2457,raises,Medium_GI
f2458,raises,Low_GI
f2459,raises,Low_GI
f2460,raises,Low_GI
f2461,raises,Low_GI
f2462,raises,Low_GI
f2463,raises,Low_GI
f2464,raises,Medium_GI
f2465,raises,Medium_GI
f2466,raises,Medium_GI
f2467,raises,Medium_GI
f2468,raises,Low_GI
f2469,raises,Medium_GI
f2470,raises,Medium_GI
f2471,raises,Low_GI
f2472,raises,Low_GI
f2473,raises,Low_GI
f2474,raises,Medium_GI
f2475,raises,Medium_GI
f2476,raises,Medium_GI
f2477,raises,Low_GI
f2478,raises,Medium_GI
f2479,raises,Low_GI
f2480,raises,High_GI
f2481,raises,Medium_GI
f2482,raises,Medium_GI
f2483,raises,Medium_GI
f2484,raises,Medium_GI
f2485,raises,Medium_GI
f2486,raises,Medium_GI
f2487,raises,Medium_GI
f2488,raises,Medium_GI
f2489,raises,Low_GI
f2490,raises,Low_GI
f2491,raises,Medium_GI
f2492,raises,High_GI
f2493,raises,Low_GI
f2494,raises,Medium_GI
f2495,raises,Low_GI
f2496,raises,Medium_GI
f2497,raises,Low_GI
f2498,raises,Medium_GI
f2499,raises,Low_GI
f2500,raises,Low_GI
