food_id,food_item,calories,carbs,protein,fat,glycemic_index,meal_type,culture,estimated_weight_g
f1000,Millet with fish and tomato,1140.535373,152.9,45.9,33.6,52,Breakfast,Sri Lankan,877
f1001,Rice with chicken and cabbage,750.4780115,78.3,39,29,69,Breakfast,Sri Lankan,577
f1002,Millet with chicken and beans,1197.418738,149.6,52.2,40.9,52,Dinner,Sri Lankan,921
f1003,Millet with beef and onion,1271.988528,72.4,35.8,92.9,63,Lunch,Sri Lankan,978
f1004,Wheat with egg and cucumber,948.8527725,120.8,37.1,32.2,69,Dinner,Sri Lankan,730
f1005,Millet with egg and carrot,1267.686424,148.6,42.4,52.1,64,Breakfast,Sri Lankan,975
f1006,Kurakkan with beef and cucumber,516.4913958,3.7,64.5,26.3,65,Dinner,Sri Lankan,397
f1007,Bread with chicken and cabbage,1165.869981,126.5,55,46.8,65,Dinner,Sri Lankan,897
f1008,Rice with egg and carrot,852.2944551,105.2,19.6,38.7,70,Snack,Sri Lankan,656
f1009,Bread with egg and onion,990.6787763,43.5,59.8,63.5,64,Dinner,Sri Lankan,762
f1010,Wheat with lentils and carrot,1782.026769,145.8,24.7,122.2,56,Dinner,Sri Lankan,1371
f1011,Millet with tofu and tomato,581.500956,40.9,42,26.2,63,Breakfast,Sri Lankan,447
f1012,Wheat with fish and carrot,1997.609943,135,46.7,140,60,Lunch,Sri Lankan,1537
f1013,Bread with fish and carrot,691.4435946,74.2,27.7,26.7,49,Breakfast,Sri Lankan,532
f1014,Rice with lentils and onion,848.709369,114.3,20.8,30.7,54,Lunch,Sri Lankan,653
f1015,Bread with fish and beans,1565.487572,123.3,22.5,109.2,48,Lunch,Sri Lankan,1204
f1016,Kurakkan with mung beans and cucumber,303.7762906,42.7,9.4,8.9,57,Lunch,Sri Lankan,234
f1017,Millet with fish and beans,491.1567878,29.2,43,21.4,49,Snack,Sri Lankan,378
f1018,Rice with beef and cucumber,704.3499044,38.4,73.2,26.8,51,Snack,Sri Lankan,542
f1019,Kurakkan with tofu and onion,986.1376673,9.5,9,102.5,58,Lunch,Sri Lankan,759
f1020,Bread with tofu and tomato,1265.774379,20.8,22.6,121.9,69,Dinner,Sri Lankan,974
f1021,Kurakkan with beef and cucumber,490.4397706,8.6,57.4,24.5,53,Snack,Sri Lankan,377
f1022,Kurakkan with mung beans and cabbage,404.875717,42.8,31.7,10.8,59,Lunch,Sri Lankan,311
f1023,Bread with lentils and cabbage,1515.774379,90.5,21.5,117.9,62,Snack,Sri Lankan,1166
f1024,Kurakkan with chicken and tomato,1344.407266,13.7,52,119.9,68,Breakfast,Sri Lankan,1034
f1025,Millet with chicken and carrot,1636.711281,100.3,30.3,121.2,67,Snack,Sri Lankan,1259
f1026,Rice with mung beans and carrot,1309.512428,60.7,8.8,114.7,62,Dinner,Sri Lankan,1007
f1027,Millet with chicken and beans,1771.510516,118.2,73.6,111.7,60,Snack,Sri Lankan,1363
f1028,Millet with fish and carrot,1530.114723,105.4,38.8,106.3,62,Dinner,Sri Lankan,1177
f1029,Millet with beef and tomato,956.2619503,97.9,46.7,40.4,66,Snack,Sri Lankan,736
f1030,Rice with beef and tomato,664.4359465,43,51.4,30.3,47,Lunch,Sri Lankan,511
f1031,Kurakkan with mung beans and beans,283.4608031,15.8,6.1,22,61,Dinner,Sri Lankan,218
f1032,Bread with mung beans and onion,1056.644359,144.9,33.6,37.3,58,Dinner,Sri Lankan,813
f1033,Kurakkan with mung beans and carrot,990.4397706,21.5,24.2,89.8,53,Snack,Sri Lankan,762
f1034,Wheat with chicken and tomato,831.0229446,81.5,43.1,34.3,64,Snack,Sri Lankan,639
f1035,Wheat with mung beans and cucumber,630.0191205,79.5,30.8,18.3,49,Lunch,Sri Lankan,485
f1036,Kurakkan with beef and cucumber,1166.586998,6.5,55.8,102.6,58,Lunch,Sri Lankan,897
f1037,Bread with fish and cabbage,474.1873805,42.2,31.8,18.5,47,Breakfast,Sri Lankan,365
f1038,Bread with beef and carrot,906.5487572,91.4,60.8,30,67,Breakfast,Sri Lankan,697
f1039,Millet with mung beans and beans,620.2198853,69.4,12.4,32.3,54,Snack,Sri Lankan,477
f1040,Bread with chicken and cabbage,1360.42065,30.8,63,109.8,60,Breakfast,Sri Lankan,1046
f1041,Millet with egg and carrot,1358.986616,33.7,25.4,125.8,49,Breakfast,Sri Lankan,1045
f1042,Millet with fish and onion,985.6596558,92,79,30,52,Breakfast,Sri Lankan,758
f1043,Millet with tofu and onion,1925.43021,162,37.6,122.4,56,Dinner,Sri Lankan,1481
f1044,Rice with beef and beans,758.6042065,71.5,55.7,26.2,57,Breakfast,Sri Lankan,584
f1045,Rice with beef and onion,1304.015296,23.7,31.5,121.2,55,Lunch,Sri Lankan,1003
f1046,Kurakkan with mung beans and beans,425.6692161,44.3,40.5,9,53,Breakfast,Sri Lankan,327
f1047,Rice with fish and onion,651.290631,32.4,76.3,22.3,50,Snack,Sri Lankan,501
f1048,Bread with fish and cucumber,1243.785851,21.8,57.7,103,56,Lunch,Sri Lankan,957
f1049,Bread with tofu and carrot,894.3594646,97.8,35.7,37.3,56,Breakfast,Sri Lankan,688
f1050,Millet with mung beans and onion,1032.265774,162,49.1,17.1,68,Breakfast,Sri Lankan,794
f1051,Kurakkan with mung beans and beans,896.749522,10.3,15.2,89.9,61,Snack,Sri Lankan,690
f1052,Millet with fish and cucumber,917.0650096,113,43.8,28.8,66,Dinner,Sri Lankan,705
f1053,Millet with fish and onion,973.4703633,128.8,43.5,27.6,54,Breakfast,Sri Lankan,749
f1054,Kurakkan with mung beans and cabbage,622.8489484,22.3,15.4,52.3,48,Dinner,Sri Lankan,479
f1055,Wheat with lentils and carrot,1949.56979,166.9,22.9,132.3,60,Breakfast,Sri Lankan,1500
f1056,Kurakkan with egg and tomato,1237.09369,56.5,23.2,102.6,61,Snack,Sri Lankan,952
f1057,Kurakkan with fish and cabbage,1356.357553,50.6,18.2,121.5,64,Lunch,Sri Lankan,1043
f1058,Wheat with egg and tomato,1931.644359,157.8,25.4,131.9,47,Dinner,Sri Lankan,1486
f1059,Wheat with tofu and cucumber,1456.500956,42.8,41.8,116.6,47,Breakfast,Sri Lankan,1120
f1060,Millet with egg and tomato,701.4818356,48.1,47.2,34.2,65,Lunch,Sri Lankan,540
f1061,Bread with beef and tomato,1365.200765,76,35.3,101,47,Lunch,Sri Lankan,1050
f1062,Kurakkan with fish and cucumber,740.4397706,50.7,68.3,28.4,58,Dinner,Sri Lankan,570
f1063,Millet with tofu and carrot,1183.795411,35.1,13.9,109.9,67,Breakfast,Sri Lankan,911
f1064,Bread with chicken and tomato,1167.06501,142.2,39.7,46.2,70,Breakfast,Sri Lankan,898
f1065,Millet with fish and onion,1414.913958,54.7,39,115.9,60,Breakfast,Sri Lankan,1088
f1066,Bread with fish and carrot,1714.627151,105.9,37.6,127.6,64,Lunch,Sri Lankan,1319
f1067,Kurakkan with lentils and cabbage,1638.862333,79.3,14,142,62,Lunch,Sri Lankan,1261
f1068,Kurakkan with mung beans and carrot,1053.537285,17.7,5.1,107.4,47,Snack,Sri Lankan,810
f1069,Rice with tofu and tomato,924.2351816,145.7,23.7,23.3,52,Breakfast,Sri Lankan,711
f1070,Bread with chicken and cucumber,698.374761,24.2,76.5,31.9,67,Breakfast,Sri Lankan,537
f1071,Kurakkan with mung beans and cucumber,1198.852772,1.5,28.8,120.8,58,Lunch,Sri Lankan,922
f1072,Kurakkan with fish and cabbage,1031.787763,7.6,28.1,99.3,53,Dinner,Sri Lankan,794
f1073,Bread with fish and beans,859.7036329,75.8,48.2,40,52,Snack,Sri Lankan,661
f1074,Bread with tofu and cabbage,797.8011472,63,36.4,43.1,47,Lunch,Sri Lankan,614
f1075,Rice with beef and onion,1513.145315,89.3,34.4,112,54,Snack,Sri Lankan,1164
f1076,Bread with egg and cucumber,911.3288719,130.3,18.7,30.9,64,Lunch,Sri Lankan,701
f1077,Millet with fish and tomato,1087.954111,104.3,61.8,44.4,49,Lunch,Sri Lankan,837
f1078,Bread with chicken and tomato,941.6826004,99.6,55.4,33.4,61,Lunch,Sri Lankan,724
f1079,Bread with beef and beans,1540.869981,30.7,63.4,129.8,59,Snack,Sri Lankan,1185
f1080,Bread with beef and carrot,1115.678776,156.1,25.7,42.3,56,Dinner,Sri Lankan,858
f1081,Kurakkan with beef and cabbage,864.4837476,17.5,46.6,67.5,62,Dinner,Sri Lankan,665
f1082,Kurakkan with beef and onion,865.2007648,40.6,74.8,44.7,47,Dinner,Sri Lankan,666
f1083,Wheat with fish and carrot,1479.923518,101.6,26.7,105.4,52,Snack,Sri Lankan,1138
f1084,Rice with lentils and onion,941.2045889,92.3,62.4,33.5,45,Lunch,Sri Lankan,724
f1085,Bread with chicken and onion,845.3632887,70.3,61.5,33,63,Breakfast,Sri Lankan,650
f1086,Rice with lentils and carrot,1568.355641,103.1,16.4,119.7,59,Lunch,Sri Lankan,1206
f1087,Wheat with lentils and onion,1833.652008,124.9,55.8,118.4,45,Breakfast,Sri Lankan,1411
f1088,Rice with mung beans and carrot,684.9904398,73.2,9.5,37.7,54,Breakfast,Sri Lankan,527
f1089,Millet with lentils and cucumber,826.959847,131.5,22.6,18.9,58,Breakfast,Sri Lankan,636
f1090,Wheat with mung beans and onion,1065.487572,153.9,22,38.8,46,Breakfast,Sri Lankan,820
f1091,Bread with beef and cucumber,808.7954111,111.5,35.4,24.2,66,Snack,Sri Lankan,622
f1092,Kurakkan with mung beans and beans,440.0095602,33.1,31,19.7,63,Snack,Sri Lankan,338
f1093,Wheat with chicken and onion,1094.646272,125.1,71.5,33.4,53,Dinner,Sri Lankan,842
f1094,Wheat with mung beans and tomato,1536.328872,84.4,25.5,120.6,64,Dinner,Sri Lankan,1182
f1095,Kurakkan with tofu and onion,607.791587,60.9,39.2,21.7,63,Lunch,Sri Lankan,468
f1096,Millet with fish and carrot,1421.367113,194,41.2,51.6,64,Breakfast,Sri Lankan,1093
f1097,Kurakkan with tofu and carrot,793.7380497,6.3,67.2,52.2,47,Dinner,Sri Lankan,611
f1098,Kurakkan with tofu and carrot,991.873805,63.4,40.5,61.4,53,Snack,Sri Lankan,763
f1099,Kurakkan with lentils and carrot,678.7762906,84.5,12.3,31.3,51,Lunch,Sri Lankan,522
f1100,Bread with beef and cabbage,1325.286807,75.3,31,99.5,50,Lunch,Sri Lankan,1019
f1101,Rice with fish and tomato,533.2217973,51.9,50.2,12.8,64,Snack,Sri Lankan,410
f1102,Bread with mung beans and carrot,1221.797323,86.7,25.6,84.2,56,Lunch,Sri Lankan,940
f1103,Bread with egg and carrot,885.5162524,124.5,29.3,26.8,58,Lunch,Sri Lankan,681
f1104,Millet with fish and carrot,1010.755258,97.1,64.5,39.5,63,Lunch,Sri Lankan,778
f1105,Rice with fish and beans,462.9541109,38.3,24,23.5,61,Breakfast,Sri Lankan,356
f1106,Rice with mung beans and onion,414.9139579,19.7,46.3,15.9,63,Snack,Sri Lankan,319
f1107,Wheat with beef and cabbage,980.1625239,127.6,61.2,20.4,55,Breakfast,Sri Lankan,754
f1108,Bread with fish and onion,1370.458891,56.3,43.8,107.6,60,Lunch,Sri Lankan,1054
f1109,Kurakkan with fish and cabbage,1015.774379,7.3,33.2,95.6,68,Snack,Sri Lankan,781
f1110,Kurakkan with fish and carrot,539.4359465,48.7,34,21.4,56,Snack,Sri Lankan,415
f1111,Rice with lentils and beans,1652.724665,104.5,27.4,123.7,69,Snack,Sri Lankan,1271
f1112,Wheat with lentils and carrot,998.8049713,100.4,25.9,52.3,59,Lunch,Sri Lankan,768
f1113,Kurakkan with beef and carrot,520.5544933,6.3,61.2,27.6,47,Dinner,Sri Lankan,400
f1114,Wheat with chicken and cabbage,586.998088,73.8,27.9,18.2,54,Breakfast,Sri Lankan,452
f1115,Wheat with lentils and onion,911.0898662,97.6,51.9,32.2,62,Dinner,Sri Lankan,701
f1116,Wheat with fish and cabbage,1091.300191,134.6,48.3,38.6,48,Dinner,Sri Lankan,839
f1117,Wheat with tofu and cucumber,1372.370937,39,51.9,108.2,53,Breakfast,Sri Lankan,1056
f1118,Kurakkan with mung beans and onion,332.456979,36.1,14.6,13.7,68,Lunch,Sri Lankan,256
f1119,Millet with beef and onion,1400.81262,57.1,59,104.3,57,Snack,Sri Lankan,1078
f1120,Kurakkan with fish and cucumber,542.3040153,29.2,50.9,23.1,65,Breakfast,Sri Lankan,417
f1121,Bread with lentils and onion,955.5449331,100.5,22.6,49,65,Breakfast,Sri Lankan,735
f1122,Wheat with chicken and tomato,1720.124283,82.8,46,127.2,58,Breakfast,Sri Lankan,1323
f1123,Rice with chicken and beans,1305.688337,96.6,41,83.1,46,Snack,Sri Lankan,1004
f1124,Wheat with beef and cucumber,693.5946463,82.1,53.6,13.5,52,Lunch,Sri Lankan,534
f1125,Kurakkan with egg and cucumber,619.2638623,44.3,38.9,31.1,46,Breakfast,Sri Lankan,476
f1126,Kurakkan with egg and cucumber,523.6615679,15.9,45.3,30,50,Snack,Sri Lankan,403
f1127,Kurakkan with chicken and beans,1334.608031,68.7,18.8,107.8,70,Lunch,Sri Lankan,1027
f1128,Millet with mung beans and cabbage,789.6749522,121.2,24.4,19.2,58,Snack,Sri Lankan,607
f1129,Rice with fish and cucumber,1499.760994,112.7,47.9,94.9,66,Breakfast,Sri Lankan,1154
f1130,Bread with egg and cucumber,776.0516252,60.3,40.2,38.7,56,Breakfast,Sri Lankan,597
f1131,Kurakkan with egg and onion,636.4722753,44.6,56.3,24.5,63,Snack,Sri Lankan,490
f1132,Millet with fish and beans,846.0803059,58.2,57.5,41.8,56,Breakfast,Sri Lankan,651
f1133,Wheat with tofu and cucumber,828.6328872,95.7,39.2,27.7,50,Dinner,Sri Lankan,637
f1134,Rice with tofu and cabbage,978.9674952,95,51.4,42.2,54,Lunch,Sri Lankan,753
f1135,Wheat with fish and onion,1081.739962,95.6,66.4,45.4,62,Snack,Sri Lankan,832
f1136,Millet with fish and cucumber,1168.73805,173.2,32.7,35.4,61,Breakfast,Sri Lankan,899
f1137,Bread with fish and tomato,932.6003824,67.1,71.4,40.4,45,Lunch,Sri Lankan,717
f1138,Rice with mung beans and beans,1155.83174,124.2,10.1,69.5,52,Dinner,Sri Lankan,889
f1139,Kurakkan with fish and beans,456.2619503,14,40.2,26.4,47,Lunch,Sri Lankan,351
f1140,Rice with lentils and cucumber,927.1032505,149.3,24.7,24.2,53,Breakfast,Sri Lankan,713
f1141,Wheat with tofu and onion,1722.753346,93,41.8,131.5,50,Breakfast,Sri Lankan,1325
f1142,Kurakkan with beef and beans,1126.912046,139.1,24.4,51.9,51,Dinner,Sri Lankan,867
f1143,Bread with lentils and cabbage,1124.043977,133.4,39,45.8,53,Lunch,Sri Lankan,865
f1144,Wheat with fish and tomato,1281.070746,114.9,88.2,44.4,60,Dinner,Sri Lankan,985
f1145,Bread with chicken and onion,1756.214149,86.3,49.2,133.8,59,Snack,Sri Lankan,1351
f1146,Kurakkan with tofu and tomato,1099.665392,11.6,16.6,111.1,61,Lunch,Sri Lankan,846
f1147,Rice with mung beans and beans,807.1223709,59.3,39.2,42.3,45,Snack,Sri Lankan,621
f1148,Wheat with fish and onion,1746.414914,128.2,38.4,119.1,58,Snack,Sri Lankan,1343
f1149,Kurakkan with lentils and tomato,1139.818356,45.2,27.3,93.9,68,Breakfast,Sri Lankan,877
f1150,Kurakkan with chicken and carrot,1369.024857,84.6,33.2,100.6,57,Breakfast,Sri Lankan,1053
f1151,Millet with lentils and tomato,1032.982792,108.7,22.5,53.5,56,Dinner,Sri Lankan,795
f1152,Bread with fish and tomato,1408.221797,65.3,31.5,110.6,65,Breakfast,Sri Lankan,1083
f1153,Bread with fish and cucumber,582.456979,26.1,55.6,27.9,45,Breakfast,Sri Lankan,448
f1154,Kurakkan with beef and onion,1464.388145,23.4,69,122.4,64,Dinner,Sri Lankan,1126
f1155,Rice with egg and beans,1517.686424,87.7,25.2,118.2,56,Snack,Sri Lankan,1167
f1156,Millet with egg and tomato,959.6080306,120.6,59.8,24,70,Snack,Sri Lankan,738
f1157,Millet with mung beans and beans,423.9961759,32.3,24.7,20.8,67,Snack,Sri Lankan,326
f1158,Wheat with chicken and tomato,1905.83174,138.7,28.9,135,58,Breakfast,Sri Lankan,1466
f1159,Bread with beef and cucumber,1638.145315,98.4,39.9,120.6,55,Lunch,Sri Lankan,1260
f1160,Kurakkan with chicken and carrot,712.7151052,53.5,35.2,39,61,Snack,Sri Lankan,548
f1161,Kurakkan with egg and beans,565.4875717,45.9,49.2,20,45,Snack,Sri Lankan,435
f1162,Rice with mung beans and cucumber,656.5487572,87.4,24.6,21.8,53,Lunch,Sri Lankan,505
f1163,Millet with tofu and beans,729.4455067,81.6,41.1,23.4,62,Lunch,Sri Lankan,561
f1164,Kurakkan with fish and beans,669.6940727,72.7,39,22.2,67,Dinner,Sri Lankan,515
f1165,Bread with tofu and cucumber,1457.456979,35.5,41.6,127.9,48,Dinner,Sri Lankan,1121
f1166,Kurakkan with fish and cucumber,1114.722753,21.2,18.5,106.7,53,Dinner,Sri Lankan,857
f1167,Millet with mung beans and carrot,592.2562141,75.5,13.8,23.3,52,Snack,Sri Lankan,456
f1168,Bread with beef and onion,969.16826,82.7,54.4,45.3,53,Snack,Sri Lankan,746
f1169,Bread with chicken and cucumber,1572.89675,55,40.2,131.9,69,Lunch,Sri Lankan,1210
f1170,Wheat with tofu and cabbage,831.2619503,82.4,23.6,40.4,49,Breakfast,Sri Lankan,639
f1171,Bread with lentils and cucumber,1032.743786,86.3,39.5,54.5,65,Breakfast,Sri Lankan,794
f1172,Bread with fish and onion,1125.478011,65.8,87.3,56.1,52,Snack,Sri Lankan,866
f1173,Kurakkan with chicken and tomato,1105.40153,28.2,29.9,97.6,54,Dinner,Sri Lankan,850
f1174,Millet with lentils and cucumber,823.6137667,93.5,58.2,20.6,63,Dinner,Sri Lankan,634
f1175,Rice with mung beans and cabbage,760.7552581,112.7,23.4,21.1,65,Lunch,Sri Lankan,585
f1176,Bread with lentils and tomato,1099.18738,118.5,64.8,38.1,52,Snack,Sri Lankan,846
f1177,Rice with beef and tomato,873.3269598,76.8,44.9,41.4,45,Dinner,Sri Lankan,672
f1178,Wheat with beef and onion,934.9904398,50,51.3,58.8,57,Breakfast,Sri Lankan,719
f1179,Wheat with fish and cabbage,1295.650096,100.3,25,87,61,Lunch,Sri Lankan,997
f1180,Bread with mung beans and tomato,1258.604207,176.9,25.9,48.7,59,Lunch,Sri Lankan,968
f1181,Kurakkan with egg and beans,475.1434034,49.7,39,12.7,47,Breakfast,Sri Lankan,365
f1182,Rice with chicken and cabbage,904.3977055,129.5,24.5,29,54,Lunch,Sri Lankan,696
f1183,Kurakkan with chicken and tomato,549.9521989,36,53.3,20.1,54,Dinner,Sri Lankan,423
f1184,Wheat with lentils and beans,799.7131931,117.6,28.5,20.4,64,Breakfast,Sri Lankan,615
f1185,Rice with egg and cabbage,1303.537285,168.9,33.3,53.7,60,Breakfast,Sri Lankan,1003
f1186,Wheat with beef and cucumber,1190.726577,43.5,41.8,94.2,66,Snack,Sri Lankan,916
f1187,Millet with egg and onion,1000.478011,87.9,68.2,38.6,53,Snack,Sri Lankan,770
f1188,Millet with lentils and cabbage,1249.282983,180.2,25.8,43.5,61,Breakfast,Sri Lankan,961
f1189,Rice with fish and cabbage,2114.005736,98,11.4,186.2,54,Dinner,Sri Lankan,1626
f1190,Wheat with chicken and beans,805.9273423,98,41.7,25.9,54,Snack,Sri Lankan,620
f1191,Wheat with beef and cucumber,1478.489484,71.5,36.5,116.9,52,Dinner,Sri Lankan,1137
f1192,Kurakkan with lentils and cabbage,598.709369,64.3,38.3,19,53,Lunch,Sri Lankan,461
f1193,Kurakkan with egg and onion,795.6500956,48.3,37,48.6,51,Dinner,Sri Lankan,612
f1194,Rice with mung beans and cucumber,809.751434,63.4,44.5,40.8,56,Snack,Sri Lankan,623
f1195,Bread with mung beans and beans,1466.300191,68.1,27.5,120.6,47,Lunch,Sri Lankan,1128
f1196,Bread with fish and carrot,1565.965583,105.4,37.7,108.5,66,Breakfast,Sri Lankan,1205
f1197,Millet with egg and onion,1080.783939,79.3,46.4,62.2,67,Lunch,Sri Lankan,831
f1198,Wheat with beef and cucumber,1176.147228,157.1,42.1,41.1,49,Breakfast,Sri Lankan,905
f1199,Millet with beef and cucumber,700.2868069,69.9,54.5,20.9,60,Snack,Sri Lankan,539
f1200,Wheat with beef and carrot,1552.820268,116.5,61.8,91,61,Dinner,Sri Lankan,1194
f1201,Bread with egg and carrot,706.2619503,25.2,45.9,45.4,53,Lunch,Sri Lankan,543
f1202,Kurakkan with egg and cucumber,626.1950287,75.8,22.7,24.7,63,Dinner,Sri Lankan,482
f1203,Bread with egg and carrot,842.4952199,44.1,53.3,48.8,53,Breakfast,Sri Lankan,648
f1204,Bread with mung beans and carrot,1166.826004,42.5,33,93.7,58,Snack,Sri Lankan,898
f1205,Rice with beef and carrot,896.9885277,26.6,54.5,62.5,51,Snack,Sri Lankan,690
f1206,Kurakkan with chicken and cucumber,601.8164436,44.3,66.4,16.5,68,Dinner,Sri Lankan,463
f1207,Kurakkan with fish and carrot,1149.378585,24.5,30.6,104.2,61,Breakfast,Sri Lankan,884
f1208,Rice with chicken and onion,1772.705545,134.4,45.3,116.6,48,Snack,Sri Lankan,1364
f1209,Bread with beef and cabbage,835.3250478,84.2,49.4,31.3,45,Dinner,Sri Lankan,643
f1210,Kurakkan with beef and cabbage,1261.472275,4.8,42.3,120.3,67,Dinner,Sri Lankan,970
f1211,Millet with fish and cabbage,397.7055449,44.7,24,11.5,64,Dinner,Sri Lankan,306
f1212,Millet with chicken and carrot,886.2332696,72.3,70.7,31.6,60,Dinner,Sri Lankan,682
f1213,Wheat with fish and cabbage,943.1166348,128.8,44.1,26.4,54,Lunch,Sri Lankan,725
f1214,Rice with tofu and beans,1145.793499,44.9,37.5,90.3,61,Lunch,Sri Lankan,881
f1215,Millet with fish and carrot,560.9464627,87,11.8,16,47,Breakfast,Sri Lankan,431
f1216,Bread with chicken and cabbage,821.4627151,103.9,27.5,30.4,65,Snack,Sri Lankan,632
f1217,Millet with mung beans and tomato,609.9426386,108,17.5,8.2,70,Breakfast,Sri Lankan,469
f1218,Rice with tofu and cucumber,1523.183556,84.7,21.7,124.5,66,Breakfast,Sri Lankan,1172
f1219,Wheat with beef and cucumber,995.6978967,61.4,73,48.1,65,Snack,Sri Lankan,766
f1220,Bread with lentils and beans,1393.881453,92.2,17.1,106.6,56,Dinner,Sri Lankan,1072
f1221,Millet with lentils and tomato,619.2638623,62.5,31.2,25.3,52,Dinner,Sri Lankan,476
f1222,Wheat with mung beans and tomato,962.2370937,125.6,20.2,41.2,65,Dinner,Sri Lankan,740
f1223,Wheat with egg and cucumber,1569.072658,104.6,30.7,113.3,59,Snack,Sri Lankan,1207
f1224,Bread with mung beans and onion,698.1357553,52.5,59.6,26.5,53,Breakfast,Sri Lankan,537
f1225,Bread with beef and beans,721.7973231,104.6,32.9,15.6,70,Breakfast,Sri Lankan,555
f1226,Wheat with lentils and beans,902.0076482,138.1,29.8,21.1,65,Breakfast,Sri Lankan,694
f1227,Wheat with mung beans and cucumber,671.1281071,79.3,45.3,17.4,63,Lunch,Sri Lankan,516
f1228,Rice with beef and carrot,1592.49522,32.2,55.5,138.4,48,Breakfast,Sri Lankan,1225
f1229,Millet with lentils and carrot,1227.533461,56.2,11.4,105.8,66,Lunch,Sri Lankan,944
f1230,Wheat with chicken and carrot,996.1759082,111.3,40.5,40.2,48,Dinner,Sri Lankan,766
f1231,Rice with mung beans and onion,1111.854685,137.9,28,46.8,48,Lunch,Sri Lankan,855
f1232,Rice with egg and tomato,1266.25239,57.8,29.3,102.6,59,Snack,Sri Lankan,974
f1233,Kurakkan with egg and onion,717.9732314,20.8,51.6,46.7,70,Dinner,Sri Lankan,552
f1234,Kurakkan with egg and onion,1114.244742,64.4,17.1,87.4,68,Lunch,Sri Lankan,857
f1235,Kurakkan with beef and carrot,671.3671128,74.2,31.3,27,47,Lunch,Sri Lankan,516
f1236,Kurakkan with beef and carrot,1159.894837,47.2,28.5,94.1,54,Dinner,Sri Lankan,892
f1237,Wheat with fish and cucumber,1611.854685,152.8,8.5,107.4,55,Lunch,Sri Lankan,1240
f1238,Bread with chicken and cucumber,999.2829828,98.3,64.1,37,56,Snack,Sri Lankan,769
f1239,Bread with egg and cabbage,850.3824092,129.3,29.4,22.5,66,Snack,Sri Lankan,654
f1240,Bread with lentils and cucumber,1037.523901,114.2,33.8,47.5,45,Snack,Sri Lankan,798
f1241,Wheat with mung beans and tomato,1215.344168,183.4,21,40.9,56,Lunch,Sri Lankan,935
f1242,Millet with beef and beans,1252.390057,78.4,49.4,81.1,68,Dinner,Sri Lankan,963
f1243,Bread with chicken and carrot,839.6271511,123.1,32,19.9,61,Lunch,Sri Lankan,646
f1244,Rice with mung beans and carrot,1304.493308,92,19.9,93.8,56,Breakfast,Sri Lankan,1003
f1245,Wheat with tofu and beans,1909.17782,96.9,39.9,147.5,63,Snack,Sri Lankan,1469
f1246,Wheat with lentils and cabbage,1190.248566,131.1,52.2,48.2,66,Dinner,Sri Lankan,916
f1247,Kurakkan with mung beans and beans,846.3193117,22,6.8,81.7,62,Dinner,Sri Lankan,651
f1248,Rice with chicken and cucumber,1527.007648,90.7,34.8,114.2,68,Breakfast,Sri Lankan,1175
f1249,Millet with fish and carrot,1023.422562,111.5,38.3,46.5,47,Dinner,Sri Lankan,787
f1250,Rice with egg and cabbage,830.0669216,75.8,56.2,32.1,52,Dinner,Sri Lankan,639
f1251,Kurakkan with tofu and tomato,1051.625239,21.2,10,104.4,48,Lunch,Sri Lankan,809
f1252,Millet with fish and cucumber,967.0172084,70.1,45.8,53.1,54,Breakfast,Sri Lankan,744
f1253,Rice with tofu and tomato,1323.613767,78.5,20.3,102.9,52,Snack,Sri Lankan,1018
f1254,Millet with egg and cucumber,723.709369,56,50.5,32.1,49,Dinner,Sri Lankan,557
f1255,Bread with beef and cabbage,849.665392,65.7,75.3,28.7,68,Lunch,Sri Lankan,654
f1256,Rice with beef and cucumber,778.6806883,101.3,19.2,31.2,60,Snack,Sri Lankan,599
f1257,Bread with tofu and onion,900.0956023,100.1,36.4,36.4,49,Lunch,Sri Lankan,692
f1258,Bread with mung beans and beans,451.959847,31.7,30.6,20.8,45,Snack,Sri Lankan,348
f1259,Bread with tofu and tomato,1535.372849,113.6,43.2,99.8,51,Lunch,Sri Lankan,1181
f1260,Wheat with fish and cabbage,964.6271511,134,31.3,30.7,52,Lunch,Sri Lankan,742
f1261,Bread with mung beans and carrot,689.7705545,61.9,34.8,32.1,53,Snack,Sri Lankan,531
f1262,Wheat with chicken and tomato,1803.059273,126.6,33.4,128.5,58,Breakfast,Sri Lankan,1387
f1263,Rice with chicken and carrot,1798.75717,115.5,43.8,128.2,58,Breakfast,Sri Lankan,1384
f1264,Rice with mung beans and onion,1172.08413,64.3,20.8,92.4,60,Lunch,Sri Lankan,902
f1265,Rice with tofu and beans,1314.770554,88.8,86.3,64.5,67,Lunch,Sri Lankan,1011
f1266,Bread with chicken and onion,843.4512428,81.8,44.9,33.2,66,Snack,Sri Lankan,649
f1267,Kurakkan with beef and tomato,471.5583174,7.1,65.9,19.4,63,Lunch,Sri Lankan,363
f1268,Rice with tofu and carrot,1566.921606,111.6,26.7,112.2,47,Lunch,Sri Lankan,1205
f1269,Bread with beef and onion,1551.386233,122.1,24.8,106.4,70,Dinner,Sri Lankan,1193
f1270,Millet with lentils and onion,1154.875717,130.8,27.8,55.9,70,Lunch,Sri Lankan,888
f1271,Kurakkan with mung beans and tomato,499.0439771,62.3,17.1,18.8,45,Breakfast,Sri Lankan,384
f1272,Kurakkan with chicken and cabbage,570.2676864,35.8,57.9,20.5,61,Dinner,Sri Lankan,439
f1273,Millet with lentils and cucumber,642.9254302,63,50.3,18.8,52,Snack,Sri Lankan,495
f1274,Wheat with fish and beans,1529.636711,88.5,38.3,112.8,68,Breakfast,Sri Lankan,1177
f1275,Wheat with tofu and tomato,1521.271511,135.9,21.5,97.6,54,Dinner,Sri Lankan,1170
f1276,Bread with fish and carrot,858.9866157,74.7,68.2,28.8,46,Snack,Sri Lankan,661
f1277,Rice with egg and onion,1000.717017,112.7,29.7,46.1,62,Dinner,Sri Lankan,770
f1278,Millet with fish and cabbage,1496.65392,72.9,40.8,114.5,50,Snack,Sri Lankan,1151
f1279,Rice with lentils and tomato,677.1032505,95.1,17.8,22.5,67,Lunch,Sri Lankan,521
f1280,Wheat with lentils and cabbage,1358.986616,180.4,29,55.4,52,Dinner,Sri Lankan,1045
f1281,Bread with tofu and beans,633.3652008,55.4,55.3,19.1,52,Dinner,Sri Lankan,487
f1282,Rice with egg and beans,1025.334608,156.6,33.7,27.1,51,Snack,Sri Lankan,789
f1283,Kurakkan with fish and cabbage,449.0917782,30.4,17.1,28,59,Snack,Sri Lankan,345
f1284,Kurakkan with lentils and cucumber,744.0248566,69.1,38.8,33.8,55,Snack,Sri Lankan,572
f1285,Rice with lentils and beans,1288.479924,86.3,21.6,94.9,62,Dinner,Sri Lankan,991
f1286,Millet with mung beans and cabbage,1464.14914,104.6,15.9,107.8,50,Lunch,Sri Lankan,1126
f1287,Bread with tofu and tomato,908.6998088,81.1,62.5,33.1,56,Dinner,Sri Lankan,699
f1288,Bread with lentils and beans,841.0611855,80.4,45.7,34.3,70,Lunch,Sri Lankan,647
f1289,Millet with mung beans and onion,851.5774379,94.8,26.4,39.8,67,Lunch,Sri Lankan,655
f1290,Rice with fish and cucumber,943.1166348,122.3,41.9,30,56,Breakfast,Sri Lankan,725
f1291,Millet with lentils and onion,1027.246654,151.8,38.7,24.5,59,Lunch,Sri Lankan,790
f1292,Wheat with fish and onion,1066.921606,134.6,55.4,31.5,62,Dinner,Sri Lankan,821
f1293,Wheat with chicken and carrot,756.2141491,81.9,43.4,26.6,47,Dinner,Sri Lankan,582
f1294,Wheat with fish and tomato,1612.571702,89.2,40.8,120.6,66,Breakfast,Sri Lankan,1240
f1295,Bread with chicken and onion,2156.309751,40.1,45.7,203.5,65,Breakfast,Sri Lankan,1659
f1296,Bread with egg and carrot,1476.816444,77.6,30.2,115.4,48,Lunch,Sri Lankan,1136
f1297,Wheat with beef and cabbage,553.0592734,53.3,42.7,17.6,52,Lunch,Sri Lankan,425
f1298,Millet with tofu and beans,736.376673,38.8,50,41.5,49,Dinner,Sri Lankan,566
f1299,Rice with fish and tomato,1145.076482,151.6,36.8,39.9,50,Dinner,Sri Lankan,881
f1300,Millet with chicken and tomato,1172.08413,95.8,48.4,63,51,Snack,Sri Lankan,902
f1301,Rice with lentils and cucumber,466.5391969,47.4,24.9,16.6,69,Snack,Sri Lankan,359
f1302,Millet with beef and tomato,991.6347992,116.8,68.3,24.7,63,Snack,Sri Lankan,763
f1303,Wheat with mung beans and cabbage,1255.497132,100.1,11.1,89.3,53,Snack,Sri Lankan,966
f1304,Bread with egg and onion,1282.50478,163.1,33.1,51.5,61,Dinner,Sri Lankan,987
f1305,Kurakkan with beef and tomato,523.6615679,22,57.6,21.3,51,Breakfast,Sri Lankan,403
f1306,Millet with chicken and carrot,991.1567878,123.8,22.6,43.7,55,Snack,Sri Lankan,762
f1307,Rice with beef and cucumber,813.8145315,106,41.3,22.8,47,Lunch,Sri Lankan,626
f1308,Bread with beef and cucumber,807.8393881,88,60,22.3,64,Lunch,Sri Lankan,621
f1309,Bread with chicken and tomato,960.3250478,102.4,58,32.8,59,Lunch,Sri Lankan,739
f1310,Millet with mung beans and cabbage,985.6596558,27.2,16.7,90.4,48,Dinner,Sri Lankan,758
f1311,Bread with beef and cucumber,741.1567878,67.1,64.1,22.2,51,Snack,Sri Lankan,570
f1312,Bread with mung beans and onion,721.7973231,74.9,43.9,23.7,51,Snack,Sri Lankan,555
f1313,Millet with beef and onion,996.6539197,85.6,83.3,32.5,62,Lunch,Sri Lankan,767
f1314,Bread with tofu and carrot,1241.156788,63.5,19.3,99.6,55,Snack,Sri Lankan,955
f1315,Millet with egg and tomato,1610.42065,118.7,34.9,108.5,57,Breakfast,Sri Lankan,1239
f1316,Rice with tofu and tomato,1068.833652,30,24.2,93.9,62,Lunch,Sri Lankan,822
f1317,Bread with tofu and tomato,1626.195029,51.1,51.3,134.6,45,Lunch,Sri Lankan,1251
f1318,Kurakkan with mung beans and cucumber,1160.85086,44.5,7.7,106.6,69,Lunch,Sri Lankan,893
f1319,Wheat with fish and carrot,995.6978967,146.7,40.5,24.4,45,Breakfast,Sri Lankan,766
f1320,Millet with tofu and tomato,904.875717,102.7,56.8,26,61,Lunch,Sri Lankan,696
f1321,Wheat with lentils and onion,807.6003824,47,110.8,15.1,59,Breakfast,Sri Lankan,621
f1322,Rice with egg and cucumber,889.3403442,124.8,37.2,25.2,56,Snack,Sri Lankan,684
f1323,Bread with mung beans and onion,426.3862333,61.3,22.4,7.9,66,Dinner,Sri Lankan,328
f1324,Bread with tofu and cucumber,523.9005736,32.5,43.1,22.2,54,Dinner,Sri Lankan,403
f1325,Millet with egg and cabbage,557.6003824,47.2,35.7,22.1,58,Dinner,Sri Lankan,429
f1326,Kurakkan with mung beans and beans,426.8642447,60.9,11.3,13.5,69,Lunch,Sri Lankan,328
f1327,Wheat with beef and cucumber,776.290631,86,40.9,21.8,55,Lunch,Sri Lankan,597
f1328,Wheat with lentils and cabbage,827.91587,142.3,19.6,16.1,58,Breakfast,Sri Lankan,637
f1329,Kurakkan with fish and cucumber,1153.441683,26.6,23.1,107.1,62,Breakfast,Sri Lankan,887
f1330,Kurakkan with lentils and tomato,1018.642447,74.6,33.6,62.7,62,Lunch,Sri Lankan,784
f1331,Rice with tofu and onion,678.2982792,60.6,51.3,23.7,57,Lunch,Sri Lankan,522
f1332,Kurakkan with mung beans and cucumber,641.7304015,4.3,64.8,39.9,48,Snack,Sri Lankan,494
f1333,Rice with lentils and onion,671.6061185,76,40.8,20.4,61,Breakfast,Sri Lankan,517
f1334,Bread with fish and cabbage,2041.586998,125.8,23.1,161.9,57,Snack,Sri Lankan,1570
f1335,Rice with fish and cabbage,1582.456979,89.2,40.7,117.7,70,Dinner,Sri Lankan,1217
f1336,Bread with lentils and onion,1012.428298,150.2,25.5,32.3,52,Breakfast,Sri Lankan,779
f1337,Rice with beef and carrot,721.0803059,17.8,63.8,42.2,49,Snack,Sri Lankan,555
f1338,Bread with chicken and tomato,1215.105163,134.9,52.4,49.6,50,Snack,Sri Lankan,935
f1339,Rice with mung beans and onion,834.6080306,88.4,42.8,30.6,50,Snack,Sri Lankan,642
f1340,Wheat with fish and cucumber,1132.170172,164.7,40.8,33.1,51,Snack,Sri Lankan,871
f1341,Wheat with tofu and beans,709.6080306,88.5,30.6,22.1,53,Dinner,Sri Lankan,546
f1342,Kurakkan with lentils and tomato,516.9694073,78.8,17.5,10.6,53,Breakfast,Sri Lankan,398
f1343,Kurakkan with egg and cabbage,945.5066922,8.8,13.2,95.5,52,Lunch,Sri Lankan,727
f1344,Millet with tofu and carrot,791.5869981,78.5,35.8,33.3,55,Snack,Sri Lankan,609
f1345,Wheat with egg and cucumber,1491.156788,90.3,23,115.3,59,Lunch,Sri Lankan,1147
f1346,Bread with lentils and onion,1560.707457,90,31.9,117.6,60,Dinner,Sri Lankan,1201
f1347,Bread with tofu and cabbage,478.0114723,53.5,22.4,15.7,46,Lunch,Sri Lankan,368
f1348,Bread with fish and carrot,1235.181644,61.7,33.7,92.2,57,Snack,Sri Lankan,950
f1349,Kurakkan with beef and carrot,365.917782,22.6,30.1,15.7,66,Dinner,Sri Lankan,281
f1350,Wheat with fish and onion,1510.755258,72.3,41,118.3,57,Lunch,Sri Lankan,1162
f1351,Kurakkan with lentils and onion,724.665392,44,53.3,35.9,45,Lunch,Sri Lankan,557
f1352,Wheat with chicken and cabbage,1542.06501,66.6,51,117.1,52,Dinner,Sri Lankan,1186
f1353,Millet with egg and cabbage,1309.034417,60,24.3,106.4,64,Dinner,Sri Lankan,1007
f1354,Millet with fish and beans,1863.527725,35,73.8,159.3,53,Snack,Sri Lankan,1433
f1355,Wheat with fish and cabbage,813.3365201,117.9,26,24.2,55,Snack,Sri Lankan,626
f1356,Millet with beef and cabbage,799.9521989,83.2,55.6,25,47,Breakfast,Sri Lankan,615
f1357,Millet with tofu and tomato,829.5889101,104.1,40.6,23.3,61,Dinner,Sri Lankan,638
f1358,Millet with chicken and onion,1596.797323,108,33.5,112.8,66,Lunch,Sri Lankan,1228
f1359,Kurakkan with tofu and beans,526.290631,27,49.3,21.1,59,Dinner,Sri Lankan,405
f1360,Wheat with tofu and tomato,1071.701721,83.9,48.3,56.3,66,Snack,Sri Lankan,824
f1361,Millet with chicken and tomato,811.1854685,83.3,44.9,31.7,66,Breakfast,Sri Lankan,624
f1362,Wheat with mung beans and carrot,752.1510516,83.1,52.6,20.6,69,Lunch,Sri Lankan,579
f1363,Rice with egg and carrot,756.6921606,72.1,38.9,31.9,46,Dinner,Sri Lankan,582
f1364,Kurakkan with tofu and cucumber,701.7208413,17.3,37.7,52.6,54,Breakfast,Sri Lankan,540
f1365,Bread with chicken and cabbage,681.6443595,95.5,38.7,13,49,Lunch,Sri Lankan,524
f1366,Kurakkan with fish and tomato,1025.095602,51.4,34.7,75.7,56,Lunch,Sri Lankan,789
f1367,Kurakkan with mung beans and cabbage,835.8030593,56.6,27.5,54.1,54,Breakfast,Sri Lankan,643
f1368,Rice with mung beans and beans,972.5143403,18.7,19.6,91.6,65,Dinner,Sri Lankan,748
f1369,Bread with chicken and tomato,672.8011472,54,64.8,20.3,51,Dinner,Sri Lankan,518
f1370,Millet with fish and cucumber,1163.479924,48.9,30.6,94,54,Snack,Sri Lankan,895
f1371,Millet with chicken and carrot,1214.14914,29.5,28.6,109.6,49,Breakfast,Sri Lankan,934
f1372,Wheat with tofu and cucumber,995.2198853,140.7,38.9,31,55,Lunch,Sri Lankan,766
f1373,Wheat with egg and carrot,869.5028681,110.5,43.3,24.7,46,Lunch,Sri Lankan,669
f1374,Wheat with beef and onion,979.6845124,54.3,65.5,45.7,54,Lunch,Sri Lankan,754
f1375,Bread with beef and beans,1828.632887,93.2,38.8,146.6,52,Dinner,Sri Lankan,1407
f1376,Rice with lentils and cabbage,874.2829828,80.4,47.4,38.2,68,Dinner,Sri Lankan,673
f1377,Millet with chicken and cucumber,940.248566,121.6,49.7,25,55,Breakfast,Sri Lankan,723
f1378,Bread with chicken and cucumber,849.4263862,107.2,43.2,24.1,53,Dinner,Sri Lankan,653
f1379,Millet with lentils and beans,974.4263862,118.5,23.6,42.2,45,Breakfast,Sri Lankan,750
f1380,Millet with fish and tomato,1543.021033,99.4,23.5,115.5,51,Snack,Sri Lankan,1187
f1381,Bread with mung beans and carrot,1576.24283,82.5,15.3,133,63,Breakfast,Sri Lankan,1212
f1382,Wheat with fish and tomato,990.917782,51.1,68.7,52.3,61,Breakfast,Sri Lankan,762
f1383,Kurakkan with lentils and tomato,1223.470363,46.9,55.6,88.1,55,Lunch,Sri Lankan,941
f1384,Bread with mung beans and cucumber,488.5277247,63.9,26.4,12.6,57,Lunch,Sri Lankan,376
f1385,Millet with egg and beans,1400.095602,91,98.7,68.4,49,Snack,Sri Lankan,1077
f1386,Wheat with mung beans and cabbage,731.1185468,99,33.7,18.4,59,Breakfast,Sri Lankan,562
f1387,Bread with beef and tomato,1570.745698,78.3,54.2,115.4,56,Snack,Sri Lankan,1208
f1388,Wheat with mung beans and tomato,1043.499044,102.2,35,54.7,62,Breakfast,Sri Lankan,803
f1389,Bread with lentils and cucumber,919.2160612,126.6,38.2,24.4,61,Dinner,Sri Lankan,707
f1390,Wheat with mung beans and beans,750.9560229,82.4,24.3,35.5,68,Breakfast,Sri Lankan,578
f1391,Wheat with beef and cabbage,1703.154876,126.5,33.6,116.9,60,Lunch,Sri Lankan,1310
f1392,Bread with tofu and onion,1013.862333,35.8,42.1,77.2,54,Lunch,Sri Lankan,780
f1393,Bread with lentils and tomato,1380.736138,120,25.3,87.9,57,Snack,Sri Lankan,1062
f1394,Kurakkan with chicken and tomato,929.0152964,70.6,50.5,48.4,50,Breakfast,Sri Lankan,715
f1395,Wheat with chicken and cucumber,871.8929254,41.8,71.7,38,70,Lunch,Sri Lankan,671
f1396,Rice with mung beans and onion,1341.300191,110,41.5,80.5,53,Breakfast,Sri Lankan,1032
f1397,Rice with beef and beans,846.3193117,76.8,52,35.2,48,Breakfast,Sri Lankan,651
f1398,Millet with fish and onion,1044.455067,134.6,37.4,36.3,50,Snack,Sri Lankan,803
f1399,Millet with egg and tomato,1254.780115,29,31,113.3,49,Dinner,Sri Lankan,965
f1400,Millet with lentils and onion,436.4244742,68.8,14.2,8.8,52,Breakfast,Sri Lankan,336
f1401,Kurakkan with egg and tomato,1028.919694,29.4,25.6,89.7,53,Breakfast,Sri Lankan,791
f1402,Wheat with lentils and onion,831.7399618,87.6,50.1,29.3,50,Breakfast,Sri Lankan,640
f1403,Millet with mung beans and cucumber,1148.183556,82.3,19,80.9,63,Snack,Sri Lankan,883
f1404,Rice with lentils and cabbage,483.0305927,43,27.9,19.9,64,Dinner,Sri Lankan,372
f1405,Kurakkan with tofu and cucumber,1152.48566,44.2,8.6,105.3,63,Lunch,Sri Lankan,887
f1406,Bread with chicken and tomato,1375.478011,173.5,35.2,59.2,54,Breakfast,Sri Lankan,1058
f1407,Wheat with beef and onion,1148.422562,138.2,48.1,41.1,47,Lunch,Sri Lankan,883
f1408,Rice with chicken and tomato,758.8432122,79.3,50.3,22.7,58,Breakfast,Sri Lankan,584
f1409,Wheat with chicken and cucumber,842.4952199,90.6,67.2,21.5,45,Breakfast,Sri Lankan,648
f1410,Rice with mung beans and onion,768.1644359,79.8,30.4,35.1,66,Dinner,Sri Lankan,591
f1411,Kurakkan with chicken and cabbage,430.9273423,44.6,41.5,8.1,64,Snack,Sri Lankan,331
f1412,Bread with chicken and beans,1245.697897,37.8,38.8,104.7,68,Snack,Sri Lankan,958
f1413,Millet with tofu and carrot,849.1873805,68.5,30.8,47.5,49,Lunch,Sri Lankan,653
f1414,Millet with egg and carrot,1996.414914,143.7,20.5,149.8,58,Lunch,Sri Lankan,1536
f1415,Wheat with mung beans and cucumber,647.4665392,112.1,22.7,10.1,68,Snack,Sri Lankan,498
f1416,Bread with mung beans and carrot,789.6749522,104.6,32.5,24.9,58,Snack,Sri Lankan,607
f1417,Millet with fish and tomato,644.3594646,46.1,46.8,29,66,Lunch,Sri Lankan,496
f1418,Kurakkan with lentils and carrot,977.0554493,97.3,32.5,48.7,55,Dinner,Sri Lankan,752
f1419,Rice with fish and cucumber,1778.680688,152,21.9,120.6,61,Breakfast,Sri Lankan,1368
f1420,Wheat with beef and tomato,1197.418738,55,39.4,91.9,47,Breakfast,Sri Lankan,921
f1421,Rice with tofu and onion,1374.282983,122.7,52.1,70.3,61,Lunch,Sri Lankan,1057
f1422,Bread with chicken and cucumber,821.4627151,47.5,73,36.5,53,Snack,Sri Lankan,632
f1423,Kurakkan with lentils and tomato,814.5315488,102.4,20.5,34.1,61,Snack,Sri Lankan,627
f1424,Bread with tofu and tomato,948.6137667,48,61.9,56,52,Lunch,Sri Lankan,730
f1425,Rice with lentils and tomato,1598.470363,98,18.7,123,52,Breakfast,Sri Lankan,1230
f1426,Wheat with beef and cabbage,522.9445507,36.4,44.6,20.5,59,Snack,Sri Lankan,402
f1427,Wheat with lentils and beans,978.7284895,105.3,45.2,37.3,60,Snack,Sri Lankan,753
f1428,Kurakkan with tofu and onion,801.8642447,41.1,27.6,57.9,53,Breakfast,Sri Lankan,617
f1429,Kurakkan with fish and cucumber,662.7629063,23,48.2,41.4,53,Breakfast,Sri Lankan,510
f1430,Kurakkan with lentils and tomato,1012.189293,41.4,11.7,88.9,47,Dinner,Sri Lankan,779
f1431,Kurakkan with chicken and beans,513.8623327,28.5,41.7,25.7,50,Lunch,Sri Lankan,395
f1432,Bread with lentils and beans,737.0936902,50.6,59.4,31.2,49,Dinner,Sri Lankan,567
f1433,Rice with beef and carrot,833.8910134,101.1,47.7,21.9,57,Lunch,Sri Lankan,641
f1434,Millet with lentils and tomato,1230.162524,192.2,26.4,35.9,46,Lunch,Sri Lankan,946
f1435,Wheat with egg and beans,621.414914,54.6,34.4,27.9,62,Breakfast,Sri Lankan,478
f1436,Wheat with beef and cucumber,676.1472275,57.7,38.6,21.9,70,Breakfast,Sri Lankan,520
f1437,Wheat with tofu and carrot,946.2237094,125.7,24.2,34.8,45,Snack,Sri Lankan,728
f1438,Kurakkan with mung beans and tomato,392.208413,6.2,37.7,23.3,63,Snack,Sri Lankan,302
f1439,Kurakkan with lentils and cucumber,326.2428298,28.2,19,13.1,58,Lunch,Sri Lankan,251
f1440,Kurakkan with lentils and onion,1783.938815,86,23.6,149.6,45,Dinner,Sri Lankan,1372
f1441,Rice with mung beans and tomato,511.2332696,67.8,13,19.2,52,Snack,Sri Lankan,393
f1442,Wheat with fish and cucumber,1541.826004,61.6,47,122.4,65,Snack,Sri Lankan,1186
f1443,Bread with egg and carrot,948.8527725,130.8,20.2,35.8,46,Snack,Sri Lankan,730
f1444,Rice with mung beans and cabbage,870.9369025,22.5,6.6,84.5,67,Lunch,Sri Lankan,670
f1445,Wheat with beef and beans,1018.403442,115.8,50.4,38.3,64,Lunch,Sri Lankan,783
f1446,Wheat with tofu and tomato,525.0956023,77.7,15.3,14.5,56,Breakfast,Sri Lankan,404
f1447,Bread with mung beans and carrot,998.8049713,119.4,24.3,46.9,61,Lunch,Sri Lankan,768
f1448,Kurakkan with tofu and onion,1257.887189,27.7,27.6,115.3,57,Dinner,Sri Lankan,968
f1449,Kurakkan with egg and beans,1329.110899,15,31.2,128.8,46,Lunch,Sri Lankan,1022
f1450,Bread with beef and carrot,1007.648184,140.7,56.8,20.6,58,Breakfast,Sri Lankan,775
f1451,Wheat with egg and tomato,715.583174,101.4,32.6,16.4,51,Snack,Sri Lankan,550
f1452,Kurakkan with egg and beans,1188.575526,49.3,27.7,98.3,55,Snack,Sri Lankan,914
f1453,Bread with chicken and cucumber,894.5984704,52.1,75.7,41.9,52,Lunch,Sri Lankan,688
f1454,Kurakkan with tofu and cabbage,822.1797323,110.7,16.8,33.1,46,Dinner,Sri Lankan,632
f1455,Millet with chicken and tomato,1185.229446,132.1,42.2,50.9,58,Snack,Sri Lankan,912
f1456,Kurakkan with tofu and cabbage,900.8126195,85.1,27.4,49.5,57,Lunch,Sri Lankan,693
f1457,Wheat with fish and cabbage,963.1931166,126.6,67.3,19,67,Snack,Sri Lankan,741
f1458,Kurakkan with lentils and onion,1666.586998,109.9,18.1,128.8,67,Snack,Sri Lankan,1282
f1459,Kurakkan with fish and onion,451.7208413,14,34,27.6,66,Lunch,Sri Lankan,347
f1460,Bread with mung beans and carrot,946.9407266,150.4,20.9,27,45,Breakfast,Sri Lankan,728
f1461,Rice with chicken and carrot,822.6577438,137.7,26.1,17.1,62,Snack,Sri Lankan,633
f1462,Bread with beef and onion,1182.600382,174.3,60.9,21.1,60,Breakfast,Sri Lankan,910
f1463,Millet with lentils and beans,1279.636711,173.8,36.2,44.6,67,Breakfast,Sri Lankan,984
f1464,Wheat with fish and beans,1077.91587,68.9,65.7,58.8,45,Dinner,Sri Lankan,829
f1465,Wheat with beef and cabbage,997.1319312,78.4,93.3,30.4,70,Snack,Sri Lankan,767
f1466,Kurakkan with tofu and beans,424.2351816,22.4,49.8,11.6,55,Snack,Sri Lankan,326
f1467,Wheat with chicken and carrot,1245.219885,139.1,36.5,58.3,65,Lunch,Sri Lankan,958
f1468,Millet with fish and onion,717.9732314,84.3,36.7,24.1,60,Dinner,Sri Lankan,552
f1469,Kurakkan with mung beans and cabbage,607.0745698,2.8,43.2,46.5,63,Lunch,Sri Lankan,467
f1470,Rice with mung beans and cucumber,453.6328872,39.9,29.5,18.3,65,Breakfast,Sri Lankan,349
f1471,Millet with lentils and onion,1392.686424,106.6,22.2,96.4,69,Snack,Sri Lankan,1071
f1472,Kurakkan with chicken and onion,518.6424474,27,27.4,32.4,55,Snack,Sri Lankan,399
f1473,Bread with lentils and cabbage,681.4053537,86.7,32.2,18.7,68,Lunch,Sri Lankan,524
f1474,Wheat with egg and cucumber,898.6615679,69,55,40.3,66,Lunch,Sri Lankan,691
f1475,Wheat with egg and beans,1324.56979,141,57,58.9,47,Lunch,Sri Lankan,1019
f1476,Kurakkan with fish and onion,1217.973231,66.4,35.5,89.7,68,Snack,Sri Lankan,937
f1477,Kurakkan with mung beans and beans,952.4378585,43.4,6.3,84.4,45,Snack,Sri Lankan,733
f1478,Kurakkan with egg and tomato,1141.013384,17,17.1,112.7,66,Snack,Sri Lankan,878
f1479,Bread with beef and tomato,669.4550669,58.7,42.1,27.9,70,Breakfast,Sri Lankan,515
f1480,Wheat with chicken and tomato,1549.474187,96.2,35.3,113.4,51,Snack,Sri Lankan,1192
f1481,Wheat with lentils and onion,1054.493308,100.7,49.2,44.5,48,Dinner,Sri Lankan,811
f1482,Bread with tofu and cabbage,917.0650096,95.2,27.3,43.8,46,Dinner,Sri Lankan,705
f1483,Bread with egg and cabbage,652.0076482,75.5,34.3,21.6,47,Lunch,Sri Lankan,502
f1484,Wheat with beef and beans,815.9655832,100.6,31.3,28,63,Breakfast,Sri Lankan,628
f1485,Rice with fish and cucumber,1336.998088,42.3,28.7,117.1,63,Lunch,Sri Lankan,1028
f1486,Kurakkan with fish and cucumber,526.290631,52.9,27,22,63,Lunch,Sri Lankan,405
f1487,Millet with chicken and cucumber,900.334608,108.7,38.5,31.3,47,Snack,Sri Lankan,693
f1488,Bread with mung beans and cabbage,686.1854685,102.3,28,16,70,Lunch,Sri Lankan,528
f1489,Wheat with beef and beans,1311.424474,114.9,59.3,67.3,59,Dinner,Sri Lankan,1009
f1490,Wheat with mung beans and carrot,746.1759082,75.5,15,39.7,62,Breakfast,Sri Lankan,574
f1491,Bread with beef and cabbage,1432.122371,44.5,39.5,121.3,54,Snack,Sri Lankan,1102
f1492,Bread with egg and cucumber,1841.300191,68.5,47.7,153.1,64,Lunch,Sri Lankan,1416
f1493,Rice with lentils and cabbage,790.8699809,80.8,36.6,32.8,52,Lunch,Sri Lankan,608
f1494,Millet with tofu and onion,661.8068834,90.3,27.4,18.7,55,Breakfast,Sri Lankan,509
f1495,Bread with mung beans and onion,989.9617591,96.5,40.3,46.8,45,Lunch,Sri Lankan,762
f1496,Kurakkan with fish and tomato,816.2045889,25.2,58.8,50.9,58,Breakfast,Sri Lankan,628
f1497,Kurakkan with fish and beans,797.3231358,52,54.2,38.2,62,Lunch,Sri Lankan,613
f1498,Rice with chicken and cabbage,1433.795411,121,33.1,89.3,62,Snack,Sri Lankan,1103
f1499,Wheat with lentils and carrot,1089.627151,110.2,62.2,41.1,57,Lunch,Sri Lankan,838
f1500,Wheat with mung beans and onion,726.5774379,92,30.5,22.2,50,Breakfast,Sri Lankan,559
f1501,Rice with fish and cabbage,1284.655832,19.4,37.9,118.2,68,Snack,Sri Lankan,988
f1502,Millet with tofu and cabbage,1243.307839,70.5,20.1,96.9,61,Dinner,Sri Lankan,956
f1503,Bread with mung beans and cucumber,966.0611855,83.5,32.4,51.3,64,Dinner,Sri Lankan,743
f1504,Rice with mung beans and cabbage,349.665392,28.2,17.2,16.8,65,Dinner,Sri Lankan,269
f1505,Millet with tofu and carrot,1092.734226,143.8,34.6,36.3,54,Breakfast,Sri Lankan,841
f1506,Bread with mung beans and onion,548.2791587,45.5,33.5,23.7,65,Snack,Sri Lankan,422
f1507,Bread with lentils and cucumber,798.2791587,114.3,24.5,25.6,69,Lunch,Sri Lankan,614
f1508,Millet with fish and carrot,1004.063098,106.2,55.4,38.2,54,Lunch,Sri Lankan,772
f1509,Wheat with beef and carrot,1357.552581,176,59,42.4,56,Snack,Sri Lankan,1044
f1510,Kurakkan with fish and beans,521.9885277,70.5,25.7,12.7,47,Dinner,Sri Lankan,402
f1511,Bread with mung beans and beans,648.9005736,31.3,63.7,28.9,70,Dinner,Sri Lankan,499
f1512,Millet with lentils and cabbage,572.1797323,65.5,18.3,23.9,61,Snack,Sri Lankan,440
f1513,Kurakkan with egg and carrot,221.7973231,19.4,6.8,11.6,67,Snack,Sri Lankan,171
f1514,Millet with mung beans and cabbage,1394.359465,76.9,19.3,109.4,66,Breakfast,Sri Lankan,1073
f1515,Kurakkan with fish and cabbage,533.9388145,6.2,39.2,38.2,49,Breakfast,Sri Lankan,411
f1516,Rice with beef and tomato,1026.768642,126.9,50.3,32,58,Lunch,Sri Lankan,790
f1517,Millet with egg and carrot,1287.045889,71.7,40.3,90.7,56,Breakfast,Sri Lankan,990
f1518,Millet with chicken and carrot,1400.334608,71.6,30.9,108.4,53,Dinner,Sri Lankan,1077
f1519,Millet with fish and carrot,1410.133843,128.4,69.9,66.2,64,Lunch,Sri Lankan,1085
f1520,Millet with tofu and carrot,752.3900574,45.6,38.4,45,62,Breakfast,Sri Lankan,579
f1521,Millet with mung beans and beans,1045.889101,63.8,8.5,84.4,49,Breakfast,Sri Lankan,805
f1522,Bread with lentils and beans,848.4703633,100.2,55.7,22.6,60,Breakfast,Sri Lankan,653
f1523,Rice with egg and beans,1283.699809,41.9,23.2,114.5,70,Snack,Sri Lankan,987
f1524,Wheat with mung beans and cabbage,954.3499044,118.3,12.3,46.7,51,Snack,Sri Lankan,734
f1525,Millet with lentils and onion,1345.363289,92.4,19.9,97.2,68,Breakfast,Sri Lankan,1035
f1526,Kurakkan with beef and cucumber,464.3881453,60.8,20.7,13.6,67,Lunch,Sri Lankan,357
f1527,Kurakkan with lentils and onion,707.6959847,66.3,38.3,30.8,49,Lunch,Sri Lankan,544
f1528,Kurakkan with beef and tomato,1425.43021,25.4,46.9,127.4,52,Lunch,Sri Lankan,1096
f1529,Kurakkan with fish and beans,407.9827916,11.7,37.3,22.9,59,Breakfast,Sri Lankan,314
f1530,Millet with tofu and onion,791.8260038,47.3,63,37.4,47,Dinner,Sri Lankan,609
f1531,Millet with egg and beans,1144.359465,95.1,35.6,68.8,52,Snack,Sri Lankan,880
f1532,Millet with chicken and onion,1520.076482,109.7,48.2,97,59,Snack,Sri Lankan,1169
f1533,Rice with mung beans and cucumber,484.4646272,56.3,23.6,16.5,48,Dinner,Sri Lankan,373
f1534,Rice with beef and carrot,1636.23327,124.1,36.9,111,53,Breakfast,Sri Lankan,1259
f1535,Wheat with fish and beans,839.1491396,114.2,41.3,22.1,57,Snack,Sri Lankan,645
f1536,Rice with chicken and cucumber,1087.715105,31.2,21.5,97.4,47,Snack,Sri Lankan,837
f1537,Rice with mung beans and tomato,523.9005736,46.8,28.4,23.5,52,Dinner,Sri Lankan,403
f1538,Bread with mung beans and onion,588.9101338,67.2,23.4,23.3,51,Snack,Sri Lankan,453
f1539,Rice with egg and carrot,1123.087954,73.6,49.7,67.9,64,Dinner,Sri Lankan,864
f1540,Bread with tofu and cucumber,788.7189293,32.5,69.7,40.4,45,Breakfast,Sri Lankan,607
f1541,Rice with beef and cucumber,1125.956023,14.7,34.2,104.4,68,Snack,Sri Lankan,866
f1542,Bread with egg and onion,1592.49522,133.8,35.8,100.7,48,Lunch,Sri Lankan,1225
f1543,Kurakkan with chicken and tomato,1223.709369,23.3,35.8,110.6,68,Lunch,Sri Lankan,941
f1544,Millet with tofu and tomato,1533.938815,88.4,40.8,110.9,56,Snack,Sri Lankan,1180
f1545,Rice with egg and beans,762.667304,43.3,56.3,37.2,50,Dinner,Sri Lankan,587
f1546,Bread with lentils and tomato,870.9369025,114.8,25.8,32.7,51,Lunch,Sri Lankan,670
f1547,Rice with egg and tomato,1076.959847,151.7,55.6,23.6,47,Snack,Sri Lankan,828
f1548,Kurakkan with beef and onion,522.2275335,15.6,48.8,28.1,58,Dinner,Sri Lankan,402
f1549,Rice with tofu and tomato,1209.130019,159.7,46,38.7,63,Lunch,Sri Lankan,930
f1550,Kurakkan with beef and carrot,394.5984704,16.2,59.3,9.8,55,Snack,Sri Lankan,304
f1551,Millet with chicken and cucumber,1045.41109,140.5,73.4,18.8,53,Dinner,Sri Lankan,804
f1552,Rice with tofu and cabbage,391.9694073,23.7,32.2,16.1,64,Lunch,Sri Lankan,302
f1553,Wheat with egg and carrot,1284.655832,81.2,34.5,89.3,67,Dinner,Sri Lankan,988
f1554,Wheat with egg and carrot,1693.355641,83.6,25.8,141.2,62,Dinner,Sri Lankan,1303
f1555,Rice with beef and beans,1134.799235,148.6,47.5,35.6,54,Breakfast,Sri Lankan,873
f1556,Wheat with tofu and tomato,817.8776291,107,38.2,23.3,61,Breakfast,Sri Lankan,629
f1557,Bread with chicken and beans,1358.508604,122.4,22.9,85.8,57,Snack,Sri Lankan,1045
f1558,Kurakkan with chicken and carrot,585.5640535,60.3,29.7,23.3,53,Dinner,Sri Lankan,450
f1559,Kurakkan with tofu and onion,728.4894837,85.8,16.2,36.3,46,Snack,Sri Lankan,560
f1560,Wheat with chicken and onion,1689.053537,106,44.2,118.3,45,Snack,Sri Lankan,1299
f1561,Wheat with fish and beans,850.6214149,94.8,36.3,34.4,48,Snack,Sri Lankan,654
f1562,Rice with fish and onion,1053.059273,86.3,43.4,57.7,57,Breakfast,Sri Lankan,810
f1563,Kurakkan with tofu and tomato,1100.621415,38,24,92.2,61,Dinner,Sri Lankan,847
f1564,Bread with beef and beans,913.001912,88.6,58.5,33.7,49,Dinner,Sri Lankan,702
f1565,Millet with fish and cabbage,931.6443595,92.7,39.6,43.9,61,Dinner,Sri Lankan,717
f1566,Rice with chicken and onion,1250.478011,77.8,21.4,94.8,45,Dinner,Sri Lankan,962
f1567,Bread with tofu and onion,997.3709369,115.1,49.8,35.5,67,Dinner,Sri Lankan,767
f1568,Millet with mung beans and cucumber,682.3613767,71.4,40.7,23,57,Breakfast,Sri Lankan,525
f1569,Rice with tofu and cucumber,644.3594646,28.6,62.2,29.4,53,Lunch,Sri Lankan,496
f1570,Kurakkan with egg and onion,1152.007648,24.7,30.9,104.5,57,Breakfast,Sri Lankan,886
f1571,Bread with mung beans and cabbage,736.8546845,68.4,55.3,23.9,68,Snack,Sri Lankan,567
f1572,Wheat with tofu and beans,1408.221797,94.7,25.7,98.6,70,Snack,Sri Lankan,1083
f1573,Millet with lentils and beans,1267.92543,76.7,27.1,94.1,67,Breakfast,Sri Lankan,975
f1574,Bread with fish and tomato,1377.868069,173.3,57.6,48.3,61,Snack,Sri Lankan,1060
f1575,Wheat with mung beans and onion,1043.499044,96.9,39.9,52.9,49,Breakfast,Sri Lankan,803
f1576,Millet with lentils and onion,1223.470363,94.8,43.9,69.2,61,Breakfast,Sri Lankan,941
f1577,Wheat with fish and tomato,774.6175908,105.1,38.7,17.6,47,Breakfast,Sri Lankan,596
f1578,Bread with lentils and tomato,1325.286807,61.6,36.1,102.8,50,Snack,Sri Lankan,1019
f1579,Wheat with lentils and tomato,1541.826004,100.5,36.4,110.5,60,Lunch,Sri Lankan,1186
f1580,Kurakkan with lentils and cabbage,526.0516252,30.1,31.4,29.6,64,Breakfast,Sri Lankan,405
f1581,Kurakkan with egg and cabbage,1412.284895,92.2,12.9,110.6,60,Lunch,Sri Lankan,1086
f1582,Kurakkan with beef and carrot,1316.204589,111.5,58.5,70.4,52,Dinner,Sri Lankan,1012
f1583,Kurakkan with beef and onion,857.5525813,76.2,43.2,42.6,66,Dinner,Sri Lankan,660
f1584,Bread with tofu and onion,628.585086,71.5,23.9,24,48,Breakfast,Sri Lankan,484
f1585,Wheat with fish and cabbage,1489.483748,89,27.1,112.9,66,Snack,Sri Lankan,1146
f1586,Kurakkan with lentils and cabbage,284.8948375,30.7,8.7,12.9,67,Dinner,Sri Lankan,219
f1587,Wheat with fish and cabbage,1064.531549,24.2,41.9,89.7,46,Dinner,Sri Lankan,819
f1588,Millet with tofu and cucumber,683.3173996,68.5,49.7,21.1,67,Lunch,Sri Lankan,526
f1589,Bread with beef and cucumber,1585.086042,60,47.6,128.3,63,Dinner,Sri Lankan,1219
f1590,Wheat with egg and beans,951.959847,95.2,63.5,33.2,45,Breakfast,Sri Lankan,732
f1591,Kurakkan with chicken and onion,951.2428298,68.1,62,46.4,47,Breakfast,Sri Lankan,732
f1592,Millet with egg and onion,1003.585086,95.7,42.4,46.3,46,Snack,Sri Lankan,772
f1593,Rice with beef and cucumber,1034.416826,105.2,36.6,50.1,61,Lunch,Sri Lankan,796
f1594,Bread with tofu and cucumber,1568.594646,66.6,11.5,140.6,69,Dinner,Sri Lankan,1207
f1595,Kurakkan with mung beans and onion,719.6462715,86.4,9.5,36.6,58,Dinner,Sri Lankan,554
f1596,Wheat with egg and cucumber,861.6156788,85.5,61.6,26.4,58,Lunch,Sri Lankan,663
f1597,Kurakkan with fish and beans,1550.669216,67.7,40.4,125,51,Dinner,Sri Lankan,1193
f1598,Kurakkan with egg and beans,695.2676864,59.1,30.7,37,53,Snack,Sri Lankan,535
f1599,Bread with chicken and onion,914.9139579,68.3,58.1,42.6,56,Breakfast,Sri Lankan,704
f1600,Rice with beef and carrot,997.1319312,71.7,76.9,43.1,51,Dinner,Sri Lankan,767
f1601,Rice with beef and beans,1458.413002,36.7,47.9,122.8,49,Lunch,Sri Lankan,1122
f1602,Wheat with lentils and cabbage,1662.762906,102.7,24,127.8,59,Snack,Sri Lankan,1279
f1603,Kurakkan with mung beans and carrot,350.1434034,12.1,27.6,20.2,54,Snack,Sri Lankan,269
f1604,Wheat with tofu and carrot,1557.600382,77.7,18.6,131.2,59,Snack,Sri Lankan,1198
f1605,Rice with mung beans and onion,446.4627151,79.9,9.9,8.1,61,Snack,Sri Lankan,343
f1606,Wheat with chicken and onion,1058.078394,99.8,85.6,33.1,46,Breakfast,Sri Lankan,814
f1607,Kurakkan with lentils and onion,753.8240918,63.8,33,39,51,Lunch,Sri Lankan,580
f1608,Millet with lentils and onion,1288.240918,59.5,20,107.2,45,Dinner,Sri Lankan,991
f1609,Wheat with beef and cabbage,770.5544933,87,67.4,13.1,59,Snack,Sri Lankan,593
f1610,Bread with fish and onion,657.0267686,48.6,62.4,22.3,60,Snack,Sri Lankan,505
f1611,Wheat with beef and beans,917.3040153,98.1,27.9,44.6,52,Snack,Sri Lankan,706
f1612,Millet with fish and cucumber,1043.021033,147.1,41.7,28.8,45,Snack,Sri Lankan,802
f1613,Millet with egg and cabbage,936.9024857,125.5,41.3,25.7,65,Lunch,Sri Lankan,721
f1614,Wheat with egg and cucumber,892.6864245,111.8,41.5,26.3,59,Lunch,Sri Lankan,687
f1615,Rice with mung beans and cucumber,657.7437859,97.2,11.8,24.1,68,Snack,Sri Lankan,506
f1616,Kurakkan with chicken and cucumber,1126.67304,38.5,28.3,95.9,50,Dinner,Sri Lankan,867
f1617,Wheat with tofu and beans,1387.90631,91.1,32.1,98.2,56,Breakfast,Sri Lankan,1068
f1618,Millet with egg and tomato,1140.774379,110.8,73.3,41.2,54,Breakfast,Sri Lankan,878
f1619,Rice with egg and carrot,751.9120459,59.4,47.6,34.7,52,Dinner,Sri Lankan,578
f1620,Kurakkan with tofu and beans,828.1548757,8.6,10.5,84.3,54,Snack,Sri Lankan,637
f1621,Rice with beef and cucumber,1438.575526,63.5,47.5,110.6,47,Snack,Sri Lankan,1107
f1622,Bread with beef and cabbage,1495.219885,130.2,54.5,82.2,65,Snack,Sri Lankan,1150
f1623,Rice with lentils and cabbage,1464.627151,62.6,16.9,125.6,55,Breakfast,Sri Lankan,1127
f1624,Wheat with tofu and cucumber,1115.200765,40.9,28,92.4,68,Snack,Sri Lankan,858
f1625,Kurakkan with beef and tomato,562.6195029,83.3,22.5,13.6,51,Lunch,Sri Lankan,433
f1626,Rice with lentils and cucumber,772.2275335,132.7,23.8,13.5,64,Lunch,Sri Lankan,594
f1627,Rice with chicken and cabbage,677.581262,52.5,48.2,28.5,50,Breakfast,Sri Lankan,521
f1628,Rice with beef and cucumber,1460.325048,52.4,39.1,121.3,53,Snack,Sri Lankan,1123
f1629,Wheat with lentils and tomato,1655.83174,103.8,27.7,125.2,48,Dinner,Sri Lankan,1274
f1630,Wheat with chicken and cabbage,691.9216061,71.1,30.3,29.6,69,Snack,Sri Lankan,532
f1631,Bread with beef and tomato,1618.546845,85.6,59.1,114.5,58,Dinner,Sri Lankan,1245
f1632,Millet with chicken and cabbage,1104.923518,52.6,32.6,84.3,45,Dinner,Sri Lankan,850
f1633,Millet with mung beans and cabbage,379.7801147,34.5,20,17,47,Breakfast,Sri Lankan,292
f1634,Kurakkan with lentils and cucumber,280.3537285,31.5,10.2,11,70,Dinner,Sri Lankan,216
f1635,Kurakkan with lentils and cucumber,1038.240918,28.9,21.3,92.9,47,Lunch,Sri Lankan,799
f1636,Kurakkan with fish and cucumber,304.4933078,37.6,22.2,5.3,45,Lunch,Sri Lankan,234
f1637,Bread with egg and beans,1199.330784,128.6,48.6,53.5,53,Snack,Sri Lankan,923
f1638,Millet with tofu and cucumber,1358.508604,25.7,51.3,116.4,58,Snack,Sri Lankan,1045
f1639,Bread with chicken and tomato,1331.978967,56.4,40.2,104.1,52,Lunch,Sri Lankan,1025
f1640,Wheat with mung beans and beans,1269.837476,105.8,15,85.3,55,Breakfast,Sri Lankan,977
f1641,Millet with beef and carrot,1284.894837,151.4,52.2,49.3,55,Snack,Sri Lankan,988
f1642,Bread with lentils and cabbage,929.7323136,120,53.3,22.9,45,Snack,Sri Lankan,715
f1643,Millet with fish and cabbage,820.5066922,37.8,64.8,43.8,68,Lunch,Sri Lankan,631
f1644,Wheat with lentils and cabbage,842.0172084,108.3,25.4,32.2,54,Breakfast,Sri Lankan,648
f1645,Millet with lentils and onion,1559.512428,102.6,23.1,116.8,67,Lunch,Sri Lankan,1200
f1646,Bread with lentils and cabbage,1286.567878,47.6,28.5,108.1,69,Dinner,Sri Lankan,990
f1647,Bread with fish and beans,1690.00956,111,36.4,122.3,51,Dinner,Sri Lankan,1300
f1648,Rice with mung beans and onion,1497.848948,77.3,26.8,120.8,60,Lunch,Sri Lankan,1152
f1649,Rice with egg and cucumber,793.0210325,83.3,35.9,32.9,57,Breakfast,Sri Lankan,610
f1650,Kurakkan with tofu and tomato,993.0688337,112.1,31.7,45.4,46,Dinner,Sri Lankan,764
f1651,Wheat with beef and tomato,744.5028681,42.6,66.4,32.8,64,Breakfast,Sri Lankan,573
f1652,Millet with chicken and onion,1161.806883,56.9,29.9,90.5,61,Lunch,Sri Lankan,894
f1653,Kurakkan with fish and tomato,1941.6826,37,9.6,197.7,64,Lunch,Sri Lankan,1494
f1654,Millet with egg and tomato,1076.959847,87.2,60.4,51.2,46,Lunch,Sri Lankan,828
f1655,Bread with mung beans and tomato,891.9694073,87.9,37.7,42.8,63,Lunch,Sri Lankan,686
f1656,Rice with mung beans and beans,764.5793499,93.8,49,17.9,51,Snack,Sri Lankan,588
f1657,Bread with beef and onion,1093.929254,52.2,65.7,66.7,63,Snack,Sri Lankan,841
f1658,Rice with fish and cucumber,1459.369025,116.6,30.2,96.6,50,Dinner,Sri Lankan,1123
f1659,Rice with chicken and cucumber,556.8833652,28.5,55.9,23.5,60,Breakfast,Sri Lankan,428
f1660,Millet with beef and beans,798.7571702,113.9,39.2,17.6,58,Dinner,Sri Lankan,614
f1661,Kurakkan with fish and cucumber,1184.751434,47.1,24.6,100.1,65,Breakfast,Sri Lankan,911
f1662,Rice with tofu and onion,653.6806883,86,28.6,19.7,68,Dinner,Sri Lankan,503
f1663,Rice with beef and tomato,1335.803059,105.4,42.8,82.3,50,Lunch,Sri Lankan,1028
f1664,Wheat with chicken and carrot,897.4665392,89.1,52.2,34.2,47,Snack,Sri Lankan,690
f1665,Wheat with tofu and tomato,1674.952199,125.3,31.1,114.8,65,Lunch,Sri Lankan,1288
f1666,Millet with mung beans and onion,1008.843212,119.5,46,36.1,67,Dinner,Sri Lankan,776
f1667,Kurakkan with chicken and carrot,437.3804971,56,18.6,13.9,60,Breakfast,Sri Lankan,336
f1668,Rice with chicken and tomato,926.3862333,26.3,15.3,84.9,45,Snack,Sri Lankan,713
f1669,Bread with egg and carrot,802.581262,63.7,51.8,35.1,57,Snack,Sri Lankan,617
f1670,Rice with beef and onion,733.0305927,66.6,67.7,20.1,45,Lunch,Sri Lankan,564
f1671,Millet with lentils and tomato,2056.644359,123.3,27.6,159.6,66,Dinner,Sri Lankan,1582
f1672,Millet with beef and onion,1138.384321,138.2,35.9,45.6,58,Lunch,Sri Lankan,876
f1673,Rice with mung beans and cabbage,948.6137667,95.9,30.1,47.6,54,Breakfast,Sri Lankan,730
f1674,Wheat with lentils and beans,758.126195,112.9,22.7,22.3,52,Snack,Sri Lankan,583
f1675,Wheat with tofu and onion,1355.40153,96.3,53.8,82.3,65,Lunch,Sri Lankan,1043
f1676,Wheat with lentils and carrot,1383.365201,108.4,75.2,65.4,46,Dinner,Sri Lankan,1064
f1677,Kurakkan with fish and cabbage,1317.877629,25.8,29.2,122.9,68,Lunch,Sri Lankan,1014
f1678,Rice with lentils and beans,1488.049713,88.4,22.3,116.1,50,Lunch,Sri Lankan,1145
f1679,Rice with tofu and beans,605.6405354,88.5,21.9,16.6,56,Dinner,Sri Lankan,466
f1680,Wheat with tofu and tomato,802.581262,70.2,63.8,26.8,67,Breakfast,Sri Lankan,617
f1681,Wheat with beef and onion,1129.302103,75.8,75.4,57.7,63,Dinner,Sri Lankan,869
f1682,Wheat with fish and onion,1583.413002,113.3,26.3,111.6,66,Snack,Sri Lankan,1218
f1683,Millet with tofu and cabbage,1041.826004,138.6,40.1,34.9,61,Dinner,Sri Lankan,801
f1684,Wheat with mung beans and onion,1204.110899,69.1,21.5,94.2,47,Snack,Sri Lankan,926
f1685,Kurakkan with chicken and carrot,510.5162524,17.4,44.6,27.6,55,Snack,Sri Lankan,393
f1686,Kurakkan with beef and cabbage,747.8489484,29.6,76.5,34.3,49,Dinner,Sri Lankan,575
f1687,Bread with fish and tomato,1135.038241,47,27.3,93.7,49,Breakfast,Sri Lankan,873
f1688,Kurakkan with beef and beans,1420.650096,8.3,49.7,133.6,62,Dinner,Sri Lankan,1093
f1689,Wheat with tofu and cabbage,461.7590822,37.7,21.3,23.3,67,Snack,Sri Lankan,355
f1690,Millet with fish and tomato,728.4894837,82.2,27.1,31.4,48,Breakfast,Sri Lankan,560
f1691,Bread with mung beans and onion,342.7342256,57.1,14.8,3.5,67,Snack,Sri Lankan,264
f1692,Bread with beef and cabbage,1152.48566,91.3,60.9,59.7,64,Breakfast,Sri Lankan,887
f1693,Kurakkan with egg and onion,776.0516252,76.1,29.2,39,46,Dinner,Sri Lankan,597
f1694,Bread with chicken and onion,716.5391969,102,20.9,22.1,47,Breakfast,Sri Lankan,551
f1695,Wheat with lentils and carrot,1580.305927,128.7,22.3,105.1,52,Snack,Sri Lankan,1216
f1696,Bread with tofu and beans,893.6424474,94.7,29,43.7,63,Snack,Sri Lankan,687
f1697,Rice with chicken and onion,1268.642447,58.9,35.1,99.2,61,Dinner,Sri Lankan,976
f1698,Wheat with egg and cabbage,671.6061185,46.9,56,27,58,Lunch,Sri Lankan,517
f1699,Wheat with mung beans and cucumber,580.5449331,70.9,45.4,11.3,51,Snack,Sri Lankan,447
f1700,Rice with egg and beans,399.1395793,47.6,17.6,13.8,68,Snack,Sri Lankan,307
f1701,Kurakkan with tofu and onion,373.3269598,5.2,55.9,13.3,62,Snack,Sri Lankan,287
f1702,Millet with egg and tomato,1391.969407,75.9,24.9,110.1,69,Dinner,Sri Lankan,1071
f1703,Bread with lentils and cucumber,1096.319312,141.8,47.5,33.6,48,Snack,Sri Lankan,843
f1704,Bread with tofu and cabbage,1271.749522,39.6,25.3,112.2,64,Lunch,Sri Lankan,978
f1705,Kurakkan with lentils and onion,628.8240918,77.8,24.4,21.8,49,Lunch,Sri Lankan,484
f1706,Rice with fish and cabbage,1327.676864,94.4,24.1,93.7,69,Snack,Sri Lankan,1021
f1707,Bread with beef and cucumber,1145.076482,62.6,41.6,80.7,49,Lunch,Sri Lankan,881
f1708,Wheat with egg and tomato,1197.89675,156.1,42.7,43.3,66,Dinner,Sri Lankan,921
f1709,Millet with mung beans and beans,393.8814532,74.3,9.3,4.8,47,Breakfast,Sri Lankan,303
f1710,Kurakkan with beef and tomato,806.8833652,109.4,28.6,27.5,57,Breakfast,Sri Lankan,621
f1711,Bread with chicken and tomato,1685.946463,63.6,55,135.2,55,Lunch,Sri Lankan,1297
f1712,Millet with tofu and cabbage,473.2313576,45.5,21.1,20.7,48,Dinner,Sri Lankan,364
f1713,Wheat with beef and beans,1666.347992,109.3,23.9,126.3,68,Breakfast,Sri Lankan,1282
f1714,Kurakkan with mung beans and beans,368.7858509,26.6,17.6,20.5,52,Lunch,Sri Lankan,284
f1715,Wheat with beef and cucumber,862.8107075,104.3,40.9,27,60,Lunch,Sri Lankan,664
f1716,Bread with egg and onion,1641.25239,16.1,53,153.2,56,Lunch,Sri Lankan,1263
f1717,Bread with chicken and cabbage,836.7590822,89.9,38.4,32.1,56,Dinner,Sri Lankan,644
f1718,Kurakkan with tofu and carrot,1152.963671,15.9,17,113.7,69,Dinner,Sri Lankan,887
f1719,Kurakkan with chicken and carrot,1264.340344,24.9,28.3,117.5,45,Dinner,Sri Lankan,973
f1720,Rice with tofu and cucumber,840.3441683,130.1,41.6,15.4,68,Snack,Sri Lankan,646
f1721,Rice with chicken and tomato,1413.001912,49.2,37.5,118.7,46,Lunch,Sri Lankan,1087
f1722,Kurakkan with beef and onion,533.9388145,52.9,28.4,21.8,58,Breakfast,Sri Lankan,411
f1723,Wheat with beef and carrot,863.7667304,142.5,23.2,18.1,57,Snack,Sri Lankan,664
f1724,Bread with tofu and tomato,728.250478,104.9,19,23.7,68,Lunch,Sri Lankan,560
f1725,Bread with beef and tomato,1168.977055,94,82,49.7,47,Lunch,Sri Lankan,899
f1726,Rice with egg and onion,1138.623327,67.4,21.5,86.9,70,Snack,Sri Lankan,876
f1727,Rice with tofu and onion,1687.619503,117.8,35.2,117.9,53,Lunch,Sri Lankan,1298
f1728,Wheat with lentils and beans,1584.847036,88.6,35.4,116.1,63,Lunch,Sri Lankan,1219
f1729,Millet with tofu and tomato,472.5143403,49.2,24,17.9,60,Breakfast,Sri Lankan,363
f1730,Wheat with mung beans and beans,1009.560229,81.2,58.4,44.8,49,Breakfast,Sri Lankan,777
f1731,Rice with fish and cabbage,1290.152964,59.7,55,92.2,45,Lunch,Sri Lankan,992
f1732,Bread with chicken and onion,976.3384321,72.3,49.4,52.5,64,Breakfast,Sri Lankan,751
f1733,Wheat with mung beans and carrot,1241.634799,126.1,12.9,74.8,62,Snack,Sri Lankan,955
f1734,Kurakkan with chicken and beans,268.1644359,16.2,18.2,14,68,Dinner,Sri Lankan,206
f1735,Wheat with chicken and onion,1558.078394,91.6,42.7,111.2,60,Snack,Sri Lankan,1199
f1736,Wheat with fish and beans,977.5334608,117.6,61.2,27.6,67,Snack,Sri Lankan,752
f1737,Millet with lentils and cucumber,1069.550669,164.3,38.2,26.3,69,Snack,Sri Lankan,823
f1738,Bread with tofu and cabbage,1140.774379,152.2,31.1,40.2,54,Breakfast,Sri Lankan,878
f1739,Bread with beef and cabbage,1403.680688,51.7,56.4,107.8,45,Lunch,Sri Lankan,1080
f1740,Millet with lentils and cucumber,538.2409178,74.4,22.1,14.6,64,Snack,Sri Lankan,414
f1741,Kurakkan with mung beans and onion,1109.464627,17.4,31.7,101,67,Dinner,Sri Lankan,853
f1742,Bread with lentils and tomato,1760.038241,60.1,69.8,137,63,Dinner,Sri Lankan,1354
f1743,Bread with lentils and cucumber,611.376673,75,28.2,19.2,67,Lunch,Sri Lankan,470
f1744,Millet with mung beans and cucumber,503.585086,30.5,33.2,26.7,60,Breakfast,Sri Lankan,387
f1745,Bread with lentils and cabbage,600.8604207,54.9,46,19.7,62,Lunch,Sri Lankan,462
f1746,Millet with egg and cucumber,1686.902486,65.8,47.3,135.9,60,Lunch,Sri Lankan,1298
f1747,Bread with fish and cucumber,1074.808795,113.6,44.8,45.2,49,Snack,Sri Lankan,827
f1748,Millet with tofu and onion,1176.864245,97.4,68.8,53.5,46,Snack,Sri Lankan,905
f1749,Rice with fish and beans,1190.248566,161.9,56.7,34.3,64,Lunch,Sri Lankan,916
f1750,Wheat with beef and cucumber,813.3365201,89.6,61.7,21.1,64,Lunch,Sri Lankan,626
f1751,Kurakkan with tofu and beans,386.2332696,24.4,23.3,18.7,49,Snack,Sri Lankan,297
f1752,Wheat with chicken and beans,743.7858509,53.2,54.9,33.3,64,Lunch,Sri Lankan,572
f1753,Bread with mung beans and beans,665.6309751,59.7,55,19.1,60,Dinner,Sri Lankan,512
f1754,Bread with chicken and beans,1204.827916,53.9,36.7,93.8,58,Lunch,Sri Lankan,927
f1755,Bread with chicken and carrot,875.7170172,55,46.3,50.3,62,Lunch,Sri Lankan,674
f1756,Wheat with tofu and tomato,1208.413002,157.8,46.3,39.9,66,Breakfast,Sri Lankan,930
f1757,Millet with lentils and cabbage,657.9827916,66.3,31.5,27.5,59,Snack,Sri Lankan,506
f1758,Millet with lentils and cabbage,543.7380497,53.3,26,22,53,Breakfast,Sri Lankan,418
f1759,Kurakkan with lentils and carrot,590.1051625,69.4,22.3,22.5,59,Dinner,Sri Lankan,454
f1760,Millet with lentils and beans,1260.516252,89.6,20.2,89.5,60,Lunch,Sri Lankan,970
f1761,Millet with lentils and beans,1521.271511,99.9,22,113.7,50,Dinner,Sri Lankan,1170
f1762,Rice with chicken and tomato,810.707457,69.9,25.2,46.6,65,Lunch,Sri Lankan,624
f1763,Kurakkan with fish and beans,979.206501,27,14.2,89.4,55,Snack,Sri Lankan,753
f1764,Kurakkan with lentils and carrot,567.8776291,39.8,46.1,23.2,55,Dinner,Sri Lankan,437
f1765,Kurakkan with beef and cabbage,334.1300191,14.3,28.1,17.5,61,Lunch,Sri Lankan,257
f1766,Wheat with beef and onion,1296.606119,159,53.2,49.7,66,Breakfast,Sri Lankan,997
f1767,Bread with beef and beans,818.1166348,62.6,65.8,32.2,61,Snack,Sri Lankan,629
f1768,Bread with fish and carrot,787.2848948,81,39.4,31.8,59,Snack,Sri Lankan,606
f1769,Millet with tofu and tomato,566.9216061,50.1,34.8,21.4,48,Dinner,Sri Lankan,436
f1770,Rice with beef and tomato,1496.892925,62.7,37.8,122.1,51,Dinner,Sri Lankan,1151
f1771,Rice with chicken and tomato,810.9464627,139.5,24.4,15.2,68,Lunch,Sri Lankan,624
f1772,Rice with fish and tomato,668.0210325,89.1,30.1,17.2,65,Snack,Sri Lankan,514
f1773,Rice with fish and tomato,876.6730402,131.6,55.8,11.7,51,Breakfast,Sri Lankan,674
f1774,Rice with lentils and tomato,1921.845124,163.1,42,121.4,50,Breakfast,Sri Lankan,1478
f1775,Rice with chicken and onion,1105.640535,130.1,48.3,40.4,56,Lunch,Sri Lankan,850
f1776,Kurakkan with chicken and beans,845.6022945,16.1,14.2,81.1,59,Dinner,Sri Lankan,650
f1777,Millet with fish and onion,895.3154876,87.5,50.8,35,57,Lunch,Sri Lankan,689
f1778,Kurakkan with tofu and carrot,688.5755258,12.5,10.8,65.5,57,Lunch,Sri Lankan,530
f1779,Millet with egg and beans,644.3594646,65.9,34.9,25.7,59,Breakfast,Sri Lankan,496
f1780,Bread with lentils and tomato,889.1013384,80.9,38.3,43.3,51,Dinner,Sri Lankan,684
f1781,Millet with chicken and cabbage,638.1453155,46.9,59.1,22.4,67,Breakfast,Sri Lankan,491
f1782,Wheat with egg and onion,1521.510516,60.4,22.9,132.4,65,Snack,Sri Lankan,1170
f1783,Wheat with beef and tomato,1750,108.6,47.4,123.8,45,Lunch,Sri Lankan,1346
f1784,Millet with tofu and cucumber,1390.057361,75.4,34.7,101.3,63,Breakfast,Sri Lankan,1069
f1785,Rice with fish and tomato,1136.23327,82.9,36.7,72.3,68,Dinner,Sri Lankan,874
f1786,Kurakkan with beef and beans,1198.852772,8.8,48.4,109,51,Dinner,Sri Lankan,922
f1787,Rice with mung beans and cabbage,411.5678776,43.1,12.4,19.9,52,Snack,Sri Lankan,317
f1788,Rice with mung beans and beans,608.9866157,65.2,31.8,24.3,60,Dinner,Sri Lankan,468
f1789,Wheat with mung beans and onion,1462.476099,130.3,24.6,92.3,45,Breakfast,Sri Lankan,1125
f1790,Rice with mung beans and beans,686.4244742,89.5,51.4,13.2,50,Snack,Sri Lankan,528
f1791,Kurakkan with mung beans and cabbage,328.1548757,27.6,20.2,13.7,45,Lunch,Sri Lankan,252
f1792,Wheat with tofu and onion,938.8145315,97.2,43,37.7,55,Snack,Sri Lankan,722
f1793,Kurakkan with mung beans and cucumber,770.793499,7.3,5.8,80.8,66,Snack,Sri Lankan,593
f1794,Rice with chicken and carrot,868.7858509,47.7,63.5,45.1,47,Breakfast,Sri Lankan,668
f1795,Kurakkan with egg and carrot,728.0114723,39.2,30.6,47.9,63,Snack,Sri Lankan,560
f1796,Rice with chicken and onion,1590.583174,116.5,45.5,104.4,62,Lunch,Sri Lankan,1224
f1797,Kurakkan with egg and beans,1037.762906,50.6,23,80,63,Dinner,Sri Lankan,798
f1798,Rice with mung beans and beans,642.9254302,77.6,21.2,23.2,58,Lunch,Sri Lankan,495
f1799,Kurakkan with egg and cucumber,631.9311663,59.3,41.5,23.5,49,Snack,Sri Lankan,486
f1800,Wheat with lentils and cucumber,849.1873805,140.7,28,16.5,66,Dinner,Sri Lankan,653
f1801,Kurakkan with tofu and cucumber,626.4340344,32.5,43.3,34.5,50,Breakfast,Sri Lankan,482
f1802,Wheat with mung beans and cabbage,945.2676864,52.9,17.7,72.3,54,Dinner,Sri Lankan,727
f1803,Kurakkan with beef and beans,919.2160612,8.3,39.8,81.5,50,Lunch,Sri Lankan,707
f1804,Millet with lentils and tomato,1242.829828,72.7,21,95.6,61,Snack,Sri Lankan,956
f1805,Rice with tofu and beans,546.1281071,37.8,53.4,19.3,59,Breakfast,Sri Lankan,420
f1806,Kurakkan with beef and cucumber,1322.179732,57.5,46.1,101.7,53,Dinner,Sri Lankan,1017
f1807,Kurakkan with beef and carrot,765.7743786,93.6,35.9,27.1,68,Dinner,Sri Lankan,589
f1808,Millet with fish and cucumber,1053.776291,134.3,31.4,40.2,45,Breakfast,Sri Lankan,811
f1809,Wheat with mung beans and cabbage,1133.365201,126.8,37.1,50.9,58,Breakfast,Sri Lankan,872
f1810,Millet with chicken and tomato,709.8470363,95.2,27.3,21.6,59,Lunch,Sri Lankan,546
f1811,Rice with beef and onion,1053.537285,138.8,47.9,31.9,50,Dinner,Sri Lankan,810
f1812,Rice with fish and onion,788.7189293,46.1,71,34.1,49,Snack,Sri Lankan,607
f1813,Kurakkan with tofu and cabbage,254.0630975,24.1,13.3,9.7,60,Lunch,Sri Lankan,195
f1814,Kurakkan with beef and onion,560.2294455,66.4,23.1,21,62,Snack,Sri Lankan,431
f1815,Kurakkan with chicken and carrot,384.7992352,29.1,36.7,10.3,69,Dinner,Sri Lankan,296
f1816,Rice with chicken and cabbage,852.0554493,138.3,20.1,22.2,60,Snack,Sri Lankan,655
f1817,Millet with beef and cucumber,1207.695985,171.9,53.4,30.8,47,Breakfast,Sri Lankan,929
f1818,Wheat with mung beans and cucumber,851.8164436,107.1,38.9,26.3,54,Dinner,Sri Lankan,655
f1819,Wheat with chicken and cabbage,871.6539197,99.2,41.9,28.7,52,Lunch,Sri Lankan,671
f1820,Bread with lentils and carrot,746.1759082,113.1,26.4,16.9,45,Dinner,Sri Lankan,574
f1821,Wheat with fish and tomato,1125,61.7,18,90,63,Breakfast,Sri Lankan,865
f1822,Bread with lentils and cucumber,1293.260038,91.2,27.1,89.8,61,Snack,Sri Lankan,995
f1823,Wheat with chicken and onion,506.2141491,23.6,38.1,27.2,66,Snack,Sri Lankan,389
f1824,Millet with tofu and carrot,651.7686424,91.8,21.2,18.3,68,Dinner,Sri Lankan,501
f1825,Kurakkan with egg and tomato,1179.732314,56.8,22.4,96.1,70,Lunch,Sri Lankan,907
f1826,Bread with lentils and carrot,1113.527725,176.2,27.6,29.8,65,Dinner,Sri Lankan,857
f1827,Kurakkan with tofu and carrot,893.8814532,98.6,26,43.6,63,Dinner,Sri Lankan,688
f1828,Bread with fish and cucumber,880.4971319,88.1,50.1,36.5,62,Dinner,Sri Lankan,677
f1829,Bread with beef and onion,1852.294455,97.3,48.9,139.7,55,Breakfast,Sri Lankan,1425
f1830,Bread with fish and cucumber,1223.709369,31.4,23.7,111.8,62,Dinner,Sri Lankan,941
f1831,Rice with mung beans and onion,698.374761,85.9,28.7,24.8,52,Lunch,Sri Lankan,537
f1832,Wheat with mung beans and onion,897.9445507,84.5,46.4,38.9,65,Snack,Sri Lankan,691
f1833,Wheat with egg and cabbage,946.9407266,115.7,37.7,31.3,63,Snack,Sri Lankan,728
f1834,Wheat with beef and beans,1010.277247,99.2,63.2,37,53,Dinner,Sri Lankan,777
f1835,Rice with beef and carrot,607.791587,83.8,19.3,18.7,58,Snack,Sri Lankan,468
f1836,Rice with beef and onion,1231.596558,101.9,33.9,75.2,70,Lunch,Sri Lankan,947
f1837,Bread with fish and beans,722.5143403,62.6,41.7,32.4,67,Lunch,Sri Lankan,556
f1838,Bread with fish and cucumber,1286.089866,65.6,40.7,95.4,55,Snack,Sri Lankan,989
f1839,Bread with beef and beans,646.0325048,54.4,49.9,22.6,57,Breakfast,Sri Lankan,497
f1840,Kurakkan with fish and cucumber,1273.661568,61.6,14.7,108.1,64,Dinner,Sri Lankan,980
f1841,Millet with lentils and onion,821.4627151,134.1,26.4,16.9,64,Breakfast,Sri Lankan,632
f1842,Rice with beef and tomato,1608.74761,88.2,51.4,114.7,65,Dinner,Sri Lankan,1237
f1843,Wheat with egg and onion,1140.296367,158.3,22.8,41.2,64,Dinner,Sri Lankan,877
f1844,Rice with beef and onion,1015.296367,91.1,54.9,46.9,52,Dinner,Sri Lankan,781
f1845,Millet with tofu and beans,1358.508604,99.8,14,102.7,70,Breakfast,Sri Lankan,1045
f1846,Kurakkan with chicken and carrot,498.8049713,26.8,54.1,17.2,67,Snack,Sri Lankan,384
f1847,Bread with beef and onion,1094.407266,94.3,72.7,41.6,69,Lunch,Sri Lankan,842
f1848,Kurakkan with beef and cabbage,450.5258126,36.7,29.2,16.3,68,Lunch,Sri Lankan,347
f1849,Bread with egg and cabbage,1288.718929,65.3,32.3,99.7,65,Snack,Sri Lankan,991
f1850,Wheat with beef and cucumber,1309.512428,127.7,54.2,63.1,48,Dinner,Sri Lankan,1007
f1851,Kurakkan with mung beans and carrot,1010.277247,46.2,5.2,89.3,45,Dinner,Sri Lankan,777
f1852,Bread with mung beans and tomato,923.5181644,114.8,29,37.7,59,Dinner,Sri Lankan,710
f1853,Wheat with egg and tomato,1173.996176,95,76.6,52.3,56,Lunch,Sri Lankan,903
f1854,Bread with egg and onion,1150.573614,37.9,78.6,75,68,Breakfast,Sri Lankan,885
f1855,Millet with chicken and cabbage,1203.393881,41.3,20.6,107,66,Breakfast,Sri Lankan,926
f1856,Rice with fish and tomato,1701.003824,117.8,46.1,115.9,59,Breakfast,Sri Lankan,1308
f1857,Wheat with lentils and tomato,1724.18738,145.6,30.3,112.6,60,Lunch,Sri Lankan,1326
f1858,Millet with tofu and cabbage,463.4321224,39.3,28.8,19.6,58,Snack,Sri Lankan,356
f1859,Wheat with mung beans and onion,1172.08413,128.3,49.1,50.2,58,Lunch,Sri Lankan,902
f1860,Millet with lentils and cabbage,696.2237094,102,20.6,20.4,66,Breakfast,Sri Lankan,536
f1861,Kurakkan with beef and beans,1296.128107,24.2,33.3,119.4,48,Dinner,Sri Lankan,997
f1862,Millet with fish and cucumber,988.5277247,43.3,47.9,68.5,68,Snack,Sri Lankan,760
f1863,Rice with fish and onion,1231.596558,158.7,43.8,45.2,54,Dinner,Sri Lankan,947
f1864,Wheat with beef and cucumber,1145.315488,166.5,47.1,31.1,68,Dinner,Sri Lankan,881
f1865,Millet with lentils and cabbage,1381.214149,89.5,25.7,99.7,47,Breakfast,Sri Lankan,1062
f1866,Bread with chicken and onion,1421.367113,96.9,37.1,97.8,56,Breakfast,Sri Lankan,1093
f1867,Wheat with beef and carrot,1375.239006,125.3,57.6,71.1,50,Snack,Sri Lankan,1058
f1868,Rice with mung beans and beans,1299.952199,96.3,22.9,92.1,46,Breakfast,Sri Lankan,1000
f1869,Millet with fish and cabbage,676.8642447,41.1,40.4,38.2,59,Snack,Sri Lankan,521
f1870,Kurakkan with mung beans and cucumber,320.9847036,14.6,26.5,15.5,63,Dinner,Sri Lankan,247
f1871,Rice with tofu and beans,686.1854685,32.7,26.4,50.1,66,Lunch,Sri Lankan,528
f1872,Kurakkan with lentils and carrot,398.1835564,34.2,8.7,23.3,63,Breakfast,Sri Lankan,306
f1873,Kurakkan with tofu and tomato,516.2523901,20.4,32.1,31,48,Dinner,Sri Lankan,397
f1874,Kurakkan with lentils and onion,549.7131931,57.1,19.8,24.7,49,Dinner,Sri Lankan,423
f1875,Wheat with chicken and beans,1309.034417,140.5,39.4,64.3,65,Dinner,Sri Lankan,1007
f1876,Rice with mung beans and beans,885.0382409,119.4,38.5,26.3,55,Lunch,Sri Lankan,681
f1877,Wheat with lentils and carrot,1017.92543,107.3,32.7,47.8,50,Dinner,Sri Lankan,783
f1878,Bread with egg and cabbage,1535.611855,97.2,17,119.5,61,Snack,Sri Lankan,1181
f1879,Millet with mung beans and carrot,1496.65392,109.3,17.4,108,64,Snack,Sri Lankan,1151
f1880,Millet with fish and cucumber,770.5544933,134.7,26.7,9.8,68,Breakfast,Sri Lankan,593
f1881,Millet with egg and tomato,697.1797323,34.9,60.7,34.3,49,Breakfast,Sri Lankan,536
f1882,Kurakkan with beef and cucumber,563.3365201,68,23,20,52,Lunch,Sri Lankan,433
f1883,Bread with mung beans and cucumber,970.124283,24.9,19.6,88.8,62,Breakfast,Sri Lankan,746
f1884,Kurakkan with lentils and tomato,699.8087954,107.7,26.1,14.8,62,Lunch,Sri Lankan,538
f1885,Millet with chicken and tomato,1402.963671,149.6,61.6,59,50,Dinner,Sri Lankan,1079
f1886,Bread with egg and cabbage,711.998088,66.9,43.1,28.5,54,Dinner,Sri Lankan,548
f1887,Bread with lentils and tomato,1403.202677,177.7,37,57.7,48,Lunch,Sri Lankan,1079
f1888,Rice with chicken and onion,919.9330784,73.4,64.9,40,50,Lunch,Sri Lankan,708
f1889,Millet with chicken and carrot,1579.110899,84.6,29.2,122.9,51,Snack,Sri Lankan,1215
f1890,Kurakkan with chicken and onion,956.500956,23.8,91.3,54.1,56,Dinner,Sri Lankan,736
f1891,Rice with lentils and beans,668.9770554,120.5,17.6,10.8,46,Dinner,Sri Lankan,515
f1892,Millet with fish and tomato,610.1816444,65.4,37.6,19.9,48,Snack,Sri Lankan,469
f1893,Rice with egg and carrot,801.1472275,72.4,64.3,26.5,51,Dinner,Sri Lankan,616
f1894,Rice with mung beans and cucumber,1300.191205,48.1,16.8,116.3,70,Snack,Sri Lankan,1000
f1895,Bread with beef and carrot,1250.717017,33.4,48.7,102,55,Breakfast,Sri Lankan,962
f1896,Wheat with tofu and carrot,1128.107075,139.4,46.4,39.1,49,Breakfast,Sri Lankan,868
f1897,Millet with tofu and onion,889.1013384,89.5,33.7,30.1,58,Snack,Sri Lankan,684
f1898,Rice with tofu and carrot,734.9426386,89.1,22.9,29.6,68,Snack,Sri Lankan,565
f1899,Wheat with tofu and carrot,1428.776291,159,30.8,72.1,46,Lunch,Sri Lankan,1099
f1900,Kurakkan with egg and tomato,510.0382409,47.7,30.4,19.7,52,Lunch,Sri Lankan,392
f1901,Millet with egg and onion,948.8527725,136.1,33,26.4,65,Breakfast,Sri Lankan,730
f1902,Bread with mung beans and onion,643.4034417,82.4,17.7,25.1,68,Breakfast,Sri Lankan,495
f1903,Millet with mung beans and cabbage,810.2294455,81.7,37.5,34.7,67,Dinner,Sri Lankan,623
f1904,Rice with chicken and onion,1152.48566,172.1,37.3,30.9,45,Snack,Sri Lankan,887
f1905,Kurakkan with mung beans and cabbage,340.1051625,49.5,17.3,6.5,68,Breakfast,Sri Lankan,262
f1906,Wheat with lentils and beans,607.791587,78.6,23.6,14.8,58,Dinner,Sri Lankan,468
f1907,Kurakkan with egg and tomato,574.3307839,67.5,10.1,28.1,56,Lunch,Sri Lankan,442
f1908,Rice with chicken and onion,1035.85086,76.7,58.2,54.4,49,Dinner,Sri Lankan,797
f1909,Rice with fish and beans,1327.437859,137.7,56.9,60.2,52,Snack,Sri Lankan,1021
f1910,Rice with lentils and beans,1778.680688,154.1,16.5,123,60,Breakfast,Sri Lankan,1368
f1911,Rice with tofu and onion,549.9521989,75.9,26.1,13.6,58,Dinner,Sri Lankan,423
f1912,Bread with beef and cucumber,945.9847036,116.5,48.9,28.9,63,Breakfast,Sri Lankan,728
f1913,Wheat with egg and carrot,988.0497132,79.3,61.8,43.7,51,Snack,Sri Lankan,760
f1914,Millet with egg and cucumber,1277.48566,89.1,26.3,89.2,47,Lunch,Sri Lankan,983
f1915,Millet with tofu and cabbage,544.2160612,76.7,20,13.9,68,Breakfast,Sri Lankan,419
f1916,Millet with lentils and tomato,1293.021033,143.7,50.3,55.4,63,Breakfast,Sri Lankan,995
f1917,Kurakkan with fish and onion,908.4608031,100.1,25.3,42.2,48,Lunch,Sri Lankan,699
f1918,Kurakkan with fish and onion,575.2868069,38.2,42.7,26,48,Dinner,Sri Lankan,443
f1919,Bread with fish and beans,933.0783939,69.9,57.9,46.3,70,Lunch,Sri Lankan,718
f1920,Millet with fish and beans,1240.917782,84.4,25.1,88.3,53,Dinner,Sri Lankan,955
f1921,Bread with chicken and cabbage,1514.101338,181.3,34.6,70.5,55,Breakfast,Sri Lankan,1165
f1922,Kurakkan with mung beans and carrot,286.5678776,15.4,7.5,19.6,58,Lunch,Sri Lankan,220
f1923,Bread with chicken and tomato,698.1357553,103.1,31.5,14.1,53,Snack,Sri Lankan,537
f1924,Rice with fish and tomato,1432.361377,167.6,50,57.6,65,Dinner,Sri Lankan,1102
f1925,Kurakkan with chicken and carrot,1104.206501,141.4,16.6,52.2,49,Dinner,Sri Lankan,849
f1926,Wheat with mung beans and beans,955.7839388,135.4,14.8,36.6,64,Breakfast,Sri Lankan,735
f1927,Wheat with mung beans and beans,1020.793499,41.2,12.6,89.9,52,Dinner,Sri Lankan,785
f1928,Millet with egg and cucumber,1118.546845,140,44.7,40,54,Dinner,Sri Lankan,860
f1929,Kurakkan with fish and onion,1249.043977,30,28,113.7,62,Breakfast,Sri Lankan,961
f1930,Millet with fish and cabbage,637.9063098,48.6,27.5,34.6,63,Dinner,Sri Lankan,491
f1931,Kurakkan with beef and tomato,1335.086042,22.9,46.4,118.3,59,Lunch,Sri Lankan,1027
f1932,Millet with fish and cabbage,836.998088,94.3,33.1,35.6,53,Dinner,Sri Lankan,644
f1933,Kurakkan with egg and cabbage,320.5066922,23.4,17.4,16,49,Lunch,Sri Lankan,247
f1934,Kurakkan with fish and beans,870.458891,77.3,42.3,43.1,65,Lunch,Sri Lankan,670
f1935,Kurakkan with egg and cabbage,597.9923518,63.9,24.5,26.9,49,Dinner,Sri Lankan,460
f1936,Bread with chicken and cabbage,1657.743786,103.9,39.6,120,54,Breakfast,Sri Lankan,1275
f1937,Rice with mung beans and cucumber,1193.833652,18.1,10.7,121.3,48,Dinner,Sri Lankan,918
f1938,Rice with egg and cabbage,999.7609943,148.2,45.3,22.5,65,Dinner,Sri Lankan,769
f1939,Kurakkan with mung beans and carrot,620.458891,64.3,15.8,33.2,61,Lunch,Sri Lankan,477
f1940,Bread with beef and carrot,1219.16826,131.4,48.5,54.4,59,Dinner,Sri Lankan,938
f1941,Wheat with mung beans and carrot,771.5105163,146.4,17.6,10.3,64,Snack,Sri Lankan,593
f1942,Rice with egg and carrot,922.08413,87.6,54.3,35.8,54,Lunch,Sri Lankan,709
f1943,Wheat with fish and cabbage,904.1586998,110.9,52.7,26.9,51,Breakfast,Sri Lankan,696
f1944,Rice with fish and tomato,1247.609943,103.2,67.1,60.1,55,Breakfast,Sri Lankan,960
f1945,Millet with tofu and tomato,629.0630975,67,43.5,17.7,53,Dinner,Sri Lankan,484
f1946,Kurakkan with mung beans and carrot,473.9483748,37.1,22,24.4,55,Dinner,Sri Lankan,365
f1947,Bread with fish and beans,1610.181644,126.6,29.9,106.9,57,Breakfast,Sri Lankan,1239
f1948,Kurakkan with lentils and carrot,822.418738,103.8,21.7,34.6,61,Lunch,Sri Lankan,633
f1949,Bread with tofu and beans,1543.73805,79.9,39.1,118,51,Dinner,Sri Lankan,1187
f1950,Bread with mung beans and carrot,1352.055449,66.8,23.5,110.4,68,Dinner,Sri Lankan,1040
f1951,Kurakkan with beef and tomato,906.3097514,16.2,79.1,57.4,47,Dinner,Sri Lankan,697
f1952,Wheat with chicken and beans,1201.003824,118.6,41.1,54.1,61,Lunch,Sri Lankan,924
f1953,Rice with chicken and cucumber,718.9292543,90.9,39.5,19.3,57,Snack,Sri Lankan,553
f1954,Kurakkan with beef and cucumber,996.414914,6.9,28.1,96.1,70,Lunch,Sri Lankan,766
f1955,Rice with egg and cucumber,963.9101338,109,64.3,27.8,49,Dinner,Sri Lankan,741
f1956,Bread with egg and carrot,1080.066922,136.2,25.5,43,48,Snack,Sri Lankan,831
f1957,Kurakkan with beef and beans,413.001912,22.8,31.1,21,69,Breakfast,Sri Lankan,318
f1958,Wheat with egg and beans,1289.196941,160.6,45.4,51.9,51,Breakfast,Sri Lankan,992
f1959,Bread with chicken and tomato,964.6271511,90.4,63.1,39.2,61,Breakfast,Sri Lankan,742
f1960,Rice with lentils and beans,980.1625239,146.9,28.1,29.7,67,Dinner,Sri Lankan,754
f1961,Wheat with lentils and cucumber,1204.110899,149.1,29,49.8,60,Lunch,Sri Lankan,926
f1962,Kurakkan with fish and cabbage,497.8489484,38.4,26.6,24.1,70,Breakfast,Sri Lankan,383
f1963,Bread with beef and cabbage,549.4741874,65.5,41.5,11.3,54,Breakfast,Sri Lankan,423
f1964,Bread with tofu and cabbage,800.4302103,67.4,44.5,38,68,Lunch,Sri Lankan,616
f1965,Kurakkan with lentils and cabbage,487.332696,54.8,22.4,17.4,66,Breakfast,Sri Lankan,375
f1966,Kurakkan with lentils and cabbage,868.7858509,39.4,9.7,74.8,49,Breakfast,Sri Lankan,668
f1967,Rice with lentils and onion,1561.424474,147.6,24.7,95.6,69,Snack,Sri Lankan,1201
f1968,Millet with egg and carrot,1399.617591,45.4,11.6,131.1,67,Breakfast,Sri Lankan,1077
f1969,Rice with beef and carrot,1328.154876,70.4,63.3,85.7,49,Dinner,Sri Lankan,1022
f1970,Wheat with chicken and tomato,1284.655832,56.3,36.5,101.2,65,Dinner,Sri Lankan,988
f1971,Kurakkan with chicken and beans,611.8546845,46.9,23.5,36.7,51,Lunch,Sri Lankan,471
f1972,Kurakkan with egg and carrot,968.9292543,74.4,62.2,46.3,52,Dinner,Sri Lankan,745
f1973,Bread with fish and carrot,798.2791587,107.6,30.9,23.7,56,Lunch,Sri Lankan,614
f1974,Rice with chicken and carrot,469.6462715,45.2,45.1,9.6,69,Snack,Sri Lankan,361
f1975,Bread with chicken and onion,1148.183556,124.2,52.3,47.1,65,Snack,Sri Lankan,883
f1976,Rice with chicken and carrot,1483.986616,127.3,20.9,98.6,69,Snack,Sri Lankan,1142
f1977,Wheat with fish and tomato,2362.810707,81.5,20.9,218.3,54,Dinner,Sri Lankan,1818
f1978,Wheat with lentils and carrot,828.8718929,120.2,38.8,19.4,62,Snack,Sri Lankan,638
f1979,Millet with mung beans and carrot,318.1166348,48,9.1,7.7,62,Breakfast,Sri Lankan,245
f1980,Rice with egg and cucumber,593.2122371,63.3,24.2,25.4,60,Breakfast,Sri Lankan,456
f1981,Kurakkan with beef and tomato,1321.701721,86.3,49.1,84.1,67,Lunch,Sri Lankan,1017
f1982,Millet with mung beans and beans,737.8107075,34.6,43.5,44.2,45,Breakfast,Sri Lankan,568
f1983,Bread with egg and beans,1653.441683,42.8,68.2,133.4,61,Dinner,Sri Lankan,1272
f1984,Bread with lentils and onion,1518.164436,116.4,32.3,100.4,68,Lunch,Sri Lankan,1168
f1985,Bread with fish and carrot,1552.581262,94.2,47.1,109.1,63,Lunch,Sri Lankan,1194
f1986,Rice with lentils and tomato,1430.210325,60.6,23.3,121.2,65,Breakfast,Sri Lankan,1100
f1987,Bread with chicken and cabbage,1579.58891,53,57.5,127,51,Dinner,Sri Lankan,1215
f1988,Rice with lentils and cucumber,1129.063098,45.7,27,92.6,48,Snack,Sri Lankan,869
f1989,Wheat with chicken and tomato,996.8929254,123.2,54,27,53,Breakfast,Sri Lankan,767
f1990,Bread with beef and cucumber,636.9502868,64.2,37.8,22.3,54,Lunch,Sri Lankan,490
f1991,Wheat with lentils and onion,1430.927342,71.9,23.7,110.7,47,Lunch,Sri Lankan,1101
f1992,Kurakkan with egg and beans,1161.089866,27.4,17,111.1,66,Snack,Sri Lankan,893
f1993,Bread with egg and carrot,1305.688337,91.5,51.5,77.9,52,Dinner,Sri Lankan,1004
f1994,Rice with fish and carrot,689.5315488,63.1,34.3,30.9,52,Breakfast,Sri Lankan,530
f1995,Rice with beef and cabbage,881.9311663,41,58.4,47.6,45,Lunch,Sri Lankan,678
f1996,Wheat with chicken and beans,1054.971319,109.9,40.6,49.1,61,Lunch,Sri Lankan,812
f1997,Bread with tofu and onion,1771.510516,108.6,39.5,130.8,53,Breakfast,Sri Lankan,1363
f1998,Rice with fish and beans,945.5066922,114.5,76.9,18.3,48,Dinner,Sri Lankan,727
f1999,Kurakkan with fish and cabbage,1512.189293,61.4,21.8,131.6,64,Lunch,Sri Lankan,1163
f2000,Bread with mung beans and cucumber,500,45.2,26.6,21.6,61,Lunch,Sri Lankan,385
f2001,Kurakkan with beef and carrot,589.3881453,17.9,41.1,38,63,Dinner,Sri Lankan,453
f2002,Millet with egg and cabbage,840.8221797,113.9,28.4,26.7,57,Breakfast,Sri Lankan,647
f2003,Bread with egg and tomato,861.1376673,96,56.4,25.4,50,Breakfast,Sri Lankan,662
f2004,Rice with chicken and cabbage,1000.478011,118.9,28.1,44.1,47,Snack,Sri Lankan,770
f2005,Bread with tofu and tomato,1475.860421,96.4,16.3,113.8,62,Breakfast,Sri Lankan,1135
f2006,Rice with fish and tomato,1012.667304,99.4,61.1,39.5,45,Snack,Sri Lankan,779
f2007,Bread with egg and cucumber,651.5296367,82.2,30.9,18.9,63,Dinner,Sri Lankan,501
f2008,Kurakkan with egg and cucumber,1044.455067,73.7,45.7,63.6,46,Breakfast,Sri Lankan,803
f2009,Wheat with fish and cucumber,1667.543021,104.4,33.1,123,59,Lunch,Sri Lankan,1283
f2010,Kurakkan with tofu and cabbage,346.0803059,25.8,23.9,14.9,56,Snack,Sri Lankan,266
f2011,Bread with lentils and cucumber,1232.07457,88.2,18.5,88.7,47,Lunch,Sri Lankan,948
f2012,Wheat with chicken and cucumber,1064.770554,68.3,43.8,67.8,63,Breakfast,Sri Lankan,819
f2013,Rice with egg and carrot,713.9101338,71.1,40.2,29.4,57,Lunch,Sri Lankan,549
f2014,Rice with tofu and beans,968.6902486,123.4,46.5,30.9,46,Snack,Sri Lankan,745
f2015,Bread with tofu and tomato,1987.332696,25,53.1,186.6,54,Breakfast,Sri Lankan,1529
f2016,Wheat with tofu and beans,1156.787763,139.3,59.4,38.2,69,Lunch,Sri Lankan,890
f2017,Rice with chicken and cabbage,983.5086042,96,47,42,64,Lunch,Sri Lankan,757
f2018,Kurakkan with tofu and cabbage,519.5984704,28,42.7,24.5,69,Dinner,Sri Lankan,400
f2019,Millet with lentils and cucumber,1441.6826,126.3,20.9,92.1,45,Dinner,Sri Lankan,1109
f2020,Kurakkan with mung beans and onion,367.5908222,9.1,36.9,19.9,53,Dinner,Sri Lankan,283
f2021,Kurakkan with egg and carrot,1093.690249,142,18.1,50.2,54,Breakfast,Sri Lankan,841
f2022,Bread with mung beans and onion,1068.116635,95,60.8,47.5,45,Lunch,Sri Lankan,822
f2023,Kurakkan with chicken and beans,1471.558317,27.6,23.9,141.1,46,Dinner,Sri Lankan,1132
f2024,Bread with chicken and onion,790.6309751,56.7,64.5,30.7,47,Snack,Sri Lankan,608
f2025,Wheat with egg and beans,1406.548757,109.2,28.8,95,51,Dinner,Sri Lankan,1082
f2026,Bread with mung beans and cabbage,540.8699809,94.2,19.1,6.7,50,Snack,Sri Lankan,416
f2027,Rice with egg and cabbage,1380.736138,112.8,23.3,90.7,69,Breakfast,Sri Lankan,1062
f2028,Millet with fish and carrot,845.124283,99.5,56.2,19,52,Lunch,Sri Lankan,650
f2029,Millet with egg and cucumber,1305.688337,69.3,29.8,99.7,67,Dinner,Sri Lankan,1004
f2030,Rice with mung beans and tomato,1423.518164,86.4,15.9,111.3,61,Lunch,Sri Lankan,1095
f2031,Wheat with egg and cucumber,779.6367113,83.6,46.9,24.7,61,Dinner,Sri Lankan,600
f2032,Wheat with beef and cucumber,939.5315488,33.6,71.3,55.6,51,Lunch,Sri Lankan,723
f2033,Bread with tofu and cabbage,1580.066922,97.9,34.7,115.7,47,Lunch,Sri Lankan,1215
f2034,Rice with egg and beans,1657.982792,176.7,64.8,75.4,46,Snack,Sri Lankan,1275
f2035,Wheat with fish and cucumber,1450.525813,144.1,90.8,54.8,55,Lunch,Sri Lankan,1116
f2036,Kurakkan with beef and cabbage,616.6347992,67.9,37.3,20.8,68,Lunch,Sri Lankan,474
f2037,Bread with chicken and tomato,881.2141491,66.4,88.7,27.2,45,Breakfast,Sri Lankan,678
f2038,Kurakkan with chicken and beans,765.0573614,68.9,48.2,31.3,54,Breakfast,Sri Lankan,589
f2039,Millet with egg and cabbage,1093.690249,155.6,25.5,37.8,52,Lunch,Sri Lankan,841
f2040,Wheat with beef and tomato,1228.250478,104.4,70.8,51.7,67,Lunch,Sri Lankan,945
f2041,Rice with egg and cucumber,945.5066922,82.1,60.8,39.1,60,Dinner,Sri Lankan,727
f2042,Bread with lentils and cucumber,696.9407266,57.3,68.2,19.3,48,Lunch,Sri Lankan,536
f2043,Rice with chicken and cucumber,693.1166348,73.5,50.9,20.2,53,Snack,Sri Lankan,533
f2044,Bread with fish and cabbage,1243.307839,175.5,28.9,45.8,56,Breakfast,Sri Lankan,956
f2045,Rice with lentils and beans,1045.650096,117.6,26.8,48.5,57,Lunch,Sri Lankan,804
f2046,Kurakkan with chicken and carrot,661.0898662,46.2,34.4,36.5,59,Snack,Sri Lankan,509
f2047,Bread with lentils and cucumber,985.1816444,133.3,33.1,34,69,Lunch,Sri Lankan,758
f2048,Millet with beef and tomato,1395.554493,70.2,45.7,101.9,57,Lunch,Sri Lankan,1074
f2049,Wheat with tofu and cucumber,1370.697897,95.4,30.5,93.9,46,Dinner,Sri Lankan,1054
f2050,Rice with mung beans and carrot,632.8871893,30.6,38.9,37.8,63,Lunch,Sri Lankan,487
f2051,Millet with egg and carrot,1586.998088,99,30.7,117.5,51,Dinner,Sri Lankan,1221
f2052,Wheat with beef and beans,822.6577438,94.9,42.5,26.1,64,Lunch,Sri Lankan,633
f2053,Bread with tofu and beans,1399.378585,71.7,36.8,106.4,47,Snack,Sri Lankan,1076
f2054,Rice with chicken and onion,1210.564054,172.7,35.7,40.5,66,Dinner,Sri Lankan,931
f2055,Rice with egg and tomato,1459.130019,97.3,38.9,98.7,53,Breakfast,Sri Lankan,1122
f2056,Wheat with lentils and carrot,1029.397706,105.7,48.9,43,52,Breakfast,Sri Lankan,792
f2057,Bread with tofu and cucumber,695.2676864,61.8,48.3,26.5,68,Lunch,Sri Lankan,535
f2058,Millet with egg and tomato,1278.441683,51.1,22.8,109.4,64,Dinner,Sri Lankan,983
f2059,Rice with chicken and onion,1811.424474,135.4,31.1,126.6,51,Breakfast,Sri Lankan,1393
f2060,Bread with egg and onion,1636.23327,68.7,52.7,127.7,62,Dinner,Sri Lankan,1259
f2061,Wheat with fish and cucumber,926.625239,77.3,33.5,52.9,51,Breakfast,Sri Lankan,713
f2062,Wheat with mung beans and tomato,770.5544933,113.7,43.1,13.8,50,Snack,Sri Lankan,593
f2063,Kurakkan with beef and onion,863.5277247,24.5,18.8,76.6,45,Dinner,Sri Lankan,664
f2064,Wheat with tofu and cabbage,1686.66348,65.7,62.7,129.7,45,Breakfast,Sri Lankan,1297
f2065,Wheat with lentils and cabbage,1492.829828,89.4,23,115,57,Snack,Sri Lankan,1148
f2066,Millet with beef and cucumber,767.208413,87.4,43.4,22.6,59,Dinner,Sri Lankan,590
f2067,Rice with fish and carrot,1253.824092,51.3,36.8,99.5,68,Breakfast,Sri Lankan,964
f2068,Millet with beef and onion,1033.221797,118.3,73.8,25.7,64,Breakfast,Sri Lankan,795
f2069,Millet with chicken and carrot,1276.290631,58.7,18.7,107.2,48,Snack,Sri Lankan,982
f2070,Wheat with mung beans and tomato,1431.883365,107.7,31.1,95.4,62,Lunch,Sri Lankan,1101
f2071,Wheat with chicken and cucumber,1033.460803,71.2,89.5,41.2,63,Lunch,Sri Lankan,795
f2072,Rice with lentils and cabbage,454.8279159,50.2,23,15.2,62,Breakfast,Sri Lankan,350
f2073,Wheat with egg and cucumber,1562.858509,199.1,45.1,64.5,55,Snack,Sri Lankan,1202
f2074,Rice with fish and cabbage,949.5697897,108,29.8,40.2,67,Breakfast,Sri Lankan,730
f2075,Rice with mung beans and tomato,1260.755258,80,28.6,91.6,54,Snack,Sri Lankan,970
f2076,Rice with mung beans and tomato,1325.764818,77.2,23.9,99,54,Lunch,Sri Lankan,1020
f2077,Rice with fish and beans,861.1376673,87.7,39.5,37.8,62,Dinner,Sri Lankan,662
f2078,Bread with mung beans and tomato,1304.254302,52.7,37.3,101.7,70,Lunch,Sri Lankan,1003
f2079,Wheat with tofu and onion,1111.137667,144.1,34.3,42.7,69,Snack,Sri Lankan,855
f2080,Millet with fish and onion,1035.372849,136.7,34.1,37.8,67,Lunch,Sri Lankan,796
f2081,Millet with lentils and onion,617.8298279,92.2,15.9,17.7,47,Dinner,Sri Lankan,475
f2082,Millet with lentils and carrot,1107.07457,174.6,24.8,30.1,56,Snack,Sri Lankan,852
f2083,Kurakkan with tofu and onion,743.0688337,81.2,25.5,33.5,70,Dinner,Sri Lankan,572
f2084,Wheat with mung beans and cucumber,1277.724665,25.4,15.1,125.1,53,Snack,Sri Lankan,983
f2085,Rice with mung beans and carrot,1361.137667,113.4,21.5,89.6,60,Breakfast,Sri Lankan,1047
f2086,Bread with mung beans and cabbage,639.1013384,69.5,20.1,30.5,61,Lunch,Sri Lankan,492
f2087,Bread with fish and carrot,1765.774379,21.7,30.7,174.8,45,Breakfast,Sri Lankan,1358
f2088,Kurakkan with egg and beans,1016.25239,57.4,57.9,60.3,68,Lunch,Sri Lankan,782
f2089,Bread with fish and beans,1577.198853,103.7,19.6,121.1,66,Breakfast,Sri Lankan,1213
f2090,Millet with beef and cucumber,747.3709369,85.4,37.1,26.9,69,Lunch,Sri Lankan,575
f2091,Bread with beef and cucumber,592.7342256,38.6,53.8,23,69,Lunch,Sri Lankan,456
f2092,Rice with fish and cucumber,857.791587,24.8,82.4,46.7,51,Snack,Sri Lankan,660
f2093,Millet with fish and onion,723.4703633,70.3,70.3,16.1,57,Snack,Sri Lankan,557
f2094,Rice with lentils and beans,1185.468451,38.4,34.3,99.1,51,Lunch,Sri Lankan,912
f2095,Wheat with egg and onion,1594.885277,126.4,37.1,102.1,66,Snack,Sri Lankan,1227
f2096,Millet with tofu and tomato,582.6959847,48.8,29.6,28.7,58,Lunch,Sri Lankan,448
f2097,Millet with mung beans and onion,1055.210325,42.8,24.5,87.2,60,Dinner,Sri Lankan,812
f2098,Wheat with fish and cabbage,681.6443595,41.3,68.6,24.8,52,Lunch,Sri Lankan,524
f2099,Millet with egg and carrot,786.3288719,112.6,29.5,20.8,46,Dinner,Sri Lankan,605
f2100,Rice with fish and cucumber,1275.334608,61.4,15.2,108.5,49,Dinner,Sri Lankan,981
f2101,Bread with lentils and beans,603.0114723,58,36.4,23.4,54,Breakfast,Sri Lankan,464
f2102,Wheat with chicken and tomato,1331.978967,172.8,54.5,42.9,48,Snack,Sri Lankan,1025
f2103,Wheat with egg and onion,1538.479924,141.9,48.1,83,55,Dinner,Sri Lankan,1183
f2104,Millet with lentils and carrot,437.8585086,53.3,25.9,10.7,67,Breakfast,Sri Lankan,337
f2105,Bread with beef and cabbage,1811.902486,94.2,44.2,139.9,70,Dinner,Sri Lankan,1394
f2106,Bread with fish and carrot,1218.451243,132.4,41.7,56.6,60,Dinner,Sri Lankan,937
f2107,Bread with fish and cucumber,801.1472275,111.3,32.6,22.5,67,Lunch,Sri Lankan,616
f2108,Bread with fish and carrot,885.0382409,83.9,42.6,41.2,47,Lunch,Sri Lankan,681
f2109,Wheat with chicken and beans,771.0325048,99.5,36.7,21.3,56,Snack,Sri Lankan,593
f2110,Wheat with chicken and tomato,1064.292543,115.3,74.8,28.9,69,Breakfast,Sri Lankan,819
f2111,Millet with fish and beans,1959.130019,93.1,57.8,149.2,61,Lunch,Sri Lankan,1507
f2112,Rice with beef and cabbage,1093.212237,89.4,63.3,52.8,48,Snack,Sri Lankan,841
f2113,Wheat with egg and tomato,1099.18738,152.2,33.5,38,48,Lunch,Sri Lankan,846
f2114,Kurakkan with fish and cabbage,648.9005736,56.4,39.7,27.7,45,Snack,Sri Lankan,499
f2115,Wheat with beef and cabbage,984.9426386,114.2,74.2,22.3,54,Breakfast,Sri Lankan,758
f2116,Bread with fish and cucumber,1547.562141,50,41.3,132.3,53,Lunch,Sri Lankan,1190
f2117,Kurakkan with egg and tomato,673.040153,75,43.9,20.3,57,Lunch,Sri Lankan,518
f2118,Bread with mung beans and cabbage,817.6386233,130.7,27.8,20.2,59,Breakfast,Sri Lankan,629
f2119,Kurakkan with lentils and cucumber,813.0975143,79,26.1,42.2,64,Dinner,Sri Lankan,625
f2120,Wheat with egg and tomato,824.5697897,89.8,45.8,25.3,53,Snack,Sri Lankan,634
f2121,Rice with chicken and onion,934.0344168,62.2,39.9,57.8,64,Dinner,Sri Lankan,718
f2122,Rice with beef and cabbage,412.0458891,34.2,34.2,13.8,60,Snack,Sri Lankan,317
f2123,Kurakkan with lentils and onion,1120.936902,68.9,11.6,88,62,Lunch,Sri Lankan,862
f2124,Kurakkan with lentils and carrot,1154.875717,66.1,11.5,93.1,51,Dinner,Sri Lankan,888
f2125,Kurakkan with tofu and tomato,902.2466539,110.7,31.2,35.6,49,Lunch,Sri Lankan,694
f2126,Kurakkan with beef and carrot,664.1969407,11.4,29.3,55.4,69,Snack,Sri Lankan,511
f2127,Kurakkan with beef and beans,493.7858509,71,25,11.2,53,Lunch,Sri Lankan,380
f2128,Millet with fish and carrot,1011.472275,40,30.8,80.8,52,Snack,Sri Lankan,778
f2129,Rice with egg and carrot,1363.288719,181.6,38.6,52.3,70,Snack,Sri Lankan,1049
f2130,Bread with tofu and onion,779.1586998,60.7,38.9,40,69,Snack,Sri Lankan,599
f2131,Kurakkan with lentils and onion,349.1873805,30.5,31.9,9.7,69,Dinner,Sri Lankan,269
f2132,Kurakkan with egg and beans,1343.212237,27.3,23.9,127.6,64,Snack,Sri Lankan,1033
f2133,Kurakkan with mung beans and tomato,608.0305927,96.5,11.3,20,70,Lunch,Sri Lankan,468
f2134,Rice with tofu and beans,743.5468451,95.3,34.4,22.6,59,Dinner,Sri Lankan,572
f2135,Kurakkan with beef and cucumber,748.8049713,73.1,45.9,23.8,45,Snack,Sri Lankan,576
f2136,Rice with lentils and carrot,1004.541109,72,26.9,65,56,Breakfast,Sri Lankan,773
f2137,Bread with tofu and tomato,844.8852772,91.3,44.5,30.6,68,Dinner,Sri Lankan,650
f2138,Rice with egg and cabbage,735.6596558,77.7,37.1,28.7,69,Snack,Sri Lankan,566
f2139,Millet with fish and cabbage,668.499044,104.9,19.3,18,61,Dinner,Sri Lankan,514
f2140,Millet with mung beans and beans,871.1759082,129.3,23.1,24.4,66,Dinner,Sri Lankan,670
f2141,Rice with egg and beans,1516.969407,64.5,29.7,127.8,57,Lunch,Sri Lankan,1167
f2142,Bread with tofu and carrot,1559.034417,90.2,31,113.3,62,Breakfast,Sri Lankan,1199
f2143,Kurakkan with tofu and cabbage,562.1414914,24.6,56.8,25.3,56,Snack,Sri Lankan,432
f2144,Rice with beef and onion,1000,116.2,41.1,39.5,53,Dinner,Sri Lankan,769
f2145,Kurakkan with mung beans and cucumber,344.4072658,28.1,17.7,17.7,54,Snack,Sri Lankan,265
f2146,Millet with egg and tomato,1027.246654,151.4,39.4,24.7,64,Breakfast,Sri Lankan,790
f2147,Bread with mung beans and cucumber,975.3824092,32.2,50.3,71.5,60,Lunch,Sri Lankan,750
f2148,Millet with lentils and cabbage,1733.74761,114.3,28.4,127,49,Snack,Sri Lankan,1334
f2149,Millet with tofu and beans,1161.328872,26.9,18,109.8,57,Snack,Sri Lankan,893
f2150,Kurakkan with tofu and beans,303.7762906,20.8,23.7,12.9,46,Lunch,Sri Lankan,234
f2151,Millet with mung beans and cucumber,455.5449331,29.7,16.3,29.8,70,Dinner,Sri Lankan,350
f2152,Millet with tofu and onion,928.2982792,94.3,60.8,30.5,58,Snack,Sri Lankan,714
f2153,Rice with beef and tomato,971.5583174,76.3,74.2,38.7,54,Dinner,Sri Lankan,747
f2154,Bread with egg and carrot,1302.581262,50,33.3,107.1,48,Lunch,Sri Lankan,1002
f2155,Millet with lentils and cucumber,1385.277247,86.1,13.2,109.4,50,Dinner,Sri Lankan,1066
f2156,Wheat with egg and carrot,946.7017208,68.9,74,35.3,53,Lunch,Sri Lankan,728
f2157,Bread with egg and tomato,1035.133843,160.6,57.9,17.6,53,Dinner,Sri Lankan,796
f2158,Kurakkan with lentils and carrot,993.7858509,77.6,50.7,52.2,49,Breakfast,Sri Lankan,764
f2159,Bread with tofu and beans,814.7705545,69.3,60.1,31,68,Snack,Sri Lankan,627
f2160,Millet with tofu and onion,1128.34608,85.5,20.5,75.5,56,Dinner,Sri Lankan,868
f2161,Rice with tofu and cabbage,1050.43021,112.5,35.8,49.6,68,Snack,Sri Lankan,808
f2162,Bread with mung beans and cabbage,619.5028681,93.7,21.3,13.9,51,Breakfast,Sri Lankan,477
f2163,Kurakkan with tofu and onion,1128.34608,28.3,18.7,103.3,62,Snack,Sri Lankan,868
f2164,Wheat with egg and tomato,883.6042065,76.7,37.1,47.6,65,Lunch,Sri Lankan,680
f2165,Millet with egg and cabbage,1180.449331,150.3,38.5,43.8,66,Breakfast,Sri Lankan,908
f2166,Millet with beef and carrot,1083.413002,134.2,31.4,46.3,47,Dinner,Sri Lankan,833
f2167,Millet with chicken and tomato,951.7208413,87.4,63.7,35.2,48,Lunch,Sri Lankan,732
f2168,Wheat with egg and cucumber,920.4110899,109.5,44,32.6,49,Snack,Sri Lankan,708
f2169,Kurakkan with beef and carrot,579.1108987,47.6,23.2,31.7,63,Lunch,Sri Lankan,445
f2170,Millet with chicken and onion,1032.743786,123.2,56.3,31.9,64,Dinner,Sri Lankan,794
f2171,Bread with egg and cucumber,744.7418738,60.3,56.3,29.6,55,Lunch,Sri Lankan,573
f2172,Wheat with tofu and onion,1546.367113,121.6,48.4,92,68,Lunch,Sri Lankan,1190
f2173,Rice with egg and beans,659.8948375,31.7,55.2,34.1,66,Snack,Sri Lankan,508
f2174,Kurakkan with tofu and cabbage,501.6730402,16.4,18.9,39,57,Breakfast,Sri Lankan,386
f2175,Kurakkan with tofu and cucumber,812.1414914,68.8,42.8,37.1,65,Lunch,Sri Lankan,625
f2176,Millet with fish and onion,1266.013384,69.4,40.5,91.7,57,Snack,Sri Lankan,974
f2177,Millet with chicken and cucumber,583.8910134,81.7,20.6,17.7,48,Lunch,Sri Lankan,449
f2178,Bread with egg and carrot,915.6309751,33.6,68,55.1,47,Dinner,Sri Lankan,704
f2179,Kurakkan with egg and onion,1006.692161,104.8,58.8,39.6,49,Breakfast,Sri Lankan,774
f2180,Bread with tofu and onion,1388.145315,63.2,33.1,110,57,Dinner,Sri Lankan,1068
f2181,Kurakkan with fish and beans,396.9885277,19.1,37.4,18.5,45,Dinner,Sri Lankan,305
f2182,Wheat with tofu and carrot,1243.307839,152.8,55.4,41.7,52,Lunch,Sri Lankan,956
f2183,Wheat with tofu and cabbage,1620.219885,70.5,28.9,135.7,62,Lunch,Sri Lankan,1246
f2184,Millet with fish and cabbage,1364.961759,158.2,55.4,53.3,49,Lunch,Sri Lankan,1050
f2185,Kurakkan with fish and cucumber,1092.734226,57.2,17.1,88.6,50,Snack,Sri Lankan,841
f2186,Rice with egg and cucumber,959.8470363,112.7,46,33.6,65,Dinner,Sri Lankan,738
f2187,Kurakkan with lentils and beans,583.6520076,48.2,46.2,21.7,50,Breakfast,Sri Lankan,449
f2188,Rice with fish and cucumber,555.6883365,76.3,27.6,13.6,57,Breakfast,Sri Lankan,427
f2189,Millet with beef and tomato,786.5678776,51.1,80,27.7,59,Snack,Sri Lankan,605
f2190,Wheat with lentils and cabbage,987.332696,156.9,37.6,20.1,55,Lunch,Sri Lankan,759
f2191,Wheat with lentils and beans,994.0248566,107.3,60.1,32.3,57,Dinner,Sri Lankan,765
f2192,Bread with egg and tomato,1030.353728,80.7,54.3,53.2,62,Snack,Sri Lankan,793
f2193,Wheat with fish and beans,941.2045889,106.9,51.8,32.2,67,Lunch,Sri Lankan,724
f2194,Kurakkan with mung beans and cucumber,451.7208413,72.7,5,16.4,64,Dinner,Sri Lankan,347
f2195,Kurakkan with beef and tomato,1018.403442,1.5,97,68.7,63,Breakfast,Sri Lankan,783
f2196,Bread with mung beans and cucumber,1360.898662,88.6,14.3,105.6,47,Lunch,Sri Lankan,1047
f2197,Kurakkan with tofu and cabbage,212.4760994,23.7,9.6,6.9,48,Breakfast,Sri Lankan,163
f2198,Rice with egg and cabbage,1504.063098,40.5,44.6,129.9,48,Snack,Sri Lankan,1157
f2199,Kurakkan with lentils and carrot,758.8432122,56.1,32.4,42.6,56,Lunch,Sri Lankan,584
f2200,Bread with lentils and carrot,1418.977055,120.7,20.6,92.5,67,Breakfast,Sri Lankan,1092
f2201,Bread with egg and cucumber,998.5659656,120.5,48.1,34,64,Lunch,Sri Lankan,768
f2202,Kurakkan with tofu and carrot,620.2198853,12.6,41.9,43.6,70,Dinner,Sri Lankan,477
f2203,Rice with beef and carrot,1797.08413,95.5,44.4,137.3,46,Breakfast,Sri Lankan,1382
f2204,Rice with mung beans and carrot,1048.279159,92.5,50.4,49.6,69,Breakfast,Sri Lankan,806
f2205,Wheat with lentils and onion,928.7762906,111.2,64.1,22.1,62,Breakfast,Sri Lankan,714
f2206,Millet with lentils and cucumber,836.5200765,137,22.6,17.7,49,Lunch,Sri Lankan,643
f2207,Millet with chicken and carrot,1518.881453,141.1,41.7,85.5,45,Snack,Sri Lankan,1168
f2208,Bread with fish and onion,1614.005736,90.9,58,112.6,53,Breakfast,Sri Lankan,1242
f2209,Millet with chicken and onion,1168.021033,130.4,56.7,43.5,57,Lunch,Sri Lankan,898
f2210,Millet with chicken and onion,776.290631,76.8,38.9,33.2,70,Breakfast,Sri Lankan,597
f2211,Kurakkan with tofu and tomato,713.1931166,48.7,39.2,39,58,Lunch,Sri Lankan,549
f2212,Kurakkan with mung beans and carrot,811.4244742,89.7,20.2,40.7,55,Snack,Sri Lankan,624
f2213,Bread with chicken and cabbage,1134.321224,40.3,39.9,90.1,51,Dinner,Sri Lankan,873
f2214,Wheat with fish and onion,1423.996176,87,20.3,110.4,66,Dinner,Sri Lankan,1095
f2215,Bread with tofu and carrot,729.9235182,81.5,37.1,25.3,49,Snack,Sri Lankan,561
f2216,Kurakkan with egg and tomato,306.8833652,38,17.4,8.1,70,Dinner,Sri Lankan,236
f2217,Wheat with egg and onion,1442.638623,143.3,50.4,72.4,56,Dinner,Sri Lankan,1110
f2218,Millet with beef and carrot,1044.455067,37.4,33.7,84.5,58,Breakfast,Sri Lankan,803
f2219,Rice with beef and carrot,735.6596558,21.1,83.4,33.6,58,Lunch,Sri Lankan,566
f2220,Bread with beef and cabbage,1361.615679,30,63.3,109.4,56,Lunch,Sri Lankan,1047
f2221,Bread with fish and cabbage,1764.57935,101.3,32.9,135.2,50,Snack,Sri Lankan,1357
f2222,Kurakkan with egg and cucumber,956.7399618,14.4,26.1,88.9,68,Breakfast,Sri Lankan,736
f2223,Rice with beef and onion,863.5277247,39.3,72.1,44.7,54,Lunch,Sri Lankan,664
f2224,Kurakkan with lentils and cucumber,324.5697897,41.4,15.8,7.7,65,Snack,Sri Lankan,250
f2225,Bread with beef and cabbage,1116.873805,82.9,72.7,54,70,Snack,Sri Lankan,859
f2226,Wheat with fish and cabbage,1534.416826,101.1,23.9,114.8,62,Snack,Sri Lankan,1180
f2227,Rice with fish and tomato,850.8604207,110.7,42.8,24.1,68,Lunch,Sri Lankan,655
f2228,Rice with beef and tomato,849.1873805,122.2,38.3,20.5,64,Lunch,Sri Lankan,653
f2229,Millet with lentils and onion,1576.720841,99.1,25.7,119.4,68,Dinner,Sri Lankan,1213
f2230,Wheat with beef and cucumber,637.9063098,77,51.7,10.2,70,Lunch,Sri Lankan,491
f2231,Rice with beef and beans,876.4340344,86.2,62.2,31.1,66,Lunch,Sri Lankan,674
f2232,Wheat with mung beans and onion,995.458891,166.3,21.2,25,67,Snack,Sri Lankan,766
f2233,Rice with egg and beans,530.83174,63.7,27.8,17,63,Dinner,Sri Lankan,408
f2234,Kurakkan with beef and carrot,489.0057361,11.3,58.4,21.8,56,Snack,Sri Lankan,376
f2235,Millet with mung beans and tomato,825.0478011,91.1,46.2,27.9,60,Dinner,Sri Lankan,635
f2236,Rice with lentils and cabbage,1215.105163,77.9,18.2,91.2,58,Breakfast,Sri Lankan,935
f2237,Bread with tofu and tomato,1356.118547,170.2,43.5,50.6,48,Dinner,Sri Lankan,1043
f2238,Kurakkan with mung beans and tomato,1200.764818,64.2,4.9,103.9,57,Snack,Sri Lankan,924
f2239,Bread with chicken and tomato,1509.321224,143.4,59.9,77.6,47,Breakfast,Sri Lankan,1161
f2240,Kurakkan with egg and beans,709.1300191,37.2,33.2,44.6,67,Snack,Sri Lankan,545
f2241,Kurakkan with lentils and cucumber,1020.793499,27.4,18.8,92.6,54,Snack,Sri Lankan,785
f2242,Rice with chicken and cabbage,901.0516252,90.2,44.2,38.7,64,Breakfast,Sri Lankan,693
f2243,Kurakkan with chicken and carrot,1604.445507,84.6,19.4,133.5,70,Dinner,Sri Lankan,1234
f2244,Kurakkan with fish and carrot,1225.143403,25,19.9,116.3,53,Dinner,Sri Lankan,942
f2245,Rice with fish and cabbage,1996.175908,60.9,16.2,189.1,64,Dinner,Sri Lankan,1536
f2246,Kurakkan with tofu and cucumber,905.83174,68.5,42.1,50.6,62,Breakfast,Sri Lankan,697
f2247,Wheat with beef and onion,1584.847036,129.8,25.3,105.4,70,Breakfast,Sri Lankan,1219
f2248,Millet with beef and onion,583.1739962,68.7,27,20.5,47,Breakfast,Sri Lankan,449
f2249,Bread with beef and carrot,933.0783939,96.9,40.9,39.3,70,Dinner,Sri Lankan,718
f2250,Kurakkan with fish and cucumber,417.3040153,25.9,43.6,13.9,65,Breakfast,Sri Lankan,321
f2251,Rice with lentils and cabbage,668.499044,76.5,29.9,24.1,56,Dinner,Sri Lankan,514
f2252,Rice with fish and cabbage,936.4244742,126.3,49.6,25.2,64,Dinner,Sri Lankan,720
f2253,Millet with mung beans and onion,1799.235182,78.8,48.9,142.1,48,Lunch,Sri Lankan,1384
f2254,Bread with fish and carrot,1977.055449,125.2,44.9,143.2,54,Breakfast,Sri Lankan,1521
f2255,Wheat with beef and beans,831.500956,101,52.1,22.2,48,Lunch,Sri Lankan,640
f2256,Wheat with chicken and beans,1142.92543,136,42.3,37.7,62,Dinner,Sri Lankan,879
f2257,Bread with mung beans and carrot,1239.005736,64.1,14.3,102.4,63,Breakfast,Sri Lankan,953
f2258,Wheat with chicken and beans,1114.244742,176.5,31.7,29.1,49,Breakfast,Sri Lankan,857
f2259,Bread with beef and carrot,925.9082218,104.7,62.6,27.5,58,Snack,Sri Lankan,712
f2260,Bread with chicken and onion,1092.256214,64.2,27.9,79.3,54,Breakfast,Sri Lankan,840
f2261,Bread with chicken and tomato,1076.720841,87.5,63.6,50.6,55,Breakfast,Sri Lankan,828
f2262,Kurakkan with egg and carrot,1125,75.1,9.2,87.9,63,Dinner,Sri Lankan,865
f2263,Rice with mung beans and onion,1000.478011,39.3,18.2,85.7,61,Lunch,Sri Lankan,770
f2264,Bread with fish and tomato,983.2695985,116.3,54.2,31.5,59,Lunch,Sri Lankan,756
f2265,Wheat with egg and onion,1423.279159,37.1,38.6,124.8,64,Dinner,Sri Lankan,1095
f2266,Rice with lentils and onion,541.3479924,59.8,24.5,20.2,60,Breakfast,Sri Lankan,416
f2267,Millet with egg and tomato,1242.590822,135.5,48,53.2,47,Snack,Sri Lankan,956
f2268,Kurakkan with tofu and cucumber,324.5697897,36.6,18.7,10.7,63,Lunch,Sri Lankan,250
f2269,Millet with fish and carrot,963.1931166,143.4,33.8,27.1,50,Breakfast,Sri Lankan,741
f2270,Bread with egg and beans,1117.112811,32.7,34.1,94.9,50,Breakfast,Sri Lankan,859
f2271,Kurakkan with beef and tomato,1226.577438,23.4,39.9,108.6,66,Lunch,Sri Lankan,944
f2272,Kurakkan with beef and cabbage,1152.963671,63.1,20.4,90.8,50,Dinner,Sri Lankan,887
f2273,Millet with chicken and cabbage,1114.961759,142.1,48.7,35.8,54,Dinner,Sri Lankan,858
f2274,Millet with egg and carrot,794.6940727,93.1,27.2,33.9,69,Lunch,Sri Lankan,611
f2275,Millet with egg and cabbage,752.1510516,81,52.1,21.3,58,Breakfast,Sri Lankan,579
f2276,Millet with beef and cucumber,826.2428298,23.7,98.5,36.7,59,Lunch,Sri Lankan,636
f2277,Wheat with lentils and tomato,1547.801147,103.3,42.3,104.5,59,Snack,Sri Lankan,1191
f2278,Kurakkan with egg and onion,581.9789675,51.2,23.5,30.2,54,Breakfast,Sri Lankan,448
f2279,Millet with egg and carrot,1537.284895,69.1,23.8,129.6,47,Dinner,Sri Lankan,1183
f2280,Rice with beef and carrot,739.2447419,66.5,36.1,34.7,63,Lunch,Sri Lankan,569
f2281,Bread with chicken and cucumber,796.8451243,62.7,50.6,35.8,63,Dinner,Sri Lankan,613
f2282,Bread with chicken and carrot,1022.944551,49.6,44.1,70.5,45,Lunch,Sri Lankan,787
f2283,Millet with beef and beans,669.9330784,33.5,48.4,38.1,45,Breakfast,Sri Lankan,515
f2284,Millet with tofu and onion,653.2026769,49.7,54.6,24.8,53,Lunch,Sri Lankan,502
f2285,Kurakkan with lentils and tomato,716.0611855,64.4,9,45.9,47,Lunch,Sri Lankan,551
f2286,Bread with chicken and tomato,775.8126195,67.7,52,30.1,68,Dinner,Sri Lankan,597
f2287,Kurakkan with egg and carrot,1212.237094,162.4,18.7,51.3,67,Snack,Sri Lankan,932
f2288,Wheat with chicken and cabbage,709.1300191,92.2,28.9,22.3,47,Dinner,Sri Lankan,545
f2289,Kurakkan with fish and tomato,1189.770554,134.2,37.2,55.5,63,Dinner,Sri Lankan,915
f2290,Bread with egg and onion,1367.829828,60.9,37.7,106.9,54,Breakfast,Sri Lankan,1052
f2291,Wheat with chicken and cabbage,1668.977055,92.5,54.8,120.4,50,Snack,Sri Lankan,1284
f2292,Wheat with egg and cucumber,973.4703633,111.2,63.2,22.9,47,Breakfast,Sri Lankan,749
f2293,Kurakkan with lentils and tomato,601.8164436,82.8,20,18.7,61,Dinner,Sri Lankan,463
f2294,Bread with tofu and onion,865.4397706,80.5,25.8,46.4,62,Dinner,Sri Lankan,666
f2295,Kurakkan with mung beans and tomato,1211.042065,14.3,24.7,118,63,Dinner,Sri Lankan,932
f2296,Bread with beef and carrot,1208.891013,49.3,54.5,87.8,45,Lunch,Sri Lankan,930
f2297,Kurakkan with chicken and cabbage,443.833652,5.9,43,25.9,68,Dinner,Sri Lankan,341
f2298,Rice with fish and onion,768.1644359,73.4,37.5,33.7,55,Dinner,Sri Lankan,591
f2299,Kurakkan with tofu and cabbage,698.8527725,85.1,21.3,28.7,45,Breakfast,Sri Lankan,538
f2300,Bread with beef and carrot,1870.697897,91.7,55.7,143.3,62,Lunch,Sri Lankan,1439
f2301,Kurakkan with fish and carrot,1121.414914,8.8,31.8,106.8,62,Lunch,Sri Lankan,863
f2302,Rice with tofu and tomato,852.2944551,97.2,32.8,34.2,49,Breakfast,Sri Lankan,656
f2303,Bread with lentils and carrot,710.3250478,78.1,57.9,16.2,70,Breakfast,Sri Lankan,546
f2304,Rice with beef and carrot,1243.068834,137.7,102.7,31.2,50,Breakfast,Sri Lankan,956
f2305,Millet with chicken and cucumber,463.6711281,54.3,29.3,12.9,58,Breakfast,Sri Lankan,357
f2306,Millet with egg and cucumber,1094.16826,154,36.4,34.2,67,Dinner,Sri Lankan,842
f2307,Millet with mung beans and tomato,734.4646272,80.8,45,22.6,67,Lunch,Sri Lankan,565
f2308,Rice with tofu and tomato,1201.003824,129.9,46.5,53.5,47,Lunch,Sri Lankan,924
f2309,Bread with mung beans and tomato,576.4818356,91.4,17.9,12.4,45,Dinner,Sri Lankan,443
f2310,Millet with chicken and onion,1143.164436,137,30.6,51.1,69,Dinner,Sri Lankan,879
f2311,Wheat with tofu and onion,1185.229446,181.5,49.5,26.4,64,Dinner,Sri Lankan,912
f2312,Rice with beef and cucumber,1281.787763,38.2,36.7,109.2,52,Dinner,Sri Lankan,986
f2313,Millet with egg and beans,805.210325,82.6,55.3,26.2,47,Breakfast,Sri Lankan,619
f2314,Bread with tofu and tomato,1214.627151,59.8,23.8,96.1,68,Lunch,Sri Lankan,934
f2315,Rice with fish and carrot,764.8183556,84,45.8,25.2,69,Breakfast,Sri Lankan,588
f2316,Kurakkan with mung beans and tomato,542.7820268,53.4,23.5,25.7,69,Snack,Sri Lankan,418
f2317,Millet with lentils and beans,856.3575526,95.3,53.6,25.5,47,Snack,Sri Lankan,659
f2318,Millet with chicken and tomato,1489.961759,110.7,38.6,96.7,46,Lunch,Sri Lankan,1146
f2319,Millet with egg and cucumber,750.7170172,89.5,44.3,20.3,49,Breakfast,Sri Lankan,577
f2320,Kurakkan with chicken and beans,1672.801147,31.3,47.3,151.4,58,Dinner,Sri Lankan,1287
f2321,Rice with mung beans and beans,634.5602294,50.8,39.5,29.2,62,Breakfast,Sri Lankan,488
f2322,Rice with fish and onion,948.1357553,159.6,29,19.4,61,Lunch,Sri Lankan,729
f2323,Wheat with chicken and cucumber,1246.892925,79.5,32.6,88.3,59,Breakfast,Sri Lankan,959
f2324,Rice with fish and onion,629.3021033,25.7,77,22.6,49,Snack,Sri Lankan,484
f2325,Rice with beef and onion,758.6042065,77.2,57.3,23.2,59,Lunch,Sri Lankan,584
f2326,Kurakkan with beef and beans,498.0879541,41,33.1,21,58,Breakfast,Sri Lankan,383
f2327,Bread with mung beans and beans,926.625239,142,23.3,27.1,56,Snack,Sri Lankan,713
f2328,Millet with chicken and beans,1263.862333,72.1,31.6,94.3,70,Snack,Sri Lankan,972
f2329,Kurakkan with tofu and cabbage,840.583174,47.4,34.5,56.4,70,Snack,Sri Lankan,647
f2330,Millet with egg and carrot,1536.567878,78.3,35.5,117.7,45,Dinner,Sri Lankan,1182
f2331,Millet with fish and cucumber,1644.120459,80.8,48,124.1,54,Breakfast,Sri Lankan,1265
f2332,Wheat with egg and beans,950.5258126,104.4,55.8,28.5,61,Lunch,Sri Lankan,731
f2333,Wheat with chicken and carrot,1064.292543,114.9,40.6,44.5,53,Snack,Sri Lankan,819
f2334,Wheat with egg and tomato,961.042065,68.8,44.9,53.4,63,Breakfast,Sri Lankan,739
f2335,Millet with lentils and carrot,1701.481836,109,25.2,123.9,55,Snack,Sri Lankan,1309
f2336,Kurakkan with tofu and beans,985.1816444,42.4,9,86.9,48,Snack,Sri Lankan,758
f2337,Kurakkan with chicken and onion,648.1835564,31.7,53.7,33,54,Dinner,Sri Lankan,499
f2338,Rice with lentils and tomato,580.3059273,63.5,32.2,19.7,48,Snack,Sri Lankan,446
f2339,Bread with beef and onion,1195.984704,41.1,30.5,100.7,52,Dinner,Sri Lankan,920
f2340,Wheat with fish and onion,612.5717017,47.7,43.1,19.8,49,Lunch,Sri Lankan,471
f2341,Wheat with egg and cabbage,1947.179732,160,25.2,132.4,59,Dinner,Sri Lankan,1498
f2342,Rice with tofu and onion,567.6386233,73.8,20,18.9,68,Lunch,Sri Lankan,437
f2343,Rice with lentils and cucumber,1048.279159,92.8,58.7,44.8,63,Lunch,Sri Lankan,806
f2344,Millet with fish and cucumber,934.5124283,108.5,51.6,29.7,49,Snack,Sri Lankan,719
f2345,Kurakkan with chicken and beans,869.2638623,13.6,25.7,80.1,68,Breakfast,Sri Lankan,669
f2346,Millet with mung beans and onion,741.3957935,134.3,12.1,17.6,50,Lunch,Sri Lankan,570
f2347,Bread with beef and tomato,715.1051625,60,42.2,32.7,55,Snack,Sri Lankan,550
f2348,Bread with chicken and tomato,914.6749522,70.4,36.4,50.1,62,Breakfast,Sri Lankan,704
f2349,Kurakkan with fish and cucumber,903.4416826,115.7,27.7,38.1,66,Lunch,Sri Lankan,695
f2350,Rice with mung beans and onion,554.4933078,45.9,28.9,27.9,65,Lunch,Sri Lankan,427
f2351,Wheat with fish and carrot,1647.227533,110.6,44.4,113.1,48,Lunch,Sri Lankan,1267
f2352,Rice with lentils and cabbage,648.9005736,70.8,28.7,24.5,48,Breakfast,Sri Lankan,499
f2353,Millet with mung beans and cabbage,917.3040153,76.4,36.4,48.1,70,Lunch,Sri Lankan,706
f2354,Millet with beef and cabbage,1415.630975,100.3,36.2,94.3,46,Snack,Sri Lankan,1089
f2355,Wheat with mung beans and beans,945.7456979,15.1,15.2,92.5,56,Lunch,Sri Lankan,727
f2356,Rice with fish and cucumber,1280.592734,59.8,25.5,104.8,45,Breakfast,Sri Lankan,985
f2357,Millet with egg and carrot,1038.240918,93.9,32.8,58.8,63,Lunch,Sri Lankan,799
f2358,Millet with fish and cucumber,728.0114723,54,49,35,64,Lunch,Sri Lankan,560
f2359,Millet with lentils and onion,639.3403442,68.1,25.3,26.7,52,Snack,Sri Lankan,492
f2360,Millet with lentils and cabbage,1696.701721,126.9,32.8,115.3,45,Snack,Sri Lankan,1305
f2361,Kurakkan with mung beans and onion,1017.208413,44.1,18.5,85.6,69,Snack,Sri Lankan,782
f2362,Millet with beef and onion,1660.611855,50.2,45.4,142.7,62,Breakfast,Sri Lankan,1277
f2363,Kurakkan with fish and cabbage,807.1223709,89,22.4,38.1,66,Dinner,Sri Lankan,621
f2364,Kurakkan with mung beans and cabbage,483.9866157,48.5,16.7,23.3,46,Snack,Sri Lankan,372
f2365,Kurakkan with fish and onion,662.5239006,20.9,72.3,31.2,48,Dinner,Sri Lankan,510
f2366,Rice with tofu and tomato,1152.246654,35.2,28.9,99.4,54,Dinner,Sri Lankan,886
f2367,Wheat with lentils and cucumber,781.3097514,72,46.5,31,45,Dinner,Sri Lankan,601
f2368,Bread with lentils and onion,1003.107075,110.4,50.5,38,60,Lunch,Sri Lankan,772
f2369,Kurakkan with beef and onion,1001.195029,7.6,30.7,94.9,58,Lunch,Sri Lankan,770
f2370,Millet with egg and beans,1626.912046,107.3,32.8,117.5,57,Dinner,Sri Lankan,1251
f2371,Wheat with lentils and onion,859.4646272,72.8,35.3,45.7,59,Dinner,Sri Lankan,661
f2372,Millet with beef and carrot,952.6768642,128.4,39.5,29.7,57,Dinner,Sri Lankan,733
f2373,Rice with tofu and beans,809.2734226,124,34,17.5,51,Lunch,Sri Lankan,623
f2374,Bread with mung beans and cabbage,583.6520076,58.1,46.7,16.8,63,Dinner,Sri Lankan,449
f2375,Bread with mung beans and tomato,818.5946463,95.3,46.4,23.9,65,Dinner,Sri Lankan,630
f2376,Rice with beef and carrot,2000.717017,79.4,44.2,168.1,48,Breakfast,Sri Lankan,1539
f2377,Rice with egg and tomato,1464.866157,78.5,21.8,118.6,45,Dinner,Sri Lankan,1127
f2378,Bread with fish and tomato,852.0554493,62.7,49.6,39.7,64,Snack,Sri Lankan,655
f2379,Wheat with tofu and cabbage,942.1606119,129.2,38.3,28.3,47,Lunch,Sri Lankan,725
f2380,Wheat with mung beans and tomato,787.7629063,81.4,26.1,36.3,63,Lunch,Sri Lankan,606
f2381,Rice with tofu and cabbage,776.7686424,53.8,38.5,42.8,50,Snack,Sri Lankan,598
f2382,Wheat with mung beans and cabbage,574.3307839,80.2,13.4,19.9,52,Snack,Sri Lankan,442
f2383,Kurakkan with lentils and cabbage,632.4091778,37.7,45.6,30,56,Dinner,Sri Lankan,486
f2384,Millet with tofu and cucumber,525.334608,70.6,27.2,13.1,46,Snack,Sri Lankan,404
f2385,Millet with beef and cucumber,1532.50478,69.7,54.2,113.5,57,Dinner,Sri Lankan,1179
f2386,Millet with beef and tomato,1057.361377,106.8,46.7,45.5,53,Snack,Sri Lankan,813
f2387,Wheat with beef and beans,1007.409178,76.1,44.1,57.2,52,Lunch,Sri Lankan,775
f2388,Rice with chicken and cabbage,1427.581262,167.9,43.6,63.8,46,Lunch,Sri Lankan,1098
f2389,Bread with tofu and cabbage,1301.625239,75.6,30.4,94.6,67,Dinner,Sri Lankan,1001
f2390,Kurakkan with beef and beans,1334.608031,31.8,48.4,113.6,53,Snack,Sri Lankan,1027
f2391,Rice with tofu and beans,1256.453155,200.6,40.7,30.4,62,Lunch,Sri Lankan,967
f2392,Rice with fish and carrot,999.2829828,87.3,66,39.5,52,Breakfast,Sri Lankan,769
f2393,Wheat with lentils and tomato,1082.217973,115.4,55.2,41.8,66,Breakfast,Sri Lankan,832
f2394,Bread with tofu and beans,814.292543,111.6,30.4,24.7,63,Breakfast,Sri Lankan,626
f2395,Wheat with mung beans and onion,1365.678776,68.4,27.2,107.2,57,Dinner,Sri Lankan,1051
f2396,Bread with mung beans and onion,623.5659656,70.9,28.6,23.3,51,Snack,Sri Lankan,480
f2397,Rice with beef and carrot,982.791587,78.8,74.9,39.9,68,Lunch,Sri Lankan,756
f2398,Wheat with tofu and beans,1449.808795,48.7,23.9,129.5,48,Snack,Sri Lankan,1115
f2399,Millet with chicken and cabbage,1028.202677,126.5,53.2,30.8,54,Dinner,Sri Lankan,791
f2400,Bread with beef and onion,1448.374761,137.4,76.1,61.7,55,Snack,Sri Lankan,1114
f2401,Kurakkan with egg and beans,652.9636711,25.5,56,33.5,63,Breakfast,Sri Lankan,502
f2402,Bread with fish and tomato,654.6367113,51.1,50.3,26,47,Breakfast,Sri Lankan,504
f2403,Wheat with fish and tomato,935.2294455,124.1,51.2,22.6,51,Lunch,Sri Lankan,719
f2404,Wheat with mung beans and beans,1418.499044,52.6,39,116.8,50,Dinner,Sri Lankan,1091
f2405,Wheat with beef and beans,1618.546845,37.7,70.4,130.4,66,Snack,Sri Lankan,1245
f2406,Rice with mung beans and carrot,1149.617591,62.9,42.8,78.8,50,Breakfast,Sri Lankan,884
f2407,Rice with tofu and cucumber,1607.07457,119.2,32.2,111.9,64,Lunch,Sri Lankan,1236
f2408,Bread with beef and beans,1428.298279,87,43.3,97.9,57,Snack,Sri Lankan,1099
f2409,Kurakkan with tofu and onion,678.2982792,44.7,52.6,30,56,Breakfast,Sri Lankan,522
f2410,Rice with tofu and cucumber,943.833652,121.3,56,22.6,63,Breakfast,Sri Lankan,726
f2411,Bread with fish and onion,1039.674952,94.5,54.4,46.8,70,Lunch,Sri Lankan,800
f2412,Bread with egg and onion,1319.311663,134.2,46,64.1,60,Snack,Sri Lankan,1015
f2413,Rice with fish and cabbage,720.6022945,76.1,34.3,27.3,50,Breakfast,Sri Lankan,554
f2414,Millet with lentils and tomato,601.5774379,70,30.3,19.9,66,Lunch,Sri Lankan,463
f2415,Wheat with egg and cucumber,838.4321224,66.6,77.7,28,66,Lunch,Sri Lankan,645
f2416,Millet with chicken and carrot,1364.005736,70.2,25.5,107.8,57,Dinner,Sri Lankan,1049
f2417,Millet with tofu and tomato,1951.481836,81.7,27.6,167.3,54,Dinner,Sri Lankan,1501
f2418,Rice with egg and beans,1020.076482,115.1,31.6,44.2,59,Snack,Sri Lankan,785
f2419,Kurakkan with beef and onion,909.8948375,55.8,54.6,51.2,56,Dinner,Sri Lankan,700
f2420,Millet with fish and onion,850.1434034,74.1,62.9,30.2,45,Lunch,Sri Lankan,654
f2421,Wheat with fish and cabbage,868.5468451,140.2,32.2,17,51,Snack,Sri Lankan,668
f2422,Millet with chicken and carrot,845.3632887,107.8,31.4,29.5,54,Breakfast,Sri Lankan,650
f2423,Rice with fish and cucumber,850.8604207,46.1,65.3,43.5,57,Lunch,Sri Lankan,655
f2424,Bread with lentils and cabbage,1385.994264,43.8,31.7,120.5,65,Snack,Sri Lankan,1066
f2425,Kurakkan with mung beans and cucumber,413.4799235,62.7,10.4,11.8,52,Snack,Sri Lankan,318
f2426,Bread with lentils and cucumber,809.0344168,111.7,29.2,23.6,54,Lunch,Sri Lankan,622
f2427,Millet with lentils and tomato,1588.193117,90.2,28.9,122.9,70,Snack,Sri Lankan,1222
f2428,Kurakkan with mung beans and tomato,1070.984704,27.3,7.5,104.7,61,Snack,Sri Lankan,824
f2429,Millet with fish and cucumber,851.3384321,124.3,40.6,17.3,62,Lunch,Sri Lankan,655
f2430,Kurakkan with fish and cucumber,987.332696,43,54.6,65.7,47,Dinner,Sri Lankan,759
f2431,Bread with beef and beans,815.248566,31.8,59.1,48.9,57,Dinner,Sri Lankan,627
f2432,Wheat with lentils and beans,1493.785851,139,24.6,92.1,50,Lunch,Sri Lankan,1149
f2433,Wheat with beef and beans,1575.764818,79.2,57,110.2,65,Lunch,Sri Lankan,1212
f2434,Bread with beef and tomato,995.2198853,136.8,38.7,31.4,55,Lunch,Sri Lankan,766
f2435,Bread with beef and tomato,1175.43021,49,27.7,95.6,56,Dinner,Sri Lankan,904
f2436,Millet with egg and onion,1741.395793,113.8,35.2,127.1,61,Breakfast,Sri Lankan,1340
f2437,Bread with mung beans and onion,1200.764818,58.4,27,95.6,54,Dinner,Sri Lankan,924
f2438,Wheat with lentils and cabbage,1284.894837,91.7,20.9,92.1,60,Dinner,Sri Lankan,988
f2439,Rice with egg and beans,1244.741874,64.6,46,88.2,58,Lunch,Sri Lankan,957
f2440,Wheat with beef and onion,1420.172084,105.4,86.8,68.4,56,Snack,Sri Lankan,1092
f2441,Wheat with fish and cucumber,747.6099426,109.9,33.5,17.1,65,Lunch,Sri Lankan,575
f2442,Wheat with tofu and onion,1089.627151,155,37.4,33.9,61,Breakfast,Sri Lankan,838
f2443,Kurakkan with fish and onion,594.16826,67.6,31.2,20.5,70,Dinner,Sri Lankan,457
f2444,Rice with lentils and carrot,908.6998088,102.6,59.3,26,61,Snack,Sri Lankan,699
f2445,Millet with egg and cucumber,791.1089866,83.5,50.9,25.8,51,Dinner,Sri Lankan,609
f2446,Kurakkan with mung beans and beans,605.1625239,45.5,30.9,34.6,69,Snack,Sri Lankan,466
f2447,Kurakkan with mung beans and cucumber,884.7992352,21.5,12.1,84,54,Lunch,Sri Lankan,681
f2448,Rice with beef and tomato,1540.630975,123.6,15.4,109,54,Snack,Sri Lankan,1185
f2449,Wheat with beef and onion,570.7456979,31.1,54.1,24.5,60,Dinner,Sri Lankan,439
f2450,Kurakkan with tofu and beans,594.6462715,51.3,47.1,21.2,49,Breakfast,Sri Lankan,457
f2451,Wheat with mung beans and onion,1585.325048,105.7,22,118.6,51,Dinner,Sri Lankan,1219
f2452,Rice with chicken and cabbage,1701.003824,115.5,40.5,119.5,65,Dinner,Sri Lankan,1308
f2453,Rice with egg and tomato,1815.726577,90.8,44.4,142.2,49,Dinner,Sri Lankan,1397
f2454,Millet with egg and beans,665.6309751,57.8,33.9,31.9,61,Snack,Sri Lankan,512
f2455,Bread with mung beans and beans,926.8642447,124.4,26.9,34.7,56,Breakfast,Sri Lankan,713
f2456,Kurakkan with mung beans and onion,1333.652008,53.3,18.7,116.6,64,Dinner,Sri Lankan,1026
f2457,Millet with fish and tomato,1635.038241,120.7,47.9,105,46,Dinner,Sri Lankan,1258
f2458,Rice with fish and beans,875.4780115,66.9,53,42.3,67,Snack,Sri Lankan,673
f2459,Wheat with lentils and cabbage,1095.8413,163.2,29.4,33.3,52,Lunch,Sri Lankan,843
f2460,Wheat with egg and cabbage,1046.367113,151.4,26.8,32.8,57,Dinner,Sri Lankan,805
f2461,Bread with lentils and carrot,1274.617591,109.6,23.4,79.7,54,Lunch,Sri Lankan,980
f2462,Millet with egg and carrot,719.16826,123.3,28.5,8,54,Lunch,Sri Lankan,553
f2463,Wheat with lentils and carrot,1237.332696,159.7,44.8,43.9,48,Lunch,Sri Lankan,952
f2464,Kurakkan with chicken and tomato,1294.216061,38.6,43.6,107.6,69,Breakfast,Sri Lankan,996
f2465,Kurakkan with tofu and cucumber,501.4340344,15.7,57.3,22,51,Snack,Sri Lankan,386
f2466,Millet with mung beans and tomato,1458.413002,81.3,23.4,113.9,69,Dinner,Sri Lankan,1122
f2467,Bread with egg and beans,1278.441683,52.3,40.8,99.7,60,Snack,Sri Lankan,983
f2468,Millet with tofu and tomato,1489.961759,123.6,29.4,95,64,Snack,Sri Lankan,1146
f2469,Millet with egg and cucumber,1378.34608,91.7,40.7,91.7,56,Breakfast,Sri Lankan,1060
f2470,Rice with tofu and cucumber,849.665392,59.2,24.8,55.7,54,Snack,Sri Lankan,654
f2471,Rice with chicken and carrot,972.5143403,174.2,22,17.8,48,Lunch,Sri Lankan,748
f2472,Kurakkan with lentils and beans,476.8164436,30.4,31.2,24.1,57,Dinner,Sri Lankan,367
f2473,Bread with chicken and onion,1539.674952,51.9,48.2,126.6,66,Snack,Sri Lankan,1184
f2474,Bread with tofu and cabbage,809.0344168,65.3,47.7,36.9,47,Dinner,Sri Lankan,622
f2475,Bread with beef and carrot,567.8776291,49.7,31.5,23.1,68,Dinner,Sri Lankan,437
f2476,Millet with chicken and onion,585.3250478,72.8,14.8,23.5,52,Snack,Sri Lankan,450
f2477,Bread with lentils and onion,1345.8413,111,20.4,89.7,63,Lunch,Sri Lankan,1035
f2478,Kurakkan with tofu and beans,668.499044,63.7,20.4,36.1,51,Dinner,Sri Lankan,514
f2479,Bread with mung beans and cucumber,931.4053537,49.1,11.4,76.9,63,Breakfast,Sri Lankan,716
f2480,Rice with lentils and beans,1656.309751,91.8,33.9,128.3,64,Snack,Sri Lankan,1274
f2481,Bread with tofu and tomato,1464.627151,88.3,19.8,114.3,57,Lunch,Sri Lankan,1127
f2482,Bread with fish and cabbage,986.1376673,92.7,47.7,45.9,52,Snack,Sri Lankan,759
f2483,Rice with mung beans and tomato,974.9043977,113.3,30.1,43.1,60,Lunch,Sri Lankan,750
f2484,Millet with mung beans and carrot,776.7686424,79.9,20.9,38.2,69,Lunch,Sri Lankan,598
f2485,Wheat with egg and beans,1356.118547,153.6,34.6,65.8,50,Breakfast,Sri Lankan,1043
f2486,Bread with lentils and carrot,804.0152964,75,37,36.7,66,Snack,Sri Lankan,618
f2487,Rice with fish and cabbage,1263.623327,169.2,28.6,49.3,62,Breakfast,Sri Lankan,972
f2488,Bread with lentils and cabbage,894.1204589,98,57.1,26.9,51,Dinner,Sri Lankan,688
f2489,Rice with beef and beans,440.9655832,59.7,13.8,15,55,Dinner,Sri Lankan,339
f2490,Millet with egg and carrot,1322.179732,69,17.7,107.4,47,Snack,Sri Lankan,1017
f2491,Rice with fish and tomato,940.0095602,71.8,53,47,56,Snack,Sri Lankan,723
f2492,Wheat with egg and tomato,1316.204589,86.8,50.8,84.2,53,Snack,Sri Lankan,1012
f2493,Millet with mung beans and beans,1022.227533,142,32.5,33.3,62,Lunch,Sri Lankan,786
f2494,Kurakkan with beef and cucumber,1702.198853,41.9,16.5,165.1,59,Lunch,Sri Lankan,1309
f2495,Millet with fish and onion,934.2734226,118.6,35.3,34.9,59,Snack,Sri Lankan,719
f2496,Millet with lentils and beans,609.9426386,50.6,19.6,35.3,54,Lunch,Sri Lankan,469
f2497,Bread with egg and cucumber,1831.500956,51.5,63.6,155,59,Dinner,Sri Lankan,1409
f2498,Bread with mung beans and beans,433.0783939,51,27.4,12.3,65,Dinner,Sri Lankan,333
f2499,Wheat with chicken and cucumber,829.3499044,82.2,26.1,43.4,57,Snack,Sri Lankan,638
f2500,Bread with mung beans and tomato,540.6309751,50.6,55.1,11.1,68,Breakfast,Sri Lankan,416
f2501,Millet with egg and carrot,1099.904398,112.1,47.3,49,49,Snack,Sri Lankan,846
f2502,Millet with lentils and carrot,1239.961759,55,13.8,107,60,Lunch,Sri Lankan,954
f2503,Kurakkan with beef and cabbage,558.7954111,43.9,42.6,22.6,65,Breakfast,Sri Lankan,430
f2504,Bread with lentils and beans,1057.839388,119.3,45.1,40.5,55,Snack,Sri Lankan,814
f2505,Kurakkan with lentils and beans,1197.418738,44.1,28.1,101,45,Lunch,Sri Lankan,921
f2506,Millet with chicken and tomato,508.3652008,64.2,31.7,11.5,51,Snack,Sri Lankan,391
f2507,Wheat with fish and onion,906.7877629,90.3,43.1,38.9,50,Breakfast,Sri Lankan,698
f2508,Wheat with mung beans and tomato,1099.904398,160.4,39,31.8,56,Snack,Sri Lankan,846
f2509,Wheat with tofu and onion,1726.816444,46.7,21.4,157.1,52,Dinner,Sri Lankan,1328
f2510,Bread with egg and cabbage,857.791587,107.5,59,19.3,47,Breakfast,Sri Lankan,660
f2511,Millet with egg and cabbage,977.2944551,134.6,31,31.4,55,Snack,Sri Lankan,752
f2512,Millet with egg and beans,668.2600382,80.7,44.6,16.1,45,Dinner,Sri Lankan,514
f2513,Bread with mung beans and carrot,1273.183556,83.1,21.6,95.5,53,Snack,Sri Lankan,979
f2514,Bread with chicken and beans,942.1606119,124.8,18.2,40.3,64,Lunch,Sri Lankan,725
f2515,Kurakkan with mung beans and carrot,602.0554493,46.2,26.9,33.3,67,Breakfast,Sri Lankan,463
f2516,Millet with tofu and cucumber,1334.369025,175.6,26.8,54.8,54,Breakfast,Sri Lankan,1026
f2517,Bread with lentils and beans,1317.877629,57.6,39.6,103.2,49,Lunch,Sri Lankan,1014
f2518,Bread with egg and cabbage,1097.275335,90.9,53.1,57.9,68,Dinner,Sri Lankan,844
f2519,Kurakkan with egg and beans,329.5889101,32.7,13.8,14.8,50,Lunch,Sri Lankan,254
f2520,Millet with tofu and tomato,1012.667304,131.8,62.9,22.2,46,Lunch,Sri Lankan,779
f2521,Wheat with beef and cucumber,585.0860421,51.2,46.7,18.3,56,Snack,Sri Lankan,450
f2522,Kurakkan with fish and beans,1260.277247,45.2,27.3,109,60,Lunch,Sri Lankan,969
f2523,Wheat with egg and carrot,1368.307839,141.6,48.6,61.3,67,Breakfast,Sri Lankan,1053
f2524,Kurakkan with egg and cucumber,326.959847,14.4,13.5,22.3,54,Snack,Sri Lankan,252
f2525,Wheat with beef and carrot,1456.739962,109.9,36.5,93.7,50,Snack,Sri Lankan,1121
f2526,Kurakkan with tofu and carrot,1490.917782,67.3,39.6,118.3,60,Snack,Sri Lankan,1147
f2527,Bread with egg and beans,830.0669216,61.8,67.1,34,50,Lunch,Sri Lankan,639
f2528,Bread with mung beans and cucumber,1525.334608,61.9,42.3,123.3,68,Lunch,Sri Lankan,1173
f2529,Rice with chicken and beans,854.4455067,62.8,68,32.9,65,Lunch,Sri Lankan,657
f2530,Wheat with beef and cucumber,1290.869981,141.7,51.9,55.5,45,Dinner,Sri Lankan,993
f2531,Rice with fish and onion,949.8087954,107.6,57.9,30.7,47,Breakfast,Sri Lankan,731
f2532,Rice with lentils and onion,734.9426386,47.3,46,38.3,65,Snack,Sri Lankan,565
f2533,Millet with tofu and cabbage,1185.946463,29.2,20,110.2,49,Snack,Sri Lankan,912
f2534,Wheat with lentils and cucumber,1743.307839,123.9,27.7,119.5,47,Snack,Sri Lankan,1341
f2535,Bread with chicken and cabbage,1024.139579,55.8,78.4,53.4,48,Lunch,Sri Lankan,788
f2536,Millet with chicken and carrot,1098.709369,130.2,23.1,51.4,49,Dinner,Sri Lankan,845
f2537,Bread with egg and beans,1020.076482,123,32.1,43.1,46,Snack,Sri Lankan,785
f2538,Rice with fish and onion,774.6175908,94.7,28.6,28.6,64,Lunch,Sri Lankan,596
f2539,Wheat with tofu and carrot,1491.156788,110.1,33.8,98.3,66,Snack,Sri Lankan,1147
f2540,Bread with egg and beans,1027.963671,115.6,35.2,46.4,69,Lunch,Sri Lankan,791
f2541,Millet with egg and tomato,1680.449331,67.7,34,142.3,63,Dinner,Sri Lankan,1293
f2542,Bread with lentils and beans,1515.057361,90.5,25.7,116.4,54,Lunch,Sri Lankan,1165
f2543,Kurakkan with chicken and tomato,921.6061185,115.7,47.4,27.7,67,Dinner,Sri Lankan,709
f2544,Wheat with chicken and cucumber,1754.541109,87.7,31.1,143,52,Dinner,Sri Lankan,1350
f2545,Kurakkan with fish and carrot,892.4474187,22.5,13.7,83,63,Lunch,Sri Lankan,686
f2546,Wheat with fish and tomato,914.4359465,63.1,81.3,34.6,56,Snack,Sri Lankan,703
f2547,Rice with egg and tomato,1577.91587,78.5,39,120.8,60,Breakfast,Sri Lankan,1214
f2548,Kurakkan with egg and tomato,1115.917782,68.1,10.2,89.1,57,Dinner,Sri Lankan,858
f2549,Millet with chicken and carrot,960.8030593,110.7,56.5,28.8,70,Dinner,Sri Lankan,739
f2550,Wheat with beef and carrot,1217.734226,168.1,54.5,33.5,57,Breakfast,Sri Lankan,937
f2551,Bread with fish and beans,1386.711281,66.1,50.8,101.4,51,Dinner,Sri Lankan,1067
f2552,Wheat with fish and cucumber,915.6309751,76.3,42.8,47.1,63,Snack,Sri Lankan,704
f2553,Millet with egg and carrot,1013.384321,99.8,44.2,44.2,69,Lunch,Sri Lankan,780
f2554,Bread with egg and onion,1454.827916,66.8,25.3,121.5,47,Snack,Sri Lankan,1119
f2555,Bread with tofu and cabbage,796.6061185,53.2,51.9,39.5,68,Lunch,Sri Lankan,613
f2556,Wheat with tofu and carrot,1363.288719,93.4,31.5,94.4,70,Breakfast,Sri Lankan,1049
f2557,Rice with lentils and cabbage,1226.577438,80.7,18.1,91.4,62,Dinner,Sri Lankan,944
f2558,Kurakkan with fish and cucumber,1164.913958,27.6,16.9,109.6,50,Snack,Sri Lankan,896
f2559,Wheat with chicken and cabbage,2078.154876,123.9,47.8,153.8,60,Snack,Sri Lankan,1599
f2560,Wheat with chicken and carrot,1718.929254,77.8,51,132.4,49,Snack,Sri Lankan,1322
f2561,Bread with beef and tomato,854.4455067,49.6,48.5,50,64,Breakfast,Sri Lankan,657
f2562,Millet with lentils and tomato,924.9521989,115.6,26.4,38.3,69,Breakfast,Sri Lankan,712
f2563,Rice with tofu and onion,898.9005736,152.2,25.7,18.5,63,Snack,Sri Lankan,691
f2564,Millet with mung beans and tomato,745.2198853,86.7,20.5,31.5,46,Dinner,Sri Lankan,573
f2565,Rice with egg and cabbage,874.7609943,91.7,30.4,41.5,61,Snack,Sri Lankan,673
f2566,Bread with chicken and beans,1014.57935,106.8,34.2,45,50,Breakfast,Sri Lankan,780
f2567,Rice with egg and carrot,1298.518164,155.6,50.6,49,70,Lunch,Sri Lankan,999
f2568,Kurakkan with tofu and carrot,604.206501,48.9,43.7,23.7,69,Snack,Sri Lankan,465
f2569,Wheat with tofu and beans,795.4110899,89.3,37.7,29.3,60,Dinner,Sri Lankan,612
f2570,Bread with lentils and tomato,1474.18738,68.6,29.4,119.8,52,Snack,Sri Lankan,1134
f2571,Bread with beef and tomato,1192.638623,34.5,66.1,87.5,64,Lunch,Sri Lankan,917
f2572,Millet with lentils and tomato,1028.441683,140.1,53.4,24.1,59,Snack,Sri Lankan,791
f2573,Bread with fish and cabbage,1191.921606,43.9,37.6,96.2,55,Dinner,Sri Lankan,917
f2574,Rice with mung beans and onion,1009.082218,24,16,94.5,64,Lunch,Sri Lankan,776
f2575,Kurakkan with egg and beans,709.8470363,11.1,28.2,61.7,48,Breakfast,Sri Lankan,546
f2576,Millet with beef and carrot,836.998088,72.3,77.7,22.8,70,Snack,Sri Lankan,644
f2577,Rice with fish and onion,1362.332696,208.2,29.9,44.5,52,Snack,Sri Lankan,1048
f2578,Bread with chicken and carrot,1121.892925,106.1,53.4,51.6,47,Breakfast,Sri Lankan,863
f2579,Wheat with beef and onion,1522.466539,100,40.7,100.6,47,Dinner,Sri Lankan,1171
f2580,Bread with fish and cabbage,719.8852772,45.4,67.9,27.6,65,Breakfast,Sri Lankan,554
f2581,Rice with tofu and carrot,674.4741874,32.5,53.6,34.8,69,Lunch,Sri Lankan,519
f2582,Kurakkan with egg and tomato,623.3269598,77.9,26.2,21.5,51,Snack,Sri Lankan,479
f2583,Wheat with beef and tomato,1887.667304,77.2,43.8,154.9,58,Lunch,Sri Lankan,1452
f2584,Kurakkan with beef and cucumber,1237.810707,20.3,37.1,113.2,55,Breakfast,Sri Lankan,952
f2585,Bread with lentils and tomato,1038.718929,76.3,63.7,50,69,Breakfast,Sri Lankan,799
f2586,Bread with mung beans and onion,1506.931166,80.3,22,122,49,Lunch,Sri Lankan,1159
f2587,Bread with tofu and cabbage,1349.904398,66.4,37.6,101.9,68,Breakfast,Sri Lankan,1038
f2588,Kurakkan with mung beans and tomato,1015.057361,35.8,51.3,72.7,60,Lunch,Sri Lankan,781
f2589,Bread with egg and cucumber,1232.313576,47.1,35.5,100.1,57,Dinner,Sri Lankan,948
f2590,Millet with beef and cucumber,1054.254302,108.7,47.5,45,47,Snack,Sri Lankan,811
f2591,Kurakkan with beef and carrot,561.9024857,8.4,64.1,29,47,Breakfast,Sri Lankan,432
f2592,Wheat with chicken and beans,694.0726577,92,43.2,14.3,67,Dinner,Sri Lankan,534
f2593,Millet with egg and beans,1594.646272,120.5,41.5,103.4,67,Snack,Sri Lankan,1227
f2594,Wheat with tofu and onion,1225.621415,88,38.9,77.9,59,Dinner,Sri Lankan,943
f2595,Rice with lentils and cucumber,554.7323136,45.5,41.3,21,60,Lunch,Sri Lankan,427
f2596,Rice with fish and cucumber,1196.940727,60.3,39.1,88.6,61,Snack,Sri Lankan,921
f2597,Kurakkan with chicken and carrot,911.5678776,84.4,34,48.1,70,Snack,Sri Lankan,701
f2598,Kurakkan with beef and onion,640.2963671,60.3,41.2,25,45,Snack,Sri Lankan,493
f2599,Wheat with lentils and cabbage,670.8891013,75.9,35,22.9,53,Snack,Sri Lankan,516
f2600,Kurakkan with mung beans and onion,639.5793499,65.2,21.4,32.1,65,Lunch,Sri Lankan,492
f2601,Bread with fish and cabbage,606.1185468,72.4,23.2,22.4,55,Lunch,Sri Lankan,466
f2602,Bread with egg and beans,930.9273423,115.7,42.1,31.6,45,Snack,Sri Lankan,716
f2603,Wheat with chicken and carrot,1312.380497,134.9,56.5,54.2,53,Lunch,Sri Lankan,1010
f2604,Rice with chicken and cucumber,838.1931166,85.5,50,31.7,59,Dinner,Sri Lankan,645
f2605,Bread with beef and beans,518.4034417,30.6,62.7,15.2,52,Lunch,Sri Lankan,399
f2606,Millet with lentils and cabbage,710.5640535,94.7,27.8,19.9,53,Breakfast,Sri Lankan,547
f2607,Bread with fish and tomato,1400.334608,102.3,37.4,92.6,48,Snack,Sri Lankan,1077
f2608,Millet with chicken and carrot,1550.669216,102.3,31.8,110.9,59,Breakfast,Sri Lankan,1193
f2609,Bread with beef and beans,1476.338432,133.8,64.4,75.2,60,Snack,Sri Lankan,1136
f2610,Bread with lentils and onion,1484.225621,82.8,20.3,119,59,Breakfast,Sri Lankan,1142
f2611,Millet with chicken and carrot,1600.382409,86.8,32,123,66,Dinner,Sri Lankan,1231
f2612,Bread with tofu and tomato,1553.776291,98.5,20.5,119,46,Dinner,Sri Lankan,1195
f2613,Wheat with tofu and beans,1505.736138,113.6,20,107.3,67,Snack,Sri Lankan,1158
f2614,Millet with lentils and beans,1346.080306,59.8,12.8,117.2,62,Dinner,Sri Lankan,1035
f2615,Kurakkan with fish and beans,903.6806883,21,15.9,85.2,63,Breakfast,Sri Lankan,695
f2616,Millet with tofu and cabbage,586.2810707,55,45.5,18.5,50,Snack,Sri Lankan,451
f2617,Millet with mung beans and cabbage,505.9751434,65.5,33.7,10.6,55,Dinner,Sri Lankan,389
f2618,Rice with tofu and onion,1162.045889,122,51.3,50.6,48,Snack,Sri Lankan,894
f2619,Kurakkan with mung beans and cucumber,888.1453155,5.3,12.5,91.6,56,Dinner,Sri Lankan,683
f2620,Millet with lentils and cucumber,662.2848948,89.6,30.5,16.6,56,Lunch,Sri Lankan,509
f2621,Millet with fish and cabbage,1500.239006,84.1,32.1,113.4,53,Lunch,Sri Lankan,1154
f2622,Millet with beef and cucumber,1483.74761,75.4,57.5,100.5,69,Snack,Sri Lankan,1141
f2623,Millet with mung beans and tomato,1061.66348,70.6,22.7,74.5,46,Breakfast,Sri Lankan,817
f2624,Rice with lentils and carrot,1273.183556,175.2,24.1,48.7,67,Lunch,Sri Lankan,979
f2625,Bread with lentils and carrot,1130.01912,165.4,25.3,37.5,59,Snack,Sri Lankan,869
f2626,Wheat with beef and beans,847.0363289,105.8,50.3,21.4,47,Breakfast,Sri Lankan,652
f2627,Wheat with lentils and cabbage,856.1185468,78.2,55.3,28.2,63,Snack,Sri Lankan,659
f2628,Wheat with lentils and cucumber,1544.933078,113.3,19.1,111.8,47,Lunch,Sri Lankan,1188
f2629,Kurakkan with beef and onion,869.2638623,111.3,28,33.8,46,Snack,Sri Lankan,669
f2630,Millet with egg and onion,936.4244742,84.6,57.2,37.2,60,Dinner,Sri Lankan,720
f2631,Wheat with mung beans and carrot,1101.099426,165.9,18.7,39.8,52,Snack,Sri Lankan,847
f2632,Rice with lentils and cabbage,363.5277247,50.9,9.5,11.7,60,Lunch,Sri Lankan,280
f2633,Wheat with lentils and carrot,906.7877629,116.3,17.6,39.3,62,Lunch,Sri Lankan,698
f2634,Bread with mung beans and cabbage,1560.707457,58.6,37.8,131.4,45,Dinner,Sri Lankan,1201
f2635,Bread with lentils and tomato,1642.208413,100.8,23.8,127.3,51,Dinner,Sri Lankan,1263
f2636,Millet with tofu and onion,513.1453155,30.7,54.5,17.4,58,Snack,Sri Lankan,395
f2637,Bread with egg and onion,1428.298279,74.8,41.4,105.2,46,Lunch,Sri Lankan,1099
f2638,Wheat with lentils and beans,843.4512428,113.1,33.4,26.7,70,Snack,Sri Lankan,649
f2639,Rice with egg and onion,993.7858509,136.1,33.1,32.6,48,Dinner,Sri Lankan,764
f2640,Rice with mung beans and cucumber,911.3288719,131.5,18.4,33.4,56,Lunch,Sri Lankan,701
f2641,Wheat with beef and beans,927.581262,97.5,63,28.6,45,Breakfast,Sri Lankan,714
f2642,Bread with chicken and carrot,911.3288719,80.5,80.7,26.7,46,Dinner,Sri Lankan,701
f2643,Wheat with fish and carrot,1427.581262,98.1,21.8,107.3,61,Breakfast,Sri Lankan,1098
f2644,Rice with fish and tomato,844.6462715,61,46,45.8,56,Lunch,Sri Lankan,650
f2645,Kurakkan with egg and cucumber,289.4359465,37.8,11.7,8.5,63,Dinner,Sri Lankan,223
f2646,Rice with beef and cucumber,1018.642447,91.4,67.5,40,70,Breakfast,Sri Lankan,784
f2647,Millet with egg and tomato,1399.139579,96.6,25.6,100.2,62,Lunch,Sri Lankan,1076
f2648,Millet with chicken and beans,511.7112811,38.3,50.3,16.7,46,Dinner,Sri Lankan,394
f2649,Rice with mung beans and cabbage,551.3862333,19.3,38.2,34,59,Lunch,Sri Lankan,424
f2650,Wheat with lentils and carrot,637.1892925,80.4,25.2,20.8,45,Snack,Sri Lankan,490
f2651,Rice with mung beans and carrot,1085.803059,38.7,16.8,96.1,46,Breakfast,Sri Lankan,835
f2652,Bread with tofu and carrot,779.6367113,67.5,37.6,37.4,51,Breakfast,Sri Lankan,600
f2653,Bread with egg and onion,626.1950287,52.4,40.3,26.6,58,Breakfast,Sri Lankan,482
f2654,Rice with chicken and carrot,1725.382409,110.1,40.1,123.8,60,Snack,Sri Lankan,1327
f2655,Bread with beef and carrot,1612.09369,88.2,27.8,127.8,67,Snack,Sri Lankan,1240
f2656,Rice with egg and onion,1601.577438,101,27.9,121.1,68,Snack,Sri Lankan,1232
f2657,Millet with beef and tomato,1553.059273,69.2,34,127.2,50,Dinner,Sri Lankan,1195
f2658,Kurakkan with fish and tomato,549.9521989,35.4,32.7,29.4,70,Breakfast,Sri Lankan,423
f2659,Rice with chicken and tomato,809.2734226,66.6,54.7,33.8,48,Lunch,Sri Lankan,623
f2660,Bread with egg and tomato,805.210325,87.8,30.6,34.8,46,Dinner,Sri Lankan,619
f2661,Bread with tofu and carrot,756.4531549,83.6,43.7,23.8,67,Dinner,Sri Lankan,582
f2662,Kurakkan with beef and cabbage,417.3040153,14.4,47.9,17.9,63,Dinner,Sri Lankan,321
f2663,Rice with chicken and beans,523.6615679,49,31.5,21.3,57,Lunch,Sri Lankan,403
f2664,Kurakkan with beef and tomato,1347.036329,61.6,68,91.8,59,Snack,Sri Lankan,1036
f2665,Bread with fish and cabbage,699.3307839,89.2,39.7,16.6,50,Lunch,Sri Lankan,538
f2666,Bread with tofu and carrot,993.3078394,103.4,58.8,34.2,68,Dinner,Sri Lankan,764
f2667,Kurakkan with beef and carrot,1755.736138,69.9,38.8,149.4,63,Breakfast,Sri Lankan,1351
f2668,Millet with chicken and onion,1281.548757,129.8,50.1,59.4,65,Breakfast,Sri Lankan,986
f2669,Wheat with beef and tomato,862.8107075,112,45.5,21.8,61,Snack,Sri Lankan,664
f2670,Rice with lentils and cabbage,948.374761,105.5,57.2,27.9,69,Lunch,Sri Lankan,730
f2671,Bread with mung beans and beans,668.499044,59.1,47.9,21.9,53,Lunch,Sri Lankan,514
f2672,Kurakkan with chicken and carrot,933.5564054,111.7,31.3,38.7,62,Snack,Sri Lankan,718
f2673,Rice with egg and tomato,1074.808795,64.1,67.5,58.9,69,Breakfast,Sri Lankan,827
f2674,Kurakkan with lentils and onion,627.3900574,50.7,31.5,31.5,52,Lunch,Sri Lankan,483
f2675,Millet with fish and beans,1287.284895,42.1,40.2,107.9,55,Breakfast,Sri Lankan,990
f2676,Millet with egg and cabbage,1517.92543,114.2,34.1,103.8,67,Breakfast,Sri Lankan,1168
f2677,Rice with chicken and cucumber,1143.403442,170.4,30.6,37.7,46,Dinner,Sri Lankan,880
f2678,Rice with chicken and carrot,1287.762906,71.9,36.9,94.6,67,Lunch,Sri Lankan,991
f2679,Wheat with chicken and beans,1523.183556,80.2,36.3,115.7,59,Breakfast,Sri Lankan,1172
f2680,Millet with tofu and tomato,659.416826,57.6,56.1,21.1,51,Dinner,Sri Lankan,507
f2681,Kurakkan with beef and cucumber,996.414914,4.5,36.1,93.2,66,Snack,Sri Lankan,766
f2682,Kurakkan with lentils and onion,1079.827916,28.5,17.5,99,47,Lunch,Sri Lankan,831
f2683,Rice with beef and cucumber,1612.09369,74,45.1,126.3,45,Lunch,Sri Lankan,1240
f2684,Bread with lentils and carrot,1039.674952,129.8,33.1,39.9,70,Breakfast,Sri Lankan,800
f2685,Wheat with fish and carrot,676.3862333,73.6,42.4,21.9,49,Dinner,Sri Lankan,520
f2686,Rice with lentils and cabbage,808.7954111,85.7,48.7,27.7,65,Dinner,Sri Lankan,622
f2687,Rice with mung beans and carrot,1064.292543,147,30.8,38.4,70,Dinner,Sri Lankan,819
f2688,Rice with egg and onion,1156.787763,32.6,17.8,105.2,53,Breakfast,Sri Lankan,890
f2689,Millet with egg and cucumber,991.6347992,106.9,64.1,31.1,45,Lunch,Sri Lankan,763
f2690,Wheat with beef and onion,1465.344168,130.6,52.8,77.5,47,Lunch,Sri Lankan,1127
f2691,Wheat with lentils and carrot,1637.428298,167.4,50.1,77.6,58,Lunch,Sri Lankan,1260
f2692,Millet with tofu and cabbage,936.6634799,29.6,13,85.3,66,Lunch,Sri Lankan,721
f2693,Wheat with fish and tomato,1068.833652,92.5,37.7,59.1,69,Lunch,Sri Lankan,822
f2694,Kurakkan with mung beans and tomato,401.0516252,42.5,31,10.9,68,Breakfast,Sri Lankan,309
f2695,Kurakkan with fish and cucumber,983.7476099,26.9,21.8,87.6,70,Dinner,Sri Lankan,757
f2696,Rice with fish and carrot,498.3269598,25.9,44.6,22.6,63,Snack,Sri Lankan,383
f2697,Rice with mung beans and onion,795.6500956,85.2,31.7,35.4,63,Snack,Sri Lankan,612
f2698,Rice with mung beans and onion,606.8355641,59.9,45.4,19.3,50,Lunch,Sri Lankan,467
f2699,Rice with fish and cabbage,1058.078394,115.7,59,37.8,48,Lunch,Sri Lankan,814
f2700,Bread with mung beans and tomato,886.4722753,104.6,56.8,20.8,66,Snack,Sri Lankan,682
f2701,Bread with tofu and onion,515.0573614,72.5,24.2,10.3,57,Dinner,Sri Lankan,396
f2702,Wheat with beef and cabbage,1454.58891,61.3,36,118.4,53,Dinner,Sri Lankan,1119
f2703,Millet with fish and cabbage,767.6864245,67.1,63.2,26,67,Snack,Sri Lankan,591
f2704,Rice with tofu and onion,1415.152964,79.4,41,102.3,64,Breakfast,Sri Lankan,1089
f2705,Kurakkan with egg and cucumber,719.6462715,69.2,35.1,33.2,49,Snack,Sri Lankan,554
f2706,Bread with fish and cabbage,1478.967495,54.8,50.2,118.2,49,Dinner,Sri Lankan,1138
f2707,Bread with lentils and carrot,1860.898662,133.3,28.8,133.9,55,Breakfast,Sri Lankan,1431
f2708,Rice with lentils and cucumber,1243.307839,78.8,23,92,56,Dinner,Sri Lankan,956
f2709,Kurakkan with chicken and cabbage,747.3709369,65.4,44.4,32.8,57,Dinner,Sri Lankan,575
f2710,Bread with fish and cucumber,781.3097514,118.9,32,16.2,62,Snack,Sri Lankan,601
f2711,Millet with tofu and beans,1145.554493,30.3,33.9,98.3,47,Snack,Sri Lankan,881
f2712,Kurakkan with egg and tomato,950.0478011,80,31.1,56,70,Dinner,Sri Lankan,731
f2713,Millet with beef and cabbage,575.0478011,48.7,27.9,25.4,48,Breakfast,Sri Lankan,442
f2714,Bread with lentils and cabbage,915.6309751,103.4,37.7,36.8,50,Dinner,Sri Lankan,704
f2715,Bread with tofu and tomato,898.4225621,131,30.4,25.8,65,Snack,Sri Lankan,691
f2716,Wheat with egg and carrot,1409.17782,75.1,35.6,106,53,Snack,Sri Lankan,1084
f2717,Wheat with chicken and cucumber,1114.483748,185.1,26.3,27.6,53,Breakfast,Sri Lankan,857
f2718,Wheat with mung beans and carrot,1140.296367,131.5,41.6,46.4,51,Breakfast,Sri Lankan,877
f2719,Bread with mung beans and cabbage,916.8260038,130.2,36.1,25.8,48,Breakfast,Sri Lankan,705
f2720,Millet with egg and cucumber,582.456979,55.4,22.6,28.3,66,Snack,Sri Lankan,448
f2721,Bread with chicken and carrot,954.5889101,110.3,57.7,29.1,51,Snack,Sri Lankan,734
f2722,Bread with beef and onion,1729.206501,59.5,59.2,139.4,65,Dinner,Sri Lankan,1330
f2723,Millet with egg and beans,800.1912046,87.4,34.1,32.5,69,Dinner,Sri Lankan,616
f2724,Millet with egg and cabbage,877.3900574,110.2,36.7,29,62,Breakfast,Sri Lankan,675
f2725,Kurakkan with fish and onion,1105.640535,52.5,69.7,68.3,55,Dinner,Sri Lankan,850
f2726,Bread with chicken and onion,1116.634799,78,47.4,67.1,53,Lunch,Sri Lankan,859
f2727,Kurakkan with chicken and onion,887.9063098,115.5,25.7,34.6,60,Breakfast,Sri Lankan,683
f2728,Rice with egg and carrot,1155.592734,105.9,55.3,53.2,69,Dinner,Sri Lankan,889
f2729,Bread with mung beans and beans,928.2982792,113.7,21,40.1,66,Snack,Sri Lankan,714
f2730,Millet with beef and cucumber,531.5487572,51,47.2,13.6,63,Breakfast,Sri Lankan,409
f2731,Kurakkan with mung beans and onion,1325.047801,23.4,40.1,119.7,70,Lunch,Sri Lankan,1019
f2732,Kurakkan with beef and onion,614.7227533,50.1,44.1,25,49,Breakfast,Sri Lankan,473
f2733,Bread with tofu and beans,650.0956023,52.3,41.9,28.3,45,Lunch,Sri Lankan,500
f2734,Rice with fish and tomato,942.6386233,120.3,43.9,29.6,51,Snack,Sri Lankan,725
f2735,Millet with mung beans and cucumber,1295.41109,117.1,53,64.6,50,Lunch,Sri Lankan,996
f2736,Kurakkan with tofu and cucumber,492.1128107,83.6,12.9,10,63,Dinner,Sri Lankan,379
f2737,Bread with egg and cabbage,1376.912046,87.9,31.4,98.4,65,Lunch,Sri Lankan,1059
f2738,Bread with chicken and cabbage,1821.940727,20.3,18.7,187,70,Snack,Sri Lankan,1401
f2739,Millet with egg and cucumber,516.2523901,36.4,26.1,28.5,55,Lunch,Sri Lankan,397
f2740,Bread with tofu and onion,618.0688337,60.9,36.9,22.6,67,Snack,Sri Lankan,475
f2741,Bread with egg and beans,794.4550669,91.8,27.2,33.8,68,Dinner,Sri Lankan,611
f2742,Millet with beef and cucumber,1110.181644,33.8,31.8,94.6,51,Dinner,Sri Lankan,854
f2743,Rice with tofu and onion,866.6347992,91.7,57.8,27,48,Breakfast,Sri Lankan,667
f2744,Millet with egg and cabbage,1058.556405,164.7,22.5,30.8,61,Lunch,Sri Lankan,814
f2745,Wheat with beef and carrot,1306.883365,130.9,88.2,46.8,70,Breakfast,Sri Lankan,1005
f2746,Bread with tofu and beans,1005.01912,111.8,37.8,41.2,70,Dinner,Sri Lankan,773
f2747,Bread with beef and cucumber,707.456979,30.6,39.7,46.2,49,Dinner,Sri Lankan,544
f2748,Bread with mung beans and cabbage,588.4321224,58.5,35.7,21.4,60,Dinner,Sri Lankan,453
f2749,Rice with lentils and beans,1069.072658,46.1,17.8,90.6,47,Breakfast,Sri Lankan,822
f2750,Wheat with fish and beans,815.7265774,105.3,42.8,20.4,59,Snack,Sri Lankan,627
f2751,Wheat with beef and cabbage,1464.388145,38.7,58.3,120.1,56,Breakfast,Sri Lankan,1126
f2752,Wheat with beef and tomato,788.2409178,114.5,39.4,15,61,Dinner,Sri Lankan,606
f2753,Bread with lentils and tomato,967.2562141,146.2,30.2,26.1,56,Lunch,Sri Lankan,744
f2754,Rice with mung beans and cucumber,821.4627151,117.2,28.2,24.6,62,Lunch,Sri Lankan,632
f2755,Rice with beef and tomato,1006.931166,92.5,53.4,46.9,52,Snack,Sri Lankan,775
f2756,Wheat with lentils and tomato,574.3307839,66.9,22.4,20.8,49,Snack,Sri Lankan,442
f2757,Rice with fish and cucumber,921.1281071,107.5,25.5,43.1,52,Snack,Sri Lankan,709
f2758,Wheat with fish and tomato,1721.080306,80.8,41.3,136.4,45,Lunch,Sri Lankan,1324
f2759,Kurakkan with mung beans and cabbage,259.082218,47.1,5.5,4,52,Dinner,Sri Lankan,199
f2760,Kurakkan with chicken and carrot,1393.642447,31.3,27,128.7,58,Dinner,Sri Lankan,1072
f2761,Kurakkan with fish and onion,1685.468451,86.2,23.7,139.1,58,Snack,Sri Lankan,1297
f2762,Rice with mung beans and beans,843.2122371,116.5,42,21.7,48,Lunch,Sri Lankan,649
f2763,Wheat with beef and onion,750.7170172,126.5,31.7,10.9,48,Breakfast,Sri Lankan,577
f2764,Millet with beef and tomato,1565.487572,88.5,94.7,88.6,51,Snack,Sri Lankan,1204
f2765,Rice with mung beans and cucumber,1093.690249,175,29.2,29.4,68,Dinner,Sri Lankan,841
f2766,Bread with lentils and cucumber,1355.162524,75.9,32.2,102.1,50,Lunch,Sri Lankan,1042
f2767,Bread with fish and cucumber,1122.848948,25.9,54.4,89.1,48,Snack,Sri Lankan,864
f2768,Millet with fish and carrot,1133.365201,159.9,39.7,34.2,61,Breakfast,Sri Lankan,872
f2769,Kurakkan with beef and beans,554.7323136,58,45.3,12.4,70,Snack,Sri Lankan,427
f2770,Wheat with mung beans and onion,562.6195029,76.7,25.9,13,60,Dinner,Sri Lankan,433
f2771,Kurakkan with beef and cucumber,734.2256214,1.8,60.4,53.7,51,Snack,Sri Lankan,565
f2772,Millet with mung beans and carrot,651.290631,77.8,17.8,28.7,64,Snack,Sri Lankan,501
f2773,Wheat with lentils and tomato,870.6978967,137.3,29.6,18.3,45,Snack,Sri Lankan,670
f2774,Wheat with egg and cabbage,786.5678776,69,47.9,32.9,58,Lunch,Sri Lankan,605
f2775,Bread with chicken and cucumber,768.4034417,75.6,55.4,25.5,63,Lunch,Sri Lankan,591
f2776,Kurakkan with chicken and cucumber,509.082218,4.7,69.4,23,60,Snack,Sri Lankan,392
f2777,Bread with tofu and carrot,979.9235182,87.1,47,46.7,55,Lunch,Sri Lankan,754
f2778,Bread with fish and cucumber,718.4512428,56.2,62.3,24.8,53,Lunch,Sri Lankan,553
f2779,Rice with fish and onion,930.9273423,87.2,58.3,37,59,Dinner,Sri Lankan,716
f2780,Wheat with lentils and carrot,1431.166348,115.7,24.6,93.8,46,Lunch,Sri Lankan,1101
f2781,Kurakkan with egg and tomato,781.3097514,57.3,62,32.9,65,Lunch,Sri Lankan,601
f2782,Kurakkan with tofu and tomato,789.6749522,26.3,14.3,68.5,48,Snack,Sri Lankan,607
f2783,Bread with chicken and beans,1442.160612,86.9,27.8,107.8,55,Lunch,Sri Lankan,1109
f2784,Bread with egg and beans,1425.43021,97.3,30.9,101.3,70,Dinner,Sri Lankan,1096
f2785,Kurakkan with mung beans and onion,658.9388145,70.3,8.3,38.3,66,Dinner,Sri Lankan,507
f2786,Kurakkan with mung beans and onion,369.7418738,7.8,29.6,24,69,Snack,Sri Lankan,284
f2787,Kurakkan with chicken and cabbage,432.6003824,26.1,44.2,15.3,63,Lunch,Sri Lankan,333
f2788,Bread with beef and carrot,1010.755258,78.5,73.1,42.6,51,Lunch,Sri Lankan,778
f2789,Millet with tofu and carrot,1244.502868,123.7,74.6,47.5,47,Dinner,Sri Lankan,957
f2790,Wheat with beef and onion,861.6156788,53.5,79.7,26.1,63,Lunch,Sri Lankan,663
f2791,Rice with chicken and onion,1520.315488,66.2,31.5,125.5,63,Dinner,Sri Lankan,1169
f2792,Kurakkan with chicken and cucumber,1032.026769,56.9,36.9,72.3,46,Breakfast,Sri Lankan,794
f2793,Millet with egg and carrot,1092.973231,115.4,34.2,51.4,53,Lunch,Sri Lankan,841
f2794,Wheat with lentils and tomato,874.0439771,103.2,46.9,26.1,68,Breakfast,Sri Lankan,672
f2795,Kurakkan with egg and cabbage,273.1835564,28,18.2,8.4,60,Breakfast,Sri Lankan,210
f2796,Bread with fish and cabbage,864.7227533,138.7,24,21.3,45,Breakfast,Sri Lankan,665
f2797,Rice with beef and onion,710.5640535,31,59.3,37.1,50,Lunch,Sri Lankan,547
f2798,Bread with lentils and cucumber,637.4282983,60.3,35.4,25.3,45,Lunch,Sri Lankan,490
f2799,Bread with beef and tomato,810.9464627,75.2,59.4,27.3,60,Dinner,Sri Lankan,624
f2800,Bread with beef and beans,940.7265774,63.2,57.9,50.3,54,Dinner,Sri Lankan,724
f2801,Kurakkan with egg and carrot,1180.927342,127.4,33.2,58.9,49,Snack,Sri Lankan,908
f2802,Rice with mung beans and onion,443.5946463,26.4,30.7,22.4,66,Breakfast,Sri Lankan,341
f2803,Bread with tofu and cucumber,813.3365201,99.9,18.7,36,45,Breakfast,Sri Lankan,626
f2804,Wheat with beef and tomato,1135.994264,103.4,83.2,41.9,55,Dinner,Sri Lankan,874
f2805,Kurakkan with egg and onion,1295.650096,126,35.9,70.7,68,Lunch,Sri Lankan,997
f2806,Millet with egg and carrot,815.0095602,48.5,23,57.9,56,Snack,Sri Lankan,627
f2807,Bread with beef and carrot,1094.885277,122.6,39.1,47.5,55,Dinner,Sri Lankan,842
f2808,Rice with mung beans and cucumber,562.1414914,34.2,60.6,19.3,56,Dinner,Sri Lankan,432
f2809,Rice with beef and carrot,1116.634799,103.7,43.7,57.8,58,Snack,Sri Lankan,859
f2810,Bread with lentils and beans,1141.969407,44.4,42.7,88.1,45,Snack,Sri Lankan,878
f2811,Wheat with fish and carrot,461.5200765,40.5,12.3,24.5,45,Snack,Sri Lankan,355
f2812,Rice with mung beans and beans,580.5449331,60.1,16.2,29.9,53,Snack,Sri Lankan,447
f2813,Rice with egg and cabbage,1614.244742,88.4,37.9,124,51,Breakfast,Sri Lankan,1242
f2814,Bread with lentils and tomato,1301.864245,138.7,53.6,57,66,Lunch,Sri Lankan,1001
f2815,Kurakkan with egg and tomato,1274.856597,56.5,21.6,107.6,69,Breakfast,Sri Lankan,981
f2816,Wheat with fish and beans,1151.768642,206,39.5,17.6,69,Dinner,Sri Lankan,886
f2817,Wheat with tofu and tomato,894.8374761,57.7,43,52.8,67,Snack,Sri Lankan,688
f2818,Wheat with egg and carrot,1175.43021,102,66.7,52.3,52,Dinner,Sri Lankan,904
f2819,Millet with egg and beans,1272.944551,76.1,15.3,98.2,66,Breakfast,Sri Lankan,979
f2820,Millet with tofu and cucumber,1450.525813,69,28.2,116.6,59,Lunch,Sri Lankan,1116
f2821,Rice with tofu and carrot,1014.101338,98.4,58.4,41.9,56,Dinner,Sri Lankan,780
f2822,Rice with egg and cucumber,654.3977055,83.6,28,20.6,59,Lunch,Sri Lankan,503
f2823,Bread with tofu and cabbage,713.4321224,73.6,26.8,31.2,70,Dinner,Sri Lankan,549
f2824,Rice with fish and cucumber,930.6883365,128,34.1,30.1,50,Snack,Sri Lankan,716
f2825,Millet with chicken and carrot,1952.198853,143.7,32.1,138.2,64,Snack,Sri Lankan,1502
f2826,Kurakkan with beef and beans,635.5162524,42.2,53.8,27.1,51,Snack,Sri Lankan,489
f2827,Rice with mung beans and cucumber,1594.16826,16.1,13,166.4,70,Breakfast,Sri Lankan,1226
f2828,Kurakkan with beef and onion,2023.183556,80.8,30.2,179.2,66,Dinner,Sri Lankan,1556
f2829,Wheat with fish and beans,1001.912046,87.3,49.7,48.3,52,Dinner,Sri Lankan,771
f2830,Bread with mung beans and cabbage,640.0573614,59.5,35.6,26.8,67,Breakfast,Sri Lankan,492
f2831,Millet with chicken and cabbage,1032.50478,101.1,32.5,53.1,69,Dinner,Sri Lankan,794
f2832,Wheat with tofu and cucumber,1269.59847,94,17.7,89.7,47,Breakfast,Sri Lankan,977
f2833,Kurakkan with lentils and cucumber,968.4512428,107.9,38.1,40.8,66,Dinner,Sri Lankan,745
f2834,Rice with chicken and beans,558.7954111,57.5,35.3,19.5,53,Breakfast,Sri Lankan,430
f2835,Bread with tofu and tomato,1759.560229,102.1,38.2,132.6,66,Breakfast,Sri Lankan,1354
f2836,Bread with mung beans and cucumber,1049.235182,24.1,28.7,93.3,55,Breakfast,Sri Lankan,807
f2837,Wheat with fish and onion,1098.948375,142.1,44.9,33,62,Dinner,Sri Lankan,845
f2838,Rice with tofu and cucumber,1482.07457,182.7,46,61.2,54,Snack,Sri Lankan,1140
f2839,Wheat with egg and cabbage,1694.789675,85.9,38.4,132.2,55,Breakfast,Sri Lankan,1304
f2840,Wheat with mung beans and beans,967.7342256,73.5,59.4,46.6,70,Breakfast,Sri Lankan,744
f2841,Millet with beef and cucumber,903.4416826,116.2,21.3,35.8,45,Breakfast,Sri Lankan,695
f2842,Wheat with fish and beans,1815.248566,148.9,17.1,129.1,68,Breakfast,Sri Lankan,1396
f2843,Bread with chicken and tomato,871.1759082,63.6,68.5,35.7,65,Lunch,Sri Lankan,670
f2844,Wheat with beef and beans,1568.116635,220.7,46.4,52.9,61,Snack,Sri Lankan,1206
f2845,Millet with egg and onion,801.8642447,68.6,57.5,31.2,62,Lunch,Sri Lankan,617
f2846,Millet with chicken and tomato,1078.393881,33.4,37.8,88.7,57,Dinner,Sri Lankan,830
f2847,Kurakkan with mung beans and tomato,1156.309751,28,16,109.7,55,Breakfast,Sri Lankan,889
f2848,Wheat with tofu and cucumber,756.4531549,106.4,30.3,22.4,61,Lunch,Sri Lankan,582
f2849,Millet with chicken and tomato,915.1529637,141.2,45.6,15.3,62,Breakfast,Sri Lankan,704
f2850,Rice with chicken and carrot,1613.76673,110.6,44.5,107.9,49,Dinner,Sri Lankan,1241
f2851,Bread with tofu and tomato,758.126195,66,58,25.5,49,Breakfast,Sri Lankan,583
f2852,Millet with fish and cabbage,1180.449331,141,55,39.9,48,Snack,Sri Lankan,908
f2853,Rice with fish and tomato,664.1969407,46.2,40.4,33.3,70,Dinner,Sri Lankan,511
f2854,Bread with chicken and cucumber,1165.391969,119.7,84.2,35.7,46,Lunch,Sri Lankan,896
f2855,Kurakkan with beef and cucumber,560.707457,38.2,44.9,23.7,58,Dinner,Sri Lankan,431
f2856,Bread with chicken and beans,720.124283,65.9,32.5,32.9,56,Breakfast,Sri Lankan,554
f2857,Wheat with beef and beans,1636.472275,27.9,32.5,157.5,51,Breakfast,Sri Lankan,1259
f2858,Rice with beef and carrot,858.2695985,62.3,65.3,36.9,64,Breakfast,Sri Lankan,660
f2859,Wheat with fish and onion,1265.535373,81.3,43.6,84,54,Lunch,Sri Lankan,973
f2860,Wheat with lentils and carrot,939.0535373,120.2,34.3,30.8,45,Snack,Sri Lankan,722
f2861,Millet with chicken and cabbage,1245.697897,29.5,25.4,115.1,58,Snack,Sri Lankan,958
f2862,Rice with beef and onion,679.7323136,18.8,70.1,35.4,64,Dinner,Sri Lankan,523
f2863,Millet with chicken and tomato,966.0611855,110.3,34.3,42.8,65,Snack,Sri Lankan,743
f2864,Wheat with beef and cabbage,765.0573614,98.7,47.5,15.3,59,Lunch,Sri Lankan,589
f2865,Rice with lentils and onion,1555.210325,182.4,60,60.8,45,Snack,Sri Lankan,1196
f2866,Wheat with beef and tomato,1042.304015,102.6,77.9,33.1,56,Breakfast,Sri Lankan,802
f2867,Kurakkan with fish and cucumber,1179.254302,8.7,21,119.6,58,Breakfast,Sri Lankan,907
f2868,Millet with tofu and cabbage,1508.365201,48.1,30.7,132,64,Lunch,Sri Lankan,1160
f2869,Wheat with chicken and carrot,890.7743786,95.7,52.6,30.7,67,Dinner,Sri Lankan,685
f2870,Kurakkan with chicken and onion,750.7170172,52,37.9,42.9,64,Lunch,Sri Lankan,577
f2871,Kurakkan with fish and cucumber,980.8795411,27,38.8,79.2,49,Snack,Sri Lankan,755
f2872,Rice with tofu and carrot,599.1873805,32.6,57,24.8,69,Dinner,Sri Lankan,461
f2873,Rice with fish and cabbage,1005.975143,145,53.6,20.5,50,Breakfast,Sri Lankan,774
f2874,Millet with tofu and carrot,831.7399618,85.4,51,27.4,52,Lunch,Sri Lankan,640
f2875,Kurakkan with mung beans and beans,953.6328872,23.3,17.2,88.9,51,Snack,Sri Lankan,734
f2876,Bread with egg and tomato,1525.095602,90.8,35.4,112.7,64,Dinner,Sri Lankan,1173
f2877,Wheat with chicken and carrot,1163.718929,68.1,45.1,77.7,57,Dinner,Sri Lankan,895
f2878,Kurakkan with mung beans and onion,1289.196941,58.7,14.9,111.2,66,Snack,Sri Lankan,992
f2879,Bread with lentils and onion,1420.889101,97.6,29.5,100,47,Lunch,Sri Lankan,1093
f2880,Bread with beef and tomato,842.4952199,78,52.6,32.6,52,Snack,Sri Lankan,648
f2881,Bread with egg and tomato,1365.917782,91.8,76.1,76,59,Lunch,Sri Lankan,1051
f2882,Wheat with egg and cucumber,1429.732314,42.7,43.7,120.2,57,Snack,Sri Lankan,1100
f2883,Rice with lentils and tomato,1321.701721,105.9,16.2,91.6,48,Lunch,Sri Lankan,1017
f2884,Bread with chicken and tomato,971.3193117,74.8,60.4,46.2,48,Dinner,Sri Lankan,747
f2885,Kurakkan with tofu and carrot,610.4206501,24.8,29.8,41.3,64,Dinner,Sri Lankan,470
f2886,Kurakkan with lentils and carrot,1253.107075,154.2,28.1,57.4,60,Snack,Sri Lankan,964
f2887,Wheat with egg and cabbage,1193.355641,161.7,47.6,38.7,65,Dinner,Sri Lankan,918
f2888,Kurakkan with egg and tomato,1098.470363,96.4,32.9,63.6,50,Snack,Sri Lankan,845
f2889,Rice with fish and carrot,574.3307839,50.6,34.6,23.3,58,Breakfast,Sri Lankan,442
f2890,Wheat with fish and beans,631.9311663,70.6,47.7,16.1,50,Lunch,Sri Lankan,486
f2891,Rice with mung beans and carrot,744.0248566,121.1,22.8,17.4,67,Breakfast,Sri Lankan,572
f2892,Bread with tofu and carrot,411.5678776,63.4,18.9,6.7,61,Lunch,Sri Lankan,317
f2893,Wheat with beef and beans,882.1701721,122.9,47.6,17.6,53,Breakfast,Sri Lankan,679
f2894,Bread with mung beans and cabbage,681.6443595,107.9,24.1,13.6,68,Breakfast,Sri Lankan,524
f2895,Millet with tofu and beans,1511.472275,84.8,22.9,119,64,Dinner,Sri Lankan,1163
f2896,Bread with fish and tomato,951.0038241,92.4,72.8,29.9,69,Dinner,Sri Lankan,732
f2897,Kurakkan with chicken and cabbage,424.4741874,54,35.2,5.9,64,Breakfast,Sri Lankan,327
f2898,Rice with fish and carrot,1248.087954,61,38.9,93.9,62,Dinner,Sri Lankan,960
f2899,Rice with fish and onion,974.665392,96.6,44.7,43.8,47,Lunch,Sri Lankan,750
f2900,Wheat with egg and onion,1133.365201,99.8,63.2,51.8,65,Breakfast,Sri Lankan,872
f2901,Bread with egg and onion,961.5200765,101.4,52.4,36.2,66,Dinner,Sri Lankan,740
f2902,Millet with egg and cucumber,805.9273423,107.9,44.2,16.1,64,Breakfast,Sri Lankan,620
f2903,Wheat with beef and beans,1106.596558,87,58.9,56.4,70,Lunch,Sri Lankan,851
f2904,Rice with lentils and cucumber,1033.938815,83.5,35.6,59.8,48,Snack,Sri Lankan,795
f2905,Wheat with fish and carrot,1660.611855,110.6,43.1,115.1,69,Lunch,Sri Lankan,1277
f2906,Millet with mung beans and beans,246.8929254,29.9,10,8.5,69,Dinner,Sri Lankan,190
f2907,Wheat with mung beans and beans,1485.42065,108.4,14.1,108.9,56,Snack,Sri Lankan,1143
f2908,Wheat with egg and onion,1188.33652,128,41,53.9,62,Lunch,Sri Lankan,914
f2909,Wheat with fish and onion,881.2141491,93.9,53.3,28.6,54,Lunch,Sri Lankan,678
f2910,Wheat with chicken and onion,848.2313576,164.5,24.9,5.5,50,Snack,Sri Lankan,652
f2911,Bread with lentils and carrot,1038.957935,90.9,20,64.5,70,Snack,Sri Lankan,799
f2912,Bread with fish and cabbage,1317.160612,87.1,39.2,89,63,Dinner,Sri Lankan,1013
f2913,Rice with chicken and carrot,875.7170172,30,66.7,52.8,59,Dinner,Sri Lankan,674
f2914,Wheat with chicken and beans,1505.258126,76.3,54.3,110.1,53,Lunch,Sri Lankan,1158
f2915,Millet with beef and onion,1674.952199,104.9,34.1,122.3,50,Lunch,Sri Lankan,1288
f2916,Kurakkan with beef and onion,1197.418738,30.3,18,112.3,46,Snack,Sri Lankan,921
f2917,Wheat with mung beans and beans,1218.451243,64.3,22.2,95,58,Lunch,Sri Lankan,937
f2918,Bread with beef and carrot,1338.432122,89.7,35.2,92.7,67,Dinner,Sri Lankan,1030
f2919,Wheat with egg and cucumber,1633.604207,42.5,39.9,145.4,46,Lunch,Sri Lankan,1257
f2920,Millet with mung beans and onion,851.0994264,110.4,42.3,23.3,68,Dinner,Sri Lankan,655
f2921,Millet with fish and tomato,1095.8413,145.7,28.9,43.3,65,Breakfast,Sri Lankan,843
f2922,Wheat with beef and cabbage,1546.606119,84.9,38,115.2,57,Snack,Sri Lankan,1190
f2923,Kurakkan with mung beans and cucumber,853.7284895,21.9,4.2,84.8,52,Snack,Sri Lankan,657
f2924,Rice with chicken and beans,601.0994264,48,28.2,31.1,61,Dinner,Sri Lankan,462
f2925,Bread with fish and tomato,933.0783939,67.5,55.7,44.4,69,Dinner,Sri Lankan,718
f2926,Wheat with egg and tomato,1481.357553,90.9,45.8,103.1,48,Breakfast,Sri Lankan,1140
f2927,Kurakkan with beef and carrot,1290.391969,35.6,13,120.7,48,Snack,Sri Lankan,993
f2928,Bread with tofu and beans,962.7151052,93.5,49,38.9,67,Lunch,Sri Lankan,741
f2929,Millet with egg and tomato,1361.854685,113,57.9,71.8,45,Breakfast,Sri Lankan,1048
f2930,Rice with beef and cucumber,1610.898662,82.8,47.2,122.6,68,Dinner,Sri Lankan,1239
f2931,Rice with mung beans and carrot,881.6921606,97.5,62.3,25,47,Dinner,Sri Lankan,678
f2932,Kurakkan with chicken and tomato,683.7954111,29.1,39.5,43.8,66,Snack,Sri Lankan,526
f2933,Millet with mung beans and carrot,994.0248566,78.5,32,59.1,68,Lunch,Sri Lankan,765
f2934,Millet with tofu and tomato,1051.625239,126.3,36.1,42.4,58,Lunch,Sri Lankan,809
f2935,Bread with mung beans and onion,1357.552581,70.4,39.2,101.2,70,Snack,Sri Lankan,1044
f2936,Bread with egg and onion,1616.873805,148.8,41.5,92.9,49,Lunch,Sri Lankan,1244
f2937,Wheat with mung beans and beans,1163.479924,132.7,31.7,54.2,45,Breakfast,Sri Lankan,895
f2938,Kurakkan with tofu and cabbage,623.8049713,56.4,21.3,34,50,Lunch,Sri Lankan,480
f2939,Kurakkan with mung beans and beans,981.1185468,14.9,20.1,92.1,68,Breakfast,Sri Lankan,755
f2940,Bread with lentils and carrot,1261.23327,72.9,25.5,95.3,55,Lunch,Sri Lankan,970
f2941,Bread with lentils and cucumber,1198.135755,167.5,27.6,42.5,54,Breakfast,Sri Lankan,922
f2942,Rice with fish and onion,806.4053537,60.2,62,33.8,57,Snack,Sri Lankan,620
f2943,Kurakkan with lentils and onion,553.5372849,73.7,15.1,20.3,62,Snack,Sri Lankan,426
f2944,Wheat with egg and beans,916.5869981,98.2,51.1,32.7,46,Breakfast,Sri Lankan,705
f2945,Bread with egg and beans,1210.325048,59.4,41.5,87.2,51,Snack,Sri Lankan,931
f2946,Kurakkan with chicken and beans,528.2026769,19.6,31.9,34.7,66,Snack,Sri Lankan,406
f2947,Bread with mung beans and cabbage,686.4244742,39.9,42.7,38.2,64,Snack,Sri Lankan,528
f2948,Rice with egg and cabbage,668.9770554,87,17.1,25.4,46,Snack,Sri Lankan,515
f2949,Wheat with tofu and onion,1409.17782,84,57.6,90.5,52,Breakfast,Sri Lankan,1084
f2950,Wheat with egg and tomato,1234.703633,138.6,52.3,49.8,46,Dinner,Sri Lankan,950
f2951,Rice with mung beans and beans,901.5296367,33.8,7.5,83.4,70,Lunch,Sri Lankan,693
f2952,Rice with fish and cucumber,1117.351816,67.2,22.9,84.3,64,Dinner,Sri Lankan,860
f2953,Rice with tofu and onion,1145.315488,168.2,24.4,39.9,55,Dinner,Sri Lankan,881
f2954,Millet with chicken and onion,912.7629063,92.3,47.3,36.3,51,Dinner,Sri Lankan,702
f2955,Rice with fish and beans,952.4378585,159.2,31.6,16.7,49,Snack,Sri Lankan,733
f2956,Kurakkan with beef and carrot,714.8661568,61.2,48.7,28.9,51,Lunch,Sri Lankan,550
f2957,Millet with mung beans and beans,655.83174,80.4,42,16.5,63,Breakfast,Sri Lankan,504
f2958,Millet with mung beans and onion,1087.954111,46.5,15.3,94.3,55,Snack,Sri Lankan,837
f2959,Millet with tofu and onion,842.9732314,50.2,63.7,40.9,70,Dinner,Sri Lankan,648
f2960,Wheat with tofu and carrot,1785.85086,138.9,20,127.4,65,Lunch,Sri Lankan,1374
f2961,Millet with beef and carrot,619.7418738,34.4,45.6,31.7,55,Lunch,Sri Lankan,477
f2962,Rice with egg and beans,625.9560229,45.7,40.2,30.3,48,Breakfast,Sri Lankan,482
f2963,Kurakkan with lentils and beans,783.2217973,108.4,17.4,30.1,69,Dinner,Sri Lankan,602
f2964,Millet with beef and tomato,1622.370937,25.7,40.9,152.1,69,Dinner,Sri Lankan,1248
f2965,Millet with egg and beans,1216.539197,47.8,35.4,98.7,61,Dinner,Sri Lankan,936
f2966,Wheat with fish and cucumber,841.5391969,88.5,67,19.6,67,Breakfast,Sri Lankan,647
f2967,Wheat with tofu and beans,1537.523901,124.5,16,109.2,55,Breakfast,Sri Lankan,1183
f2968,Millet with mung beans and tomato,816.4435946,109,39.1,21.6,50,Lunch,Sri Lankan,628
f2969,Bread with beef and cucumber,1155.353728,49.4,48.1,83.9,66,Dinner,Sri Lankan,889
f2970,Kurakkan with beef and carrot,812.8585086,15.5,34,68.5,50,Breakfast,Sri Lankan,625
f2971,Wheat with fish and tomato,761.9502868,73.5,34.6,33.7,58,Breakfast,Sri Lankan,586
f2972,Bread with egg and carrot,1719.407266,140.6,40.1,110.4,57,Breakfast,Sri Lankan,1323
f2973,Wheat with tofu and carrot,949.5697897,88,36.2,48.3,57,Snack,Sri Lankan,730
f2974,Wheat with lentils and cabbage,923.9961759,150.7,21.2,23.5,62,Lunch,Sri Lankan,711
f2975,Kurakkan with fish and onion,773.4225621,87.2,41.9,27.6,61,Snack,Sri Lankan,595
f2976,Bread with chicken and beans,1195.506692,105.3,48.2,61.7,48,Lunch,Sri Lankan,920
f2977,Wheat with mung beans and tomato,869.7418738,138.9,23.6,23.2,67,Breakfast,Sri Lankan,669
f2978,Rice with chicken and cabbage,1169.933078,78.8,67.5,65,47,Dinner,Sri Lankan,900
f2979,Millet with fish and cabbage,1444.789675,77.7,28.5,111.9,54,Snack,Sri Lankan,1111
f2980,Millet with tofu and cucumber,1207.217973,69.4,62.4,74.3,70,Lunch,Sri Lankan,929
f2981,Millet with lentils and tomato,1477.772467,130,20.4,94.9,57,Breakfast,Sri Lankan,1137
f2982,Bread with mung beans and beans,1098.231358,115.1,38,52.4,65,Breakfast,Sri Lankan,845
f2983,Wheat with tofu and cucumber,807.1223709,79.9,57.1,27.3,48,Lunch,Sri Lankan,621
f2984,Wheat with lentils and tomato,1028.680688,122.8,33.5,42.1,49,Breakfast,Sri Lankan,791
f2985,Bread with beef and tomato,1634.799235,103.4,59.9,107.5,69,Lunch,Sri Lankan,1258
f2986,Bread with tofu and carrot,725.6214149,57.5,31.8,37.4,60,Lunch,Sri Lankan,558
f2987,Bread with chicken and tomato,816.6826004,77.2,38.6,37.4,50,Lunch,Sri Lankan,628
f2988,Millet with lentils and cucumber,442.1606119,64,17.4,11.2,70,Snack,Sri Lankan,340
f2989,Kurakkan with fish and carrot,813.0975143,29,34,62.1,47,Lunch,Sri Lankan,625
f2990,Wheat with lentils and cabbage,939.292543,98.5,47.1,36.2,57,Lunch,Sri Lankan,723
f2991,Rice with chicken and tomato,614.7227533,60.1,30.3,26.1,50,Lunch,Sri Lankan,473
f2992,Millet with beef and onion,1063.575526,103.3,60.4,42.1,70,Snack,Sri Lankan,818
f2993,Wheat with fish and cucumber,1051.147228,117.6,59.9,37.5,59,Dinner,Sri Lankan,809
f2994,Rice with chicken and tomato,959.6080306,103.7,44.7,39.5,70,Dinner,Sri Lankan,738
f2995,Millet with chicken and onion,891.2523901,91.5,62.1,27.9,63,Snack,Sri Lankan,686
f2996,Wheat with fish and cabbage,877.1510516,138.3,34.7,15.7,68,Lunch,Sri Lankan,675
f2997,Rice with fish and tomato,928.7762906,99.6,48,34.7,69,Lunch,Sri Lankan,714
f2998,Rice with tofu and beans,1582.93499,179.8,64.4,66.8,68,Dinner,Sri Lankan,1218
f2999,Bread with tofu and onion,1391.969407,137.2,64,62.7,60,Lunch,Sri Lankan,1071
f3000,Wheat with egg and tomato,1079.349904,173.8,45.7,19.1,46,Lunch,Sri Lankan,830
f3001,Bread with fish and carrot,1428.059273,53.1,35.5,117.9,68,Lunch,Sri Lankan,1099
f3002,Rice with lentils and cucumber,968.9292543,120.1,54.7,26.9,50,Breakfast,Sri Lankan,745
f3003,Kurakkan with tofu and onion,1504.780115,73.9,33.6,119.2,45,Breakfast,Sri Lankan,1158
f3004,Kurakkan with beef and beans,521.9885277,25.5,57.5,17.8,66,Dinner,Sri Lankan,402
f3005,Millet with tofu and cabbage,1062.858509,65.7,81.3,48.6,48,Dinner,Sri Lankan,818
f3006,Kurakkan with mung beans and carrot,196.7017208,14.8,23.7,4.5,65,Breakfast,Sri Lankan,151
f3007,Bread with mung beans and carrot,1464.14914,54.5,19.1,129.5,59,Snack,Sri Lankan,1126
f3008,Bread with egg and beans,1011.23327,74.3,30.2,65.6,46,Dinner,Sri Lankan,778
f3009,Bread with egg and onion,952.91587,69.5,54.3,49.2,65,Breakfast,Sri Lankan,733
f3010,Wheat with mung beans and onion,1180.688337,144.9,36.1,49.1,46,Lunch,Sri Lankan,908
f3011,Millet with beef and beans,1186.66348,84.9,63.9,64,69,Snack,Sri Lankan,913
f3012,Rice with chicken and carrot,1160.133843,150.8,41.9,42,47,Snack,Sri Lankan,892
f3013,Millet with lentils and tomato,1496.414914,100,18.2,113.2,48,Breakfast,Sri Lankan,1151
f3014,Kurakkan with tofu and cabbage,540.1529637,22.2,54.2,23.8,47,Snack,Sri Lankan,416
f3015,Bread with lentils and carrot,1465.82218,64.4,27.7,121,70,Breakfast,Sri Lankan,1128
f3016,Bread with beef and carrot,611.376673,25.5,52.7,31.6,50,Breakfast,Sri Lankan,470
f3017,Millet with beef and carrot,881.6921606,90.9,26.2,42.3,51,Snack,Sri Lankan,678
f3018,Kurakkan with lentils and cucumber,838.9101338,114.2,14.8,34.2,48,Dinner,Sri Lankan,645
f3019,Wheat with egg and tomato,1089.388145,139.7,56.2,32.5,57,Lunch,Sri Lankan,838
f3020,Bread with chicken and cucumber,1134.321224,112.5,69.6,43.1,48,Lunch,Sri Lankan,873
f3021,Bread with beef and beans,2013.623327,115.4,55.3,147.2,69,Dinner,Sri Lankan,1549
f3022,Kurakkan with beef and cabbage,866.1567878,79.7,43.3,40.4,54,Snack,Sri Lankan,666
f3023,Wheat with fish and cabbage,806.4053537,94,39.2,25.6,60,Breakfast,Sri Lankan,620
f3024,Bread with lentils and onion,914.9139579,116.3,34.8,31.2,61,Snack,Sri Lankan,704
f3025,Millet with fish and beans,1063.814532,121.6,50.5,39.3,68,Snack,Sri Lankan,818
f3026,Bread with egg and beans,1208.413002,92.4,73.4,57,67,Snack,Sri Lankan,930
f3027,Rice with chicken and onion,639.3403442,111.2,20.2,8.6,62,Snack,Sri Lankan,492
f3028,Rice with chicken and cucumber,865.4397706,62.5,60.3,40.5,51,Lunch,Sri Lankan,666
f3029,Wheat with mung beans and tomato,798.040153,117.2,30.6,22.5,51,Lunch,Sri Lankan,614
f3030,Kurakkan with tofu and onion,1248.565966,26,28.9,114.9,60,Snack,Sri Lankan,960
f3031,Wheat with lentils and tomato,812.6195029,120.3,35.6,18,61,Lunch,Sri Lankan,625
f3032,Millet with chicken and beans,1782.026769,62,43,151.5,58,Dinner,Sri Lankan,1371
f3033,Kurakkan with mung beans and cucumber,631.2141491,71.9,28.6,24.9,49,Breakfast,Sri Lankan,486
f3034,Wheat with mung beans and beans,1169.694073,120.7,22.4,61.3,48,Snack,Sri Lankan,900
f3035,Wheat with tofu and cabbage,1319.311663,91.4,28.4,93.2,47,Breakfast,Sri Lankan,1015
f3036,Millet with tofu and onion,1103.967495,129.4,55.3,37,61,Lunch,Sri Lankan,849
f3037,Bread with fish and cabbage,1106.835564,119.3,38.9,51.3,52,Breakfast,Sri Lankan,851
f3038,Wheat with egg and cabbage,339.1491396,31.9,20.1,13.1,47,Snack,Sri Lankan,261
f3039,Rice with tofu and tomato,758.6042065,55.5,46.1,37.5,45,Snack,Sri Lankan,584
f3040,Wheat with mung beans and carrot,1263.862333,129,46.1,57.1,68,Snack,Sri Lankan,972
f3041,Millet with chicken and carrot,1196.701721,140.3,42.4,49.1,61,Lunch,Sri Lankan,921
f3042,Bread with beef and tomato,1003.107075,83.4,53.6,48.7,54,Lunch,Sri Lankan,772
f3043,Rice with chicken and tomato,1703.871893,97.6,38.9,128.3,65,Snack,Sri Lankan,1311
f3044,Millet with beef and beans,740.917782,71,71.2,18,68,Lunch,Sri Lankan,570
f3045,Millet with tofu and beans,912.5239006,82.7,65.3,32.6,50,Dinner,Sri Lankan,702
f3046,Bread with chicken and carrot,1878.585086,154.8,33.4,126.5,64,Snack,Sri Lankan,1445
f3047,Kurakkan with egg and tomato,665.6309751,38,41.3,38.4,52,Lunch,Sri Lankan,512
f3048,Millet with fish and onion,1489.244742,75.1,32.8,115.8,53,Dinner,Sri Lankan,1146
f3049,Wheat with egg and beans,1294.455067,204.3,30.8,38.2,58,Breakfast,Sri Lankan,996
f3050,Millet with egg and onion,1221.080306,30.8,16.3,114.5,55,Breakfast,Sri Lankan,939
f3051,Kurakkan with mung beans and onion,330.0669216,52.3,6.8,9.4,48,Lunch,Sri Lankan,254
f3052,Wheat with chicken and onion,1594.646272,93.4,39,112.6,54,Breakfast,Sri Lankan,1227
f3053,Wheat with lentils and onion,944.0726577,139.7,25.2,26.6,53,Dinner,Sri Lankan,726
f3054,Rice with beef and cucumber,1299.235182,27.9,43.2,112.7,58,Snack,Sri Lankan,999
f3055,Kurakkan with lentils and beans,1052.10325,45.5,18,88.9,53,Breakfast,Sri Lankan,809
f3056,Kurakkan with egg and cucumber,573.374761,66.5,20.7,23.5,66,Dinner,Sri Lankan,441
f3057,Kurakkan with tofu and onion,578.1548757,67.6,15.7,25,62,Snack,Sri Lankan,445
f3058,Millet with beef and cucumber,999.0439771,90.2,50.2,41.4,59,Breakfast,Sri Lankan,768
f3059,Bread with lentils and cabbage,847.9923518,76.2,52.7,33.8,62,Dinner,Sri Lankan,652
f3060,Bread with mung beans and carrot,1518.403442,130.1,19.3,102.4,66,Breakfast,Sri Lankan,1168
f3061,Wheat with mung beans and onion,803.5372849,108.3,34.6,22.4,70,Snack,Sri Lankan,618
f3062,Bread with mung beans and carrot,750.9560229,76.8,48.1,26.1,63,Dinner,Sri Lankan,578
f3063,Bread with fish and cabbage,730.8795411,88.2,43.2,20.3,53,Snack,Sri Lankan,562
f3064,Millet with mung beans and tomato,869.2638623,138.1,30.9,17.9,69,Dinner,Sri Lankan,669
f3065,Millet with chicken and tomato,1486.137667,67.9,30.9,121.5,48,Snack,Sri Lankan,1143
f3066,Rice with mung beans and tomato,798.7571702,116.1,42.4,15.4,50,Dinner,Sri Lankan,614
f3067,Bread with lentils and carrot,1194.550669,162.6,32.3,42,68,Breakfast,Sri Lankan,919
f3068,Rice with egg and carrot,683.0783939,96.5,26.9,18.9,70,Snack,Sri Lankan,525
f3069,Millet with chicken and cabbage,1243.785851,64.3,39.7,90.6,51,Breakfast,Sri Lankan,957
f3070,Wheat with fish and cucumber,808.7954111,115,40,18.6,49,Lunch,Sri Lankan,622
f3071,Millet with chicken and onion,679.7323136,69.4,48.2,21.6,47,Lunch,Sri Lankan,523
f3072,Bread with egg and cucumber,1139.340344,110.6,55.6,52.4,61,Lunch,Sri Lankan,876
f3073,Bread with lentils and carrot,930.6883365,117.8,24.3,37.3,56,Lunch,Sri Lankan,716
f3074,Kurakkan with egg and carrot,587.2370937,30.4,28.3,37.9,51,Snack,Sri Lankan,452
f3075,Wheat with chicken and tomato,1771.988528,95.9,48.2,130.2,49,Snack,Sri Lankan,1363
f3076,Millet with egg and onion,1559.273423,137.2,28.6,97.3,70,Breakfast,Sri Lankan,1199
f3077,Kurakkan with chicken and onion,561.9024857,39.6,17.9,35.3,55,Lunch,Sri Lankan,432
f3078,Rice with beef and carrot,820.2676864,94.4,45.7,27,67,Snack,Sri Lankan,631
f3079,Bread with lentils and cucumber,1233.74761,83.1,25.4,88.3,50,Snack,Sri Lankan,949
f3080,Bread with chicken and cucumber,885.2772467,86.3,46.6,35.3,53,Snack,Sri Lankan,681
f3081,Kurakkan with mung beans and cucumber,651.5296367,12.5,3.4,65.5,49,Snack,Sri Lankan,501
f3082,Bread with chicken and cabbage,1044.933078,107.3,34.5,51.9,63,Dinner,Sri Lankan,804
f3083,Millet with mung beans and beans,988.7667304,154.2,23.3,28.5,65,Breakfast,Sri Lankan,761
f3084,Rice with tofu and carrot,1398.900574,36.5,22.9,129.3,50,Lunch,Sri Lankan,1076
f3085,Kurakkan with lentils and carrot,548.040153,54.3,37.7,17.5,67,Dinner,Sri Lankan,422
f3086,Rice with chicken and carrot,992.1128107,99.5,31.8,50.5,60,Lunch,Sri Lankan,763
f3087,Wheat with lentils and onion,1472.51434,98.2,47.2,96,56,Dinner,Sri Lankan,1133
f3088,Bread with chicken and cucumber,1415.869981,112.9,28.4,92.6,48,Breakfast,Sri Lankan,1089
f3089,Wheat with mung beans and carrot,1095.8413,131.3,47.5,40.6,67,Snack,Sri Lankan,843
f3090,Kurakkan with tofu and beans,704.5889101,48.9,52.1,32,69,Breakfast,Sri Lankan,542
f3091,Kurakkan with beef and carrot,1246.892925,143.6,36.5,55.6,54,Snack,Sri Lankan,959
f3092,Wheat with fish and carrot,1082.217973,150,44.3,30.5,55,Dinner,Sri Lankan,832
f3093,Kurakkan with chicken and cucumber,592.0172084,61.9,21,29.2,67,Dinner,Sri Lankan,455
f3094,Rice with lentils and carrot,777.2466539,134.9,18.4,14.6,59,Dinner,Sri Lankan,598
f3095,Rice with mung beans and carrot,922.8011472,34.9,3.8,85.6,55,Snack,Sri Lankan,710
f3096,Rice with lentils and carrot,1170.172084,133.6,49.4,44.7,61,Dinner,Sri Lankan,900
f3097,Millet with beef and onion,1035.372849,131.7,40.9,35.7,45,Dinner,Sri Lankan,796
f3098,Bread with egg and beans,1488.288719,84.7,27.6,114.4,58,Lunch,Sri Lankan,1145
f3099,Bread with mung beans and cucumber,843.4512428,50.7,64,40.4,51,Lunch,Sri Lankan,649
f3100,Wheat with fish and cabbage,2238.76673,84.4,20.7,201.9,53,Breakfast,Sri Lankan,1722
f3101,Wheat with beef and cucumber,1442.399618,106,30.1,99.4,67,Snack,Sri Lankan,1110
f3102,Millet with mung beans and onion,1000.478011,83.7,54.8,48.6,64,Snack,Sri Lankan,770
f3103,Kurakkan with tofu and tomato,1346.319312,71.4,26.1,106.3,49,Dinner,Sri Lankan,1036
f3104,Wheat with beef and tomato,1163.718929,98.8,65.7,55.9,61,Breakfast,Sri Lankan,895
f3105,Bread with fish and cucumber,841.0611855,86.8,47.4,31.8,60,Dinner,Sri Lankan,647
f3106,Rice with mung beans and beans,1028.441683,134.2,26.9,42.7,59,Breakfast,Sri Lankan,791
f3107,Bread with chicken and carrot,2393.403442,88.2,31.6,215.6,69,Snack,Sri Lankan,1841
f3108,Wheat with lentils and cabbage,857.5525813,63.4,56.7,32.9,47,Lunch,Sri Lankan,660
f3109,Rice with lentils and cabbage,1096.797323,159.4,21,38.5,47,Dinner,Sri Lankan,844
f3110,Bread with egg and onion,534.416826,58,36.9,15.4,46,Breakfast,Sri Lankan,411
f3111,Kurakkan with mung beans and carrot,1188.33652,46.2,4.6,109.8,63,Dinner,Sri Lankan,914
f3112,Rice with mung beans and tomato,873.0879541,152.1,21.4,16,65,Dinner,Sri Lankan,672
f3113,Millet with egg and cucumber,838.6711281,136.5,25.4,18.6,62,Dinner,Sri Lankan,645
f3114,Millet with fish and carrot,1151.529637,76.2,20.1,84.4,53,Breakfast,Sri Lankan,886
f3115,Kurakkan with lentils and beans,1466.300191,66.7,18.3,125.6,54,Lunch,Sri Lankan,1128
f3116,Bread with beef and cabbage,830.0669216,76.7,55.7,30.8,59,Lunch,Sri Lankan,639
f3117,Wheat with tofu and tomato,1572.179732,113.1,21,114.8,51,Snack,Sri Lankan,1209
f3118,Wheat with egg and carrot,922.8011472,104,23,45.3,64,Lunch,Sri Lankan,710
f3119,Millet with chicken and tomato,951.959847,120.5,57.2,23.6,62,Lunch,Sri Lankan,732
f3120,Rice with beef and carrot,1462.476099,105.3,42,95.4,59,Lunch,Sri Lankan,1125
f3121,Rice with fish and tomato,685.9464627,87.4,39.1,17.9,66,Dinner,Sri Lankan,528
f3122,Rice with egg and beans,675.1912046,65.7,43.3,22.4,64,Snack,Sri Lankan,519
f3123,Bread with egg and cabbage,1618.785851,102.5,34.3,118.5,61,Dinner,Sri Lankan,1245
f3124,Rice with egg and cucumber,740.2007648,114.8,18.2,23.5,51,Breakfast,Sri Lankan,569
f3125,Millet with lentils and onion,969.8852772,108.4,58.9,29.2,51,Lunch,Sri Lankan,746
f3126,Millet with lentils and carrot,1080.305927,60.5,12.7,86.8,57,Lunch,Sri Lankan,831
f3127,Kurakkan with beef and cucumber,945.5066922,87.4,51.3,37.5,49,Dinner,Sri Lankan,727
f3128,Wheat with egg and carrot,800.6692161,108.3,34.1,23.4,46,Lunch,Sri Lankan,616
f3129,Wheat with egg and cucumber,874.5219885,119.8,28.9,27.8,57,Breakfast,Sri Lankan,673
f3130,Wheat with lentils and cucumber,894.3594646,148.3,29.4,15.6,67,Breakfast,Sri Lankan,688
f3131,Bread with beef and tomato,1428.776291,36,69.3,112.7,55,Snack,Sri Lankan,1099
f3132,Millet with egg and beans,1319.072658,55.8,20.2,113.2,64,Snack,Sri Lankan,1015
f3133,Kurakkan with chicken and tomato,641.7304015,45.9,56.2,24.7,59,Snack,Sri Lankan,494
f3134,Millet with lentils and onion,1105.40153,103.9,13.4,69.5,59,Lunch,Sri Lankan,850
f3135,Wheat with chicken and cucumber,783.9388145,104.5,37.2,19.5,60,Lunch,Sri Lankan,603
f3136,Rice with lentils and onion,546.3671128,65.5,28.3,16.6,47,Snack,Sri Lankan,420
f3137,Rice with lentils and carrot,511.4722753,70.9,12.8,17.1,56,Breakfast,Sri Lankan,393
f3138,Bread with beef and cabbage,933.5564054,69.2,55.7,46.1,63,Snack,Sri Lankan,718
f3139,Kurakkan with beef and cabbage,466.3001912,33.8,35.2,19.5,62,Lunch,Sri Lankan,359
f3140,Rice with tofu and onion,1169.216061,121.6,73.3,38.9,49,Snack,Sri Lankan,899
f3141,Rice with tofu and onion,983.2695985,98.8,37.5,47,46,Snack,Sri Lankan,756
f3142,Kurakkan with tofu and onion,734.2256214,44.2,41.1,42.2,57,Lunch,Sri Lankan,565
f3143,Millet with fish and beans,1298.518164,110.3,50.8,70.1,48,Snack,Sri Lankan,999
f3144,Kurakkan with chicken and onion,929.7323136,114.9,43.4,30.1,65,Lunch,Sri Lankan,715
f3145,Rice with beef and cucumber,1012.90631,89.8,60.8,43.8,57,Breakfast,Sri Lankan,779
f3146,Wheat with tofu and cucumber,1247.609943,82.7,23,90.2,49,Lunch,Sri Lankan,960
f3147,Rice with beef and cabbage,1537.523901,90.7,84,90.6,45,Dinner,Sri Lankan,1183
f3148,Bread with tofu and cucumber,725.6214149,84.7,19.5,33.6,49,Breakfast,Sri Lankan,558
f3149,Bread with lentils and onion,1139.101338,165.8,32.8,33,51,Snack,Sri Lankan,876
f3150,Kurakkan with lentils and tomato,1188.575526,52.8,8.4,105,53,Lunch,Sri Lankan,914
f3151,Wheat with fish and beans,1661.089866,109.2,38.6,118.8,49,Lunch,Sri Lankan,1278
f3152,Rice with chicken and cabbage,928.5372849,100.7,50.6,32.3,59,Snack,Sri Lankan,714
f3153,Wheat with fish and beans,925.9082218,126.1,62.1,15.2,55,Breakfast,Sri Lankan,712
f3154,Wheat with chicken and beans,1563.097514,74.2,40.7,123.4,55,Breakfast,Sri Lankan,1202
f3155,Bread with lentils and beans,1270.554493,80.5,25.1,91,70,Lunch,Sri Lankan,977
f3156,Millet with mung beans and cabbage,775.334608,97.4,35.6,23.2,53,Breakfast,Sri Lankan,596
f3157,Kurakkan with mung beans and cucumber,783.6998088,6.7,5.6,82.6,60,Snack,Sri Lankan,603
f3158,Rice with tofu and beans,1255.736138,20.6,28.3,118.3,59,Lunch,Sri Lankan,966
f3159,Kurakkan with beef and cabbage,627.1510516,39.8,39.6,32.6,63,Dinner,Sri Lankan,482
f3160,Millet with fish and beans,1826.959847,130.4,33.5,131.3,48,Breakfast,Sri Lankan,1405
f3161,Rice with tofu and onion,550.4302103,57.7,25.5,21.8,63,Breakfast,Sri Lankan,423
f3162,Bread with lentils and carrot,1640.774379,132.6,41.3,101.8,55,Dinner,Sri Lankan,1262
f3163,Bread with fish and onion,1303.537285,60,33.5,102.4,67,Dinner,Sri Lankan,1003
f3164,Rice with egg and beans,513.1453155,32.4,26.7,30,56,Snack,Sri Lankan,395
f3165,Wheat with beef and onion,1336.759082,136,42.6,59.8,49,Breakfast,Sri Lankan,1028
f3166,Kurakkan with tofu and beans,643.1644359,61.8,25.3,32.2,64,Breakfast,Sri Lankan,495
f3167,Kurakkan with lentils and cabbage,739.7227533,106.4,20.1,24.8,68,Lunch,Sri Lankan,569
f3168,Wheat with beef and cucumber,1626.434034,77.8,46.7,123.7,70,Breakfast,Sri Lankan,1251
f3169,Millet with tofu and beans,1088.910134,129.5,44.7,39.5,58,Breakfast,Sri Lankan,838
f3170,Rice with egg and cucumber,1755.736138,81.5,46,136.9,65,Lunch,Sri Lankan,1351
f3171,Millet with mung beans and tomato,626.9120459,107,19.1,8.3,64,Snack,Sri Lankan,482
f3172,Bread with egg and cucumber,1304.254302,138,59,55.8,60,Snack,Sri Lankan,1003
f3173,Bread with beef and onion,1054.254302,64.1,62.2,59.1,46,Dinner,Sri Lankan,811
f3174,Rice with beef and cabbage,663.957935,36.5,60.6,28.8,47,Snack,Sri Lankan,511
f3175,Rice with egg and tomato,1262.667304,77.3,21,97.3,68,Dinner,Sri Lankan,971
f3176,Rice with tofu and cucumber,765.0573614,82.4,36.3,30.8,58,Lunch,Sri Lankan,589
f3177,Kurakkan with chicken and beans,1111.854685,25.2,13.3,105.2,67,Lunch,Sri Lankan,855
f3178,Rice with chicken and cucumber,802.3422562,79.9,42.4,32.5,48,Snack,Sri Lankan,617
f3179,Millet with chicken and carrot,1536.806883,86.7,59,104.1,56,Breakfast,Sri Lankan,1182
f3180,Bread with lentils and cucumber,944.3116635,96.9,25.9,46.8,59,Dinner,Sri Lankan,726
f3181,Bread with tofu and cabbage,856.8355641,73.3,48.9,39.4,52,Lunch,Sri Lankan,659
f3182,Bread with lentils and cucumber,1297.08413,76,37.3,93.2,56,Dinner,Sri Lankan,998
f3183,Kurakkan with beef and cabbage,335.8030593,5.8,54.6,9.3,52,Breakfast,Sri Lankan,258
f3184,Kurakkan with tofu and cucumber,1218.451243,55.2,21.2,101.4,48,Snack,Sri Lankan,937
f3185,Wheat with chicken and cabbage,1286.089866,75.5,29.1,93.8,46,Breakfast,Sri Lankan,989
f3186,Kurakkan with tofu and beans,289.6749522,38.6,14.1,8.1,47,Dinner,Sri Lankan,223
f3187,Rice with tofu and cucumber,583.4130019,70.1,27.7,19.3,59,Snack,Sri Lankan,449
f3188,Rice with egg and onion,1318.594646,86.9,12,102.8,70,Dinner,Sri Lankan,1014
f3189,Kurakkan with tofu and cucumber,803.2982792,60.5,33,46.3,67,Snack,Sri Lankan,618
f3190,Kurakkan with lentils and cabbage,829.1108987,100.2,26.9,34,55,Snack,Sri Lankan,638
f3191,Wheat with egg and beans,1280.592734,93.8,48.2,77.1,54,Snack,Sri Lankan,985
f3192,Bread with fish and beans,1342.973231,74.2,43,96.3,70,Dinner,Sri Lankan,1033
f3193,Millet with chicken and cabbage,1183.3174,52.3,24.8,97.4,59,Dinner,Sri Lankan,910
f3194,Wheat with beef and onion,507.4091778,68.3,21.6,13.5,66,Breakfast,Sri Lankan,390
f3195,Millet with egg and cucumber,845.124283,45,65,42.7,48,Breakfast,Sri Lankan,650
f3196,Wheat with mung beans and tomato,1489.005736,93,26,112.1,65,Breakfast,Sri Lankan,1145
f3197,Kurakkan with egg and cabbage,1375.478011,51,23.8,119.5,49,Lunch,Sri Lankan,1058
f3198,Millet with egg and cucumber,606.5965583,66.8,21.3,27.1,45,Snack,Sri Lankan,467
f3199,Bread with lentils and carrot,1619.502868,95.4,13,132.5,65,Snack,Sri Lankan,1246
f3200,Rice with chicken and beans,1831.26195,149.5,40.6,119.1,57,Breakfast,Sri Lankan,1409
f3201,Bread with beef and onion,1377.629063,116.5,52.9,76.7,63,Dinner,Sri Lankan,1060
f3202,Kurakkan with tofu and tomato,821.2237094,104.9,29.7,31.7,53,Snack,Sri Lankan,632
f3203,Rice with chicken and tomato,879.7801147,81.7,41.4,38.8,57,Breakfast,Sri Lankan,677
f3204,Bread with beef and cucumber,1491.634799,44.9,93.4,105,48,Snack,Sri Lankan,1147
f3205,Rice with egg and beans,930.9273423,53,21.6,70.1,52,Breakfast,Sri Lankan,716
f3206,Kurakkan with tofu and cabbage,618.3078394,63.2,34.9,22.4,52,Breakfast,Sri Lankan,476
f3207,Rice with egg and tomato,803.7762906,81.5,43.9,31.7,52,Lunch,Sri Lankan,618
f3208,Bread with chicken and carrot,1085.325048,85.2,51.2,58.3,60,Snack,Sri Lankan,835
f3209,Wheat with tofu and beans,993.0688337,140.4,30.8,28.7,68,Snack,Sri Lankan,764
f3210,Bread with beef and onion,1288.240918,66.6,44.8,92.9,52,Dinner,Sri Lankan,991
f3211,Kurakkan with egg and cucumber,806.4053537,117.7,21.2,26,46,Dinner,Sri Lankan,620
f3212,Wheat with tofu and cucumber,1336.520076,191.3,60.6,34.6,62,Snack,Sri Lankan,1028
f3213,Millet with chicken and tomato,1344.646272,88.4,36.5,91.6,46,Snack,Sri Lankan,1034
f3214,Kurakkan with fish and tomato,1141.730402,5,34.9,110.1,64,Snack,Sri Lankan,878
f3215,Millet with fish and carrot,1040.869981,146.2,20.1,38,48,Dinner,Sri Lankan,801
f3216,Rice with lentils and tomato,876.9120459,59.2,49.3,46.9,62,Dinner,Sri Lankan,675
f3217,Millet with egg and tomato,1446.462715,90.2,36.2,99.4,50,Breakfast,Sri Lankan,1113
f3218,Rice with mung beans and carrot,1333.891013,75.4,10.4,108.7,52,Breakfast,Sri Lankan,1026
f3219,Rice with egg and cucumber,1104.206501,24.9,26.8,100.5,68,Lunch,Sri Lankan,849
f3220,Wheat with beef and carrot,1549.235182,97.5,43.1,108.4,63,Snack,Sri Lankan,1192
f3221,Bread with beef and onion,1495.458891,124.5,41.1,90.9,67,Lunch,Sri Lankan,1150
f3222,Bread with mung beans and onion,1343.451243,72.4,27.4,103.7,56,Snack,Sri Lankan,1033
f3223,Wheat with egg and cucumber,685.9464627,85.9,31.8,21.5,47,Breakfast,Sri Lankan,528
f3224,Kurakkan with egg and tomato,440.9655832,45.7,17.1,20.3,55,Dinner,Sri Lankan,339
f3225,Wheat with lentils and onion,1791.826004,104.9,40.9,130.6,68,Dinner,Sri Lankan,1378
f3226,Kurakkan with beef and onion,1301.864245,64.2,51.4,93.1,69,Breakfast,Sri Lankan,1001
f3227,Bread with chicken and tomato,786.3288719,97.3,45.3,21.1,51,Dinner,Sri Lankan,605
f3228,Kurakkan with egg and cabbage,336.7590822,36.5,9.5,15.5,47,Snack,Sri Lankan,259
f3229,Wheat with tofu and cabbage,748.3269598,91.8,44.6,16.2,55,Snack,Sri Lankan,576
f3230,Millet with tofu and cucumber,770.793499,80.4,35.2,33,65,Dinner,Sri Lankan,593
f3231,Kurakkan with lentils and onion,650.5736138,97.1,19,18.1,54,Breakfast,Sri Lankan,500
f3232,Wheat with mung beans and cabbage,816.6826004,82.4,55,24.7,70,Lunch,Sri Lankan,628
f3233,Millet with mung beans and onion,1355.162524,105.3,12.4,98.2,67,Lunch,Sri Lankan,1042
f3234,Kurakkan with chicken and cucumber,1393.642447,24.6,25.7,133.3,60,Breakfast,Sri Lankan,1072
f3235,Rice with lentils and onion,1213.193117,123.7,50.4,55.8,58,Snack,Sri Lankan,933
f3236,Bread with egg and tomato,1329.827916,176,50.4,44.3,49,Snack,Sri Lankan,1023
f3237,Wheat with fish and carrot,1657.743786,99.9,27,129.2,55,Dinner,Sri Lankan,1275
f3238,Rice with egg and beans,1093.690249,143.1,30.2,43.2,61,Breakfast,Sri Lankan,841
f3239,Rice with chicken and tomato,1007.648184,113.5,39.7,41.7,70,Snack,Sri Lankan,775
f3240,Bread with egg and carrot,642.9254302,36.3,52.2,31.1,60,Snack,Sri Lankan,495
f3241,Rice with mung beans and beans,424.4741874,44.4,25.7,13,51,Snack,Sri Lankan,327
f3242,Millet with egg and carrot,1388.384321,70,18.9,114.9,48,Snack,Sri Lankan,1068
f3243,Bread with chicken and carrot,792.7820268,77.5,41,32.5,66,Breakfast,Sri Lankan,610
f3244,Kurakkan with beef and cucumber,644.5984704,15.1,62.1,36,49,Lunch,Sri Lankan,496
f3245,Rice with lentils and beans,1384.321224,191.2,21.4,57.6,46,Breakfast,Sri Lankan,1065
f3246,Millet with beef and cabbage,908.2217973,74.7,53.3,40.5,58,Breakfast,Sri Lankan,699
f3247,Millet with mung beans and beans,521.0325048,84.2,18.2,10,67,Snack,Sri Lankan,401
f3248,Bread with lentils and carrot,735.4206501,79.9,39.5,26.3,67,Dinner,Sri Lankan,566
f3249,Kurakkan with beef and cucumber,592.9732314,35.9,45.6,27.9,55,Snack,Sri Lankan,456
f3250,Rice with chicken and cabbage,1037.762906,28.8,37.3,86,65,Breakfast,Sri Lankan,798
f3251,Kurakkan with tofu and cabbage,1307.361377,42.2,29,113.8,47,Lunch,Sri Lankan,1006
f3252,Kurakkan with egg and tomato,771.5105163,83,23.3,38.3,52,Lunch,Sri Lankan,593
f3253,Kurakkan with mung beans and cucumber,555.4493308,20.2,36.9,35.8,51,Lunch,Sri Lankan,427
f3254,Kurakkan with lentils and beans,544.6940727,56.7,14.9,25.4,70,Snack,Sri Lankan,419
f3255,Bread with egg and beans,1325.286807,133.5,57,60.8,58,Snack,Sri Lankan,1019
f3256,Kurakkan with tofu and tomato,655.83174,7.6,60.4,41.6,52,Lunch,Sri Lankan,504
f3257,Kurakkan with mung beans and carrot,449.5697897,20.3,31.4,25.6,68,Lunch,Sri Lankan,346
f3258,Millet with lentils and beans,983.0305927,117.3,66.1,21.6,58,Snack,Sri Lankan,756
f3259,Kurakkan with lentils and onion,428.2982792,36.8,37.1,13.6,59,Snack,Sri Lankan,329
f3260,Wheat with egg and cabbage,790.8699809,35.6,67.4,37.6,62,Dinner,Sri Lankan,608
f3261,Wheat with chicken and tomato,1740.439771,64,106.3,117.4,47,Dinner,Sri Lankan,1339
f3262,Wheat with lentils and beans,1279.397706,114.7,25.6,78.7,61,Snack,Sri Lankan,984
f3263,Wheat with chicken and carrot,1160.85086,65.9,52.7,74.9,47,Breakfast,Sri Lankan,893
f3264,Rice with egg and cucumber,929.2543021,46.1,64.5,52.4,56,Breakfast,Sri Lankan,715
f3265,Bread with egg and cucumber,1482.791587,108.8,38.3,99,60,Dinner,Sri Lankan,1141
f3266,Rice with chicken and cucumber,1421.128107,108,30.4,95.6,48,Lunch,Sri Lankan,1093
f3267,Millet with egg and onion,748.3269598,58.4,77.4,21.5,47,Breakfast,Sri Lankan,576
f3268,Kurakkan with chicken and onion,1042.543021,27.8,20.9,94,68,Dinner,Sri Lankan,802
f3269,Wheat with tofu and cucumber,1417.06501,90.6,36.2,98.7,63,Dinner,Sri Lankan,1090
f3270,Wheat with egg and cabbage,1046.128107,119.8,32.2,48.6,59,Lunch,Sri Lankan,805
f3271,Kurakkan with fish and cucumber,307.1223709,20.4,23.8,13.3,61,Lunch,Sri Lankan,236
f3272,Millet with beef and beans,1442.877629,64.9,29.4,116.7,70,Breakfast,Sri Lankan,1110
f3273,Rice with chicken and carrot,1232.313576,16.6,29.5,117.7,48,Lunch,Sri Lankan,948
f3274,Wheat with lentils and cucumber,1372.131931,121.7,52.9,69.9,48,Lunch,Sri Lankan,1055
f3275,Millet with fish and beans,1021.271511,110.2,39.3,44.5,60,Breakfast,Sri Lankan,786
f3276,Rice with fish and cucumber,1496.892925,56.5,36.9,125,70,Breakfast,Sri Lankan,1151
f3277,Wheat with fish and cabbage,926.1472275,108.3,39,34.9,69,Dinner,Sri Lankan,712
f3278,Bread with mung beans and tomato,377.6290631,33.8,31.1,12.1,59,Snack,Sri Lankan,290
f3279,Rice with egg and onion,931.6443595,76.5,76.9,33.7,51,Snack,Sri Lankan,717
f3280,Kurakkan with tofu and carrot,690.0095602,27.8,29.5,47.8,45,Lunch,Sri Lankan,531
f3281,Rice with fish and tomato,980.4015296,133.4,32.4,31.9,66,Dinner,Sri Lankan,754
f3282,Bread with chicken and cabbage,1396.988528,75.2,41.5,101.3,63,Breakfast,Sri Lankan,1075
f3283,Millet with tofu and tomato,1192.638623,120.3,34.5,60.8,69,Breakfast,Sri Lankan,917
f3284,Bread with lentils and cucumber,749.7609943,44.3,47,41.8,64,Dinner,Sri Lankan,577
f3285,Millet with chicken and tomato,781.3097514,58.3,38.4,43,51,Dinner,Sri Lankan,601
f3286,Rice with fish and cucumber,843.4512428,50.9,49.4,43.2,55,Dinner,Sri Lankan,649
f3287,Bread with beef and onion,1204.58891,186.5,42.3,27.6,50,Dinner,Sri Lankan,927
f3288,Kurakkan with fish and beans,1625.717017,34.2,47.7,144.6,55,Breakfast,Sri Lankan,1251
f3289,Millet with lentils and cabbage,1031.787763,102.1,48.4,43.6,66,Breakfast,Sri Lankan,794
f3290,Millet with fish and cabbage,533.4608031,34,54,18.3,49,Snack,Sri Lankan,410
f3291,Kurakkan with fish and tomato,1268.403442,27.9,38.4,112.7,53,Dinner,Sri Lankan,976
f3292,Wheat with tofu and beans,592.2562141,94.3,32.9,8.4,62,Dinner,Sri Lankan,456
f3293,Kurakkan with egg and beans,484.7036329,15.3,22.3,36.5,67,Lunch,Sri Lankan,373
f3294,Bread with chicken and onion,661.3288719,63.3,46.7,22.5,63,Breakfast,Sri Lankan,509
f3295,Bread with tofu and cabbage,1082.456979,73.4,76.3,49.8,63,Breakfast,Sri Lankan,833
f3296,Kurakkan with tofu and cabbage,438.3365201,69,9.1,11.3,60,Breakfast,Sri Lankan,337
f3297,Kurakkan with tofu and tomato,299.7131931,14.7,23.6,13.6,51,Dinner,Sri Lankan,231
f3298,Wheat with chicken and cucumber,1470.363289,114.2,43.8,91.7,55,Lunch,Sri Lankan,1131
f3299,Kurakkan with beef and onion,1331.739962,56.4,38.2,105.1,49,Snack,Sri Lankan,1024
f3300,Rice with chicken and onion,1881.692161,115.9,42,137.7,54,Breakfast,Sri Lankan,1447
f3301,Millet with lentils and tomato,821.4627151,89.9,30.1,35.1,60,Breakfast,Sri Lankan,632
f3302,Wheat with fish and cucumber,557.1223709,38.8,45.3,22.9,63,Snack,Sri Lankan,429
f3303,Millet with mung beans and carrot,1069.072658,68.1,8.6,84.3,48,Lunch,Sri Lankan,822
f3304,Kurakkan with fish and tomato,1118.068834,5.2,47.2,101.7,52,Dinner,Sri Lankan,860
f3305,Wheat with egg and onion,629.7801147,111.4,19,9,61,Breakfast,Sri Lankan,484
f3306,Wheat with egg and tomato,1148.183556,193.5,22.7,28.4,57,Snack,Sri Lankan,883
f3307,Millet with mung beans and tomato,1204.827916,42.8,25.5,103.6,65,Lunch,Sri Lankan,927
f3308,Bread with egg and carrot,1910.133843,170.9,21.5,126.8,65,Dinner,Sri Lankan,1469
f3309,Rice with beef and onion,1003.34608,120.7,53.8,30.9,48,Snack,Sri Lankan,772
f3310,Millet with tofu and beans,1091.061185,176.8,26.7,27.8,65,Dinner,Sri Lankan,839
f3311,Bread with mung beans and cucumber,661.5678776,97.2,16.7,21.4,68,Breakfast,Sri Lankan,509
f3312,Kurakkan with lentils and cabbage,429.4933078,28.4,28,20.6,64,Dinner,Sri Lankan,330
f3313,Kurakkan with tofu and cabbage,376.1950287,25.9,22.6,18.7,52,Lunch,Sri Lankan,289
f3314,Bread with fish and cabbage,745.2198853,63.7,45.7,32.3,59,Breakfast,Sri Lankan,573
f3315,Wheat with mung beans and onion,827.6768642,126.5,40.1,12.8,46,Dinner,Sri Lankan,637
f3316,Millet with fish and cucumber,838.4321224,92.4,38.5,33.2,69,Breakfast,Sri Lankan,645
f3317,Rice with beef and cabbage,1279.1587,77.7,21.4,97.7,46,Dinner,Sri Lankan,984
f3318,Rice with beef and cucumber,1269.359465,16.8,42.5,116,66,Lunch,Sri Lankan,976
f3319,Wheat with tofu and onion,1126.67304,155,33,37.5,49,Dinner,Sri Lankan,867
f3320,Bread with lentils and beans,1351.099426,68,26.4,107.7,58,Snack,Sri Lankan,1039
f3321,Wheat with mung beans and tomato,989.4837476,106.4,51.4,38.9,52,Lunch,Sri Lankan,761
f3322,Rice with beef and cabbage,936.4244742,113.6,43.2,31.7,53,Breakfast,Sri Lankan,720
f3323,Rice with lentils and cucumber,827.1988528,119.2,22.8,24.7,47,Breakfast,Sri Lankan,636
f3324,Rice with mung beans and carrot,1489.483748,97.9,21.8,111.3,45,Snack,Sri Lankan,1146
f3325,Rice with chicken and onion,881.6921606,76.1,37.4,45.7,62,Snack,Sri Lankan,678
f3326,Bread with egg and onion,581.2619503,48.5,21.8,31.1,61,Breakfast,Sri Lankan,447
f3327,Wheat with mung beans and tomato,779.6367113,125,20,19.7,52,Breakfast,Sri Lankan,600
f3328,Wheat with egg and carrot,1001.195029,95.8,62.5,38.4,70,Dinner,Sri Lankan,770
f3329,Wheat with fish and onion,916.3479924,96.3,59.3,29.2,57,Lunch,Sri Lankan,705
f3330,Kurakkan with lentils and carrot,950.2868069,32,10.7,86.2,52,Dinner,Sri Lankan,731
f3331,Wheat with tofu and carrot,907.0267686,87.4,49.1,36,62,Snack,Sri Lankan,698
f3332,Rice with beef and onion,1686.424474,97.9,43.3,124.8,50,Breakfast,Sri Lankan,1297
f3333,Rice with tofu and cabbage,1203.871893,64.9,23.9,93.3,48,Breakfast,Sri Lankan,926
f3334,Kurakkan with lentils and cabbage,411.3288719,69.1,10.5,8.5,55,Lunch,Sri Lankan,316
f3335,Rice with chicken and beans,969.8852772,88.6,32.3,51.4,48,Breakfast,Sri Lankan,746
f3336,Wheat with fish and carrot,949.8087954,79.8,59.3,40.6,52,Dinner,Sri Lankan,731
f3337,Bread with egg and cucumber,652.9636711,46.1,34.4,33.6,62,Lunch,Sri Lankan,502
f3338,Bread with lentils and tomato,658.9388145,74.3,21.2,26.3,55,Snack,Sri Lankan,507
f3339,Kurakkan with egg and cucumber,1294.455067,43.6,17.4,117.7,52,Lunch,Sri Lankan,996
f3340,Wheat with egg and carrot,1496.65392,152.8,57.3,69.8,70,Breakfast,Sri Lankan,1151
f3341,Millet with chicken and cabbage,813.3365201,39.2,27.7,59.7,66,Breakfast,Sri Lankan,626
f3342,Bread with fish and onion,1136.711281,144.5,32.7,44.3,61,Dinner,Sri Lankan,874
f3343,Rice with tofu and onion,695.5066922,44.3,29.7,42.5,47,Lunch,Sri Lankan,535
f3344,Kurakkan with egg and cucumber,790.1529637,8.3,59.2,57.4,56,Breakfast,Sri Lankan,608
f3345,Kurakkan with lentils and tomato,786.8068834,52.8,68.6,31.4,67,Breakfast,Sri Lankan,605
f3346,Wheat with mung beans and cucumber,1040.391969,144.7,40.1,29.4,56,Lunch,Sri Lankan,800
f3347,Wheat with chicken and onion,1590.105163,90.7,29.2,122.2,60,Dinner,Sri Lankan,1223
f3348,Rice with fish and carrot,752.6290631,70.6,43,30.8,63,Lunch,Sri Lankan,579
f3349,Millet with beef and tomato,962.4760994,80.9,70.8,36.5,55,Dinner,Sri Lankan,740
f3350,Bread with egg and tomato,1472.275335,92.8,35.7,105.7,53,Lunch,Sri Lankan,1133
f3351,Bread with beef and beans,883.6042065,59.4,50.7,46.3,49,Snack,Sri Lankan,680
f3352,Bread with beef and cabbage,791.8260038,96.9,30.6,29,66,Dinner,Sri Lankan,609
f3353,Bread with tofu and beans,739.9617591,98.3,29.7,22.7,49,Lunch,Sri Lankan,569
f3354,Bread with egg and cucumber,601.5774379,61.7,35,21.3,70,Lunch,Sri Lankan,463
f3355,Rice with mung beans and onion,1414.913958,55.4,34.1,117.5,58,Snack,Sri Lankan,1088
f3356,Millet with lentils and tomato,1410.85086,212.9,34.8,39.3,54,Snack,Sri Lankan,1085
f3357,Rice with tofu and onion,1400.573614,68.8,31.5,110.5,52,Snack,Sri Lankan,1077
f3358,Bread with egg and onion,1172.801147,92,48.5,65.4,60,Snack,Sri Lankan,902
f3359,Wheat with tofu and onion,954.3499044,158.9,30.2,20.1,59,Snack,Sri Lankan,734
f3360,Rice with tofu and cabbage,1265.535373,77.6,17.7,97.3,68,Breakfast,Sri Lankan,973
f3361,Kurakkan with egg and carrot,1327.676864,73.7,42.5,96.5,65,Breakfast,Sri Lankan,1021
f3362,Rice with fish and onion,441.9216061,31.6,42.6,14.2,53,Dinner,Sri Lankan,340
f3363,Kurakkan with beef and beans,1286.328872,10.6,42.4,121,46,Dinner,Sri Lankan,989
f3364,Rice with mung beans and onion,925.4302103,67.1,61.4,46,50,Lunch,Sri Lankan,712
f3365,Kurakkan with lentils and beans,456.0229446,29.8,24.2,25.1,48,Lunch,Sri Lankan,351
f3366,Rice with tofu and carrot,812.6195029,60.1,36,45.1,58,Snack,Sri Lankan,625
f3367,Bread with chicken and onion,793.499044,88.8,58.9,18.1,55,Lunch,Sri Lankan,610
f3368,Bread with lentils and beans,901.7686424,96.5,54.5,30.8,49,Lunch,Sri Lankan,694
f3369,Wheat with chicken and beans,1190.965583,88.9,58.3,64.5,46,Snack,Sri Lankan,916
f3370,Kurakkan with tofu and onion,639.8183556,48.8,51.5,24.1,61,Dinner,Sri Lankan,492
f3371,Kurakkan with fish and cucumber,1048.996176,5.8,33.5,100.4,70,Breakfast,Sri Lankan,807
f3372,Bread with tofu and cucumber,1013.862333,141.8,33.9,32.5,50,Dinner,Sri Lankan,780
f3373,Millet with tofu and tomato,743.0688337,85.8,35,24.7,46,Breakfast,Sri Lankan,572
f3374,Rice with lentils and beans,859.2256214,89.6,50.6,31.5,70,Snack,Sri Lankan,661
f3375,Rice with beef and cucumber,1472.753346,73.1,35.1,115.8,55,Dinner,Sri Lankan,1133
f3376,Millet with beef and cabbage,1547.08413,94,57,102.6,45,Snack,Sri Lankan,1190
f3377,Rice with chicken and tomato,1383.604207,141.4,67.8,59.8,60,Breakfast,Sri Lankan,1064
f3378,Kurakkan with chicken and cucumber,490.2007648,31.6,42.2,18.5,68,Dinner,Sri Lankan,377
f3379,Wheat with chicken and cucumber,1651.290631,101,41.2,120.4,61,Dinner,Sri Lankan,1270
f3380,Bread with beef and tomato,1673.75717,94.6,35.9,128.5,68,Snack,Sri Lankan,1288
f3381,Rice with fish and cucumber,1119.502868,53.7,19.2,92,60,Snack,Sri Lankan,861
f3382,Bread with chicken and cucumber,839.6271511,77.6,36.1,42.1,54,Breakfast,Sri Lankan,646
f3383,Bread with fish and carrot,1007.648184,73.3,50,54.5,63,Snack,Sri Lankan,775
f3384,Millet with tofu and onion,928.7762906,98.7,47.4,36.5,63,Snack,Sri Lankan,714
f3385,Wheat with egg and cucumber,1006.931166,123.3,25.4,44,56,Snack,Sri Lankan,775
f3386,Kurakkan with fish and carrot,1153.919694,15.8,29.1,109.1,62,Breakfast,Sri Lankan,888
f3387,Bread with egg and tomato,1555.688337,75.8,30.4,124.8,59,Breakfast,Sri Lankan,1197
f3388,Bread with egg and beans,1138.384321,182.1,21,35.6,69,Snack,Sri Lankan,876
f3389,Millet with beef and cucumber,1419.694073,184.7,61.1,43.8,69,Breakfast,Sri Lankan,1092
f3390,Rice with lentils and beans,747.6099426,100.9,22.8,27,69,Snack,Sri Lankan,575
f3391,Bread with chicken and cabbage,1154.397706,158.9,39.8,37.7,57,Lunch,Sri Lankan,888
f3392,Bread with tofu and cabbage,1649.378585,98.5,36.9,121.8,58,Dinner,Sri Lankan,1269
f3393,Wheat with fish and beans,752.8680688,78.8,43.3,26.1,62,Breakfast,Sri Lankan,579
f3394,Rice with mung beans and tomato,1378.824092,111,16.5,97,57,Lunch,Sri Lankan,1061
f3395,Wheat with lentils and carrot,1040.152964,131.7,42.6,36.2,62,Dinner,Sri Lankan,800
f3396,Wheat with mung beans and cucumber,911.3288719,127.8,24.6,26.6,54,Breakfast,Sri Lankan,701
f3397,Kurakkan with mung beans and onion,621.1759082,58.7,46.3,21.2,54,Snack,Sri Lankan,478
f3398,Kurakkan with lentils and beans,725.1434034,115.7,15.4,21.2,51,Dinner,Sri Lankan,558
f3399,Millet with chicken and tomato,805.210325,90,40.2,29.3,45,Snack,Sri Lankan,619
f3400,Bread with egg and carrot,867.8298279,55,52.2,46.7,45,Breakfast,Sri Lankan,668
f3401,Bread with chicken and beans,1258.604207,75.2,27.9,93.4,58,Breakfast,Sri Lankan,968
f3402,Millet with mung beans and onion,1060.229446,135.1,48.6,32.8,46,Breakfast,Sri Lankan,816
f3403,Kurakkan with tofu and carrot,943.5946463,154.3,23.9,23.7,61,Snack,Sri Lankan,726
f3404,Wheat with lentils and cucumber,762.1892925,98.3,23.8,26.3,62,Lunch,Sri Lankan,586
f3405,Wheat with egg and beans,597.9923518,96.1,23.5,11.1,53,Dinner,Sri Lankan,460
f3406,Rice with mung beans and beans,429.0152964,66.2,22,7.7,70,Lunch,Sri Lankan,330
f3407,Kurakkan with egg and cucumber,603.7284895,62.2,33.8,23.3,50,Breakfast,Sri Lankan,464
f3408,Rice with egg and cabbage,768.4034417,59.1,57.6,31.9,50,Breakfast,Sri Lankan,591
f3409,Bread with fish and onion,1335.086042,99.4,42.3,84,52,Dinner,Sri Lankan,1027
f3410,Wheat with tofu and beans,728.250478,97.7,41.7,17.9,64,Snack,Sri Lankan,560
f3411,Rice with tofu and tomato,1016.730402,134.7,37,33.9,67,Breakfast,Sri Lankan,782
f3412,Millet with mung beans and beans,1142.208413,26.5,15.5,109.1,60,Breakfast,Sri Lankan,879
f3413,Kurakkan with beef and cabbage,652.9636711,25.2,40.7,40.5,66,Dinner,Sri Lankan,502
f3414,Millet with fish and cabbage,1293.260038,36.7,34.2,113,56,Breakfast,Sri Lankan,995
f3415,Rice with egg and tomato,1905.83174,125.1,32.4,141.9,52,Breakfast,Sri Lankan,1466
f3416,Kurakkan with tofu and carrot,631.6921606,76,19,26.4,70,Dinner,Sri Lankan,486
f3417,Millet with chicken and beans,1679.254302,111.3,40.1,118.1,65,Lunch,Sri Lankan,1292
f3418,Bread with lentils and cabbage,1511.711281,68.1,38.1,120.5,53,Breakfast,Sri Lankan,1163
f3419,Wheat with beef and cucumber,1324.091778,26.9,47.8,114.6,56,Lunch,Sri Lankan,1019
f3420,Bread with lentils and tomato,646.5105163,58.8,39.6,26.3,57,Breakfast,Sri Lankan,497
f3421,Kurakkan with lentils and cabbage,413.4799235,33.6,28.3,16.2,46,Lunch,Sri Lankan,318
f3422,Rice with tofu and cucumber,1953.871893,162.1,22.1,135.6,63,Dinner,Sri Lankan,1503
f3423,Rice with fish and cabbage,1125,74.6,49,68.7,47,Breakfast,Sri Lankan,865
f3424,Rice with chicken and beans,1357.313576,42.4,30,119.4,66,Snack,Sri Lankan,1044
f3425,Bread with chicken and onion,1607.552581,41.4,41.8,142.4,55,Snack,Sri Lankan,1237
f3426,Millet with egg and cabbage,1317.638623,52.4,32.5,108.3,56,Dinner,Sri Lankan,1014
f3427,Millet with fish and onion,896.5105163,111.5,36.4,32.8,58,Breakfast,Sri Lankan,690
f3428,Millet with tofu and beans,1428.059273,111.1,24.5,96.3,56,Breakfast,Sri Lankan,1099
f3429,Rice with tofu and beans,1115.439771,39.8,27.1,94.1,64,Lunch,Sri Lankan,858
f3430,Bread with fish and cucumber,1402.963671,93.1,38.2,97.3,63,Snack,Sri Lankan,1079
f3431,Bread with tofu and cucumber,969.8852772,118.8,36.7,36.6,62,Dinner,Sri Lankan,746
f3432,Wheat with chicken and tomato,1648.900574,89.3,61,110.5,50,Breakfast,Sri Lankan,1268
f3433,Wheat with egg and carrot,1662.284895,109.8,36.1,117.8,57,Lunch,Sri Lankan,1279
f3434,Kurakkan with egg and carrot,1004.541109,8.1,14.8,102.4,59,Snack,Sri Lankan,773
f3435,Kurakkan with egg and cucumber,1281.309751,42.3,16.6,117.2,60,Breakfast,Sri Lankan,986
f3436,Rice with beef and carrot,728.7284895,64.1,41.5,31.9,50,Breakfast,Sri Lankan,561
f3437,Kurakkan with mung beans and carrot,659.8948375,58.2,37.9,29.8,48,Dinner,Sri Lankan,508
f3438,Wheat with mung beans and tomato,725.8604207,76.2,22.6,34.4,48,Lunch,Sri Lankan,558
f3439,Millet with egg and carrot,834.3690249,99.4,28.7,33.8,59,Breakfast,Sri Lankan,642
f3440,Rice with fish and cabbage,717.2562141,60.7,32,37.2,50,Dinner,Sri Lankan,552
f3441,Kurakkan with fish and beans,595.124283,23.3,49.8,33.3,46,Breakfast,Sri Lankan,458
f3442,Wheat with mung beans and onion,1189.292543,176.7,50.7,27.8,49,Lunch,Sri Lankan,915
f3443,Rice with beef and beans,838.6711281,70.7,50.7,39,59,Dinner,Sri Lankan,645
f3444,Rice with beef and cucumber,842.4952199,94.2,65.6,22.4,46,Breakfast,Sri Lankan,648
f3445,Rice with mung beans and carrot,1138.862333,107.4,14.9,71.8,45,Dinner,Sri Lankan,876
f3446,Wheat with egg and carrot,1782.265774,172.2,33.1,106,54,Dinner,Sri Lankan,1371
f3447,Rice with egg and cabbage,897.2275335,132.6,36.2,23.4,56,Lunch,Sri Lankan,690
f3448,Bread with beef and onion,669.4550669,67.3,41.7,24.6,64,Snack,Sri Lankan,515
f3449,Millet with tofu and beans,466.3001912,52.3,18.5,18.7,65,Snack,Sri Lankan,359
f3450,Rice with mung beans and carrot,848.9483748,114.4,22.6,31.9,61,Breakfast,Sri Lankan,653
f3451,Kurakkan with beef and onion,509.3212237,24,37.9,28,49,Dinner,Sri Lankan,392
f3452,Bread with fish and carrot,635.9942639,52.6,41.2,27.4,47,Breakfast,Sri Lankan,489
f3453,Millet with chicken and beans,788.2409178,78.5,75.1,16.6,51,Dinner,Sri Lankan,606
f3454,Wheat with egg and beans,773.1835564,83.8,39.2,28.4,54,Dinner,Sri Lankan,595
f3455,Kurakkan with lentils and tomato,461.7590822,54.2,21.5,14.6,51,Lunch,Sri Lankan,355
f3456,Kurakkan with fish and onion,965.8221797,17.2,22,90.4,69,Dinner,Sri Lankan,743
f3457,Millet with chicken and beans,1112.332696,128.2,44.7,43,54,Dinner,Sri Lankan,856
f3458,Rice with lentils and beans,629.3021033,65.2,39,21.7,50,Dinner,Sri Lankan,484
f3459,Millet with tofu and cucumber,959.6080306,90.6,26.1,52.9,49,Dinner,Sri Lankan,738
f3460,Wheat with beef and cabbage,863.5277247,74.9,56.8,35,53,Snack,Sri Lankan,664
f3461,Kurakkan with egg and onion,1223.709369,25.2,27.4,114,48,Snack,Sri Lankan,941
f3462,Kurakkan with mung beans and beans,244.0248566,9.9,32.2,8.4,50,Breakfast,Sri Lankan,188
f3463,Bread with mung beans and beans,683.7954111,86.4,29.4,22.8,65,Snack,Sri Lankan,526
f3464,Wheat with fish and tomato,799.7131931,83.7,71.2,17.6,68,Dinner,Sri Lankan,615
f3465,Bread with fish and carrot,737.0936902,87.7,33.6,26.6,58,Snack,Sri Lankan,567
f3466,Kurakkan with tofu and carrot,1171.845124,21.4,13.5,115.4,61,Lunch,Sri Lankan,901
f3467,Wheat with egg and cucumber,1445.984704,170.4,69,52.6,52,Snack,Sri Lankan,1112
f3468,Wheat with lentils and cabbage,767.6864245,98.1,31.8,24.1,56,Snack,Sri Lankan,591
f3469,Millet with tofu and cucumber,1411.328872,85.1,19.1,108.9,61,Snack,Sri Lankan,1086
f3470,Rice with tofu and cucumber,588.1931166,35.3,26.8,36.7,46,Dinner,Sri Lankan,452
f3471,Wheat with egg and cucumber,1641.013384,102.4,41.8,117.4,54,Breakfast,Sri Lankan,1262
f3472,Rice with beef and onion,1106.118547,105.5,63.2,47.1,46,Dinner,Sri Lankan,851
f3473,Rice with egg and onion,994.9808795,103.6,37.9,46.6,67,Snack,Sri Lankan,765
f3474,Wheat with lentils and tomato,610.6596558,50.6,52.4,18.7,65,Dinner,Sri Lankan,470
f3475,Bread with mung beans and onion,645.5544933,83.9,43.2,12.6,55,Breakfast,Sri Lankan,497
f3476,Bread with fish and cabbage,927.8202677,87.2,60.2,36.1,52,Breakfast,Sri Lankan,714
f3477,Kurakkan with egg and beans,1418.73805,77.6,23.9,112.9,67,Dinner,Sri Lankan,1091
f3478,Bread with fish and carrot,1337.476099,95.4,38.2,88.2,51,Snack,Sri Lankan,1029
f3479,Rice with tofu and cucumber,741.1567878,73.5,55,23.3,70,Breakfast,Sri Lankan,570
f3480,Wheat with beef and onion,1100.143403,118.1,80.9,30.4,66,Dinner,Sri Lankan,846
f3481,Bread with egg and cabbage,864.7227533,95.4,44.7,31.6,63,Dinner,Sri Lankan,665
f3482,Kurakkan with egg and cabbage,540.8699809,41.1,32.2,25.5,56,Dinner,Sri Lankan,416
f3483,Wheat with lentils and onion,892.6864245,138.7,36.3,17.3,57,Dinner,Sri Lankan,687
f3484,Wheat with egg and tomato,1362.571702,97.3,29,93.7,59,Lunch,Sri Lankan,1048
f3485,Bread with fish and carrot,1046.367113,86.3,66.8,45.3,59,Dinner,Sri Lankan,805
f3486,Rice with fish and carrot,634.7992352,70.3,27.2,25.2,62,Dinner,Sri Lankan,488
f3487,Kurakkan with tofu and onion,1121.175908,9.4,29.7,107,69,Dinner,Sri Lankan,862
f3488,Wheat with egg and cucumber,1000.239006,60.9,62.9,54.8,50,Snack,Sri Lankan,769
f3489,Millet with lentils and tomato,817.1606119,104.1,46.2,20.8,45,Breakfast,Sri Lankan,629
f3490,Millet with beef and beans,659.6558317,88.8,35.1,17.8,64,Dinner,Sri Lankan,507
f3491,Bread with beef and tomato,979.4455067,73.8,65,45.2,70,Lunch,Sri Lankan,753
f3492,Millet with fish and tomato,878.1070746,32.1,61.4,54.5,51,Breakfast,Sri Lankan,675
f3493,Bread with egg and onion,1079.58891,122.6,53.7,39.3,60,Lunch,Sri Lankan,830
f3494,Wheat with chicken and carrot,1747.609943,133.2,43.6,114.4,54,Breakfast,Sri Lankan,1344
f3495,Rice with beef and cabbage,1147.705545,118.2,35.3,57.7,67,Dinner,Sri Lankan,883
f3496,Millet with lentils and onion,725.3824092,97.2,34.3,19.3,52,Snack,Sri Lankan,558
f3497,Kurakkan with egg and tomato,1103.250478,8.5,18.7,112,55,Dinner,Sri Lankan,849
f3498,Rice with chicken and onion,1869.024857,151.6,44.7,119.6,50,Breakfast,Sri Lankan,1438
f3499,Wheat with lentils and cabbage,1078.871893,125.4,44.2,40,49,Breakfast,Sri Lankan,830
